Distance,Position,Node,Technology,RSSI
1,D1,A,BLE,-53
1,D1,A,BLE,-66
1,D1,A,BLE,-50
1,D1,A,BLE,-49
1,D1,A,BLE,-52
1,D1,A,BLE,-68
1,D1,A,BLE,-69
1,D1,A,BLE,-49
1,D1,A,BLE,-67
1,D1,A,BLE,-68
1,D1,A,BLE,-52
1,D1,A,BLE,-52
1,D1,A,BLE,-68
1,D1,A,BLE,-53
1,D1,A,BLE,-66
1,D1,A,BLE,-50
1,D1,A,BLE,-52
1,D1,A,BLE,-53
1,D1,A,BLE,-68
1,D1,A,BLE,-66
1,D1,A,BLE,-68
1,D1,A,BLE,-68
1,D1,A,BLE,-66
1,D1,A,BLE,-65
1,D1,A,BLE,-52
1,D1,A,BLE,-68
1,D1,A,BLE,-52
1,D1,A,BLE,-52
1,D1,A,BLE,-52
1,D1,A,BLE,-66
1,D1,A,BLE,-53
1,D1,A,BLE,-52
1,D1,A,BLE,-52
1,D1,A,BLE,-54
1,D1,A,BLE,-49
1,D1,A,BLE,-66
1,D1,A,BLE,-49
1,D1,A,BLE,-68
1,D1,A,BLE,-51
1,D1,A,BLE,-52
1,D1,A,BLE,-68
1,D1,A,BLE,-70
1,D1,A,BLE,-49
1,D1,A,BLE,-66
1,D1,A,BLE,-52
1,D1,A,BLE,-68
1,D1,A,BLE,-54
1,D1,A,BLE,-54
1,D1,A,BLE,-67
1,D1,A,BLE,-50
1,D1,A,BLE,-52
1,D1,A,BLE,-68
1,D1,A,BLE,-66
1,D1,A,BLE,-69
1,D1,A,BLE,-49
1,D1,A,BLE,-68
1,D1,A,BLE,-70
1,D1,A,BLE,-54
1,D1,A,BLE,-49
1,D1,A,BLE,-49
1,D1,A,BLE,-68
1,D1,A,BLE,-52
1,D1,A,BLE,-68
1,D1,A,BLE,-49
1,D1,A,BLE,-66
1,D1,A,BLE,-50
1,D1,A,BLE,-49
1,D1,A,BLE,-68
1,D1,A,BLE,-66
1,D1,A,BLE,-52
1,D1,A,BLE,-54
1,D1,A,BLE,-68
1,D1,A,BLE,-49
1,D1,A,BLE,-66
1,D1,A,BLE,-68
1,D1,A,BLE,-52
1,D1,A,BLE,-68
1,D1,A,BLE,-49
1,D1,A,BLE,-50
1,D1,A,BLE,-52
1,D1,A,BLE,-54
1,D1,A,BLE,-49
1,D1,A,BLE,-52
1,D1,A,BLE,-68
1,D1,A,BLE,-54
1,D1,A,BLE,-70
1,D1,A,BLE,-54
1,D1,A,BLE,-65
1,D1,A,BLE,-68
1,D1,A,BLE,-49
1,D1,A,BLE,-68
1,D1,A,BLE,-52
1,D1,A,BLE,-50
1,D1,A,BLE,-49
1,D1,A,BLE,-68
1,D1,A,BLE,-70
1,D1,A,BLE,-50
1,D1,A,BLE,-68
1,D1,A,BLE,-54
1,D1,A,BLE,-49
1,D1,A,BLE,-68
1,D1,A,BLE,-54
1,D1,A,LoRaWAN,-24
1,D1,A,LoRaWAN,-23
1,D1,A,LoRaWAN,-24
1,D1,A,LoRaWAN,-24
1,D1,A,LoRaWAN,-24
1,D1,A,LoRaWAN,-23
1,D1,A,LoRaWAN,-23
1,D1,A,LoRaWAN,-23
1,D1,A,LoRaWAN,-24
1,D1,A,LoRaWAN,-23
1,D1,A,LoRaWAN,-25
1,D1,A,LoRaWAN,-24
1,D1,A,LoRaWAN,-24
1,D1,A,LoRaWAN,-24
1,D1,A,LoRaWAN,-24
1,D1,A,LoRaWAN,-25
1,D1,A,LoRaWAN,-24
1,D1,A,LoRaWAN,-24
1,D1,A,LoRaWAN,-24
1,D1,A,LoRaWAN,-25
1,D1,A,LoRaWAN,-24
1,D1,A,LoRaWAN,-25
1,D1,A,LoRaWAN,-24
1,D1,A,LoRaWAN,-24
1,D1,A,LoRaWAN,-23
1,D1,A,LoRaWAN,-24
1,D1,A,LoRaWAN,-24
1,D1,A,LoRaWAN,-25
1,D1,A,LoRaWAN,-25
1,D1,A,LoRaWAN,-24
1,D1,A,LoRaWAN,-24
1,D1,A,LoRaWAN,-24
1,D1,A,LoRaWAN,-24
1,D1,A,LoRaWAN,-24
1,D1,A,LoRaWAN,-24
1,D1,A,LoRaWAN,-24
1,D1,A,LoRaWAN,-25
1,D1,A,LoRaWAN,-24
1,D1,A,LoRaWAN,-24
1,D1,A,LoRaWAN,-24
1,D1,A,LoRaWAN,-24
1,D1,A,LoRaWAN,-24
1,D1,A,LoRaWAN,-25
1,D1,A,LoRaWAN,-24
1,D1,A,LoRaWAN,-25
1,D1,A,LoRaWAN,-24
1,D1,A,LoRaWAN,-24
1,D1,A,LoRaWAN,-24
1,D1,A,LoRaWAN,-24
1,D1,A,LoRaWAN,-24
1,D1,A,LoRaWAN,-24
1,D1,A,LoRaWAN,-24
1,D1,A,LoRaWAN,-24
1,D1,A,LoRaWAN,-25
1,D1,A,LoRaWAN,-24
1,D1,A,LoRaWAN,-25
1,D1,A,LoRaWAN,-24
1,D1,A,LoRaWAN,-24
1,D1,A,LoRaWAN,-24
1,D1,A,LoRaWAN,-24
1,D1,A,LoRaWAN,-24
1,D1,A,LoRaWAN,-24
1,D1,A,LoRaWAN,-24
1,D1,A,LoRaWAN,-24
1,D1,A,LoRaWAN,-24
1,D1,A,LoRaWAN,-24
1,D1,A,LoRaWAN,-24
1,D1,A,LoRaWAN,-24
1,D1,A,LoRaWAN,-24
1,D1,A,LoRaWAN,-25
1,D1,A,LoRaWAN,-24
1,D1,A,LoRaWAN,-25
1,D1,A,LoRaWAN,-25
1,D1,A,LoRaWAN,-24
1,D1,A,LoRaWAN,-24
1,D1,A,LoRaWAN,-24
1,D1,A,LoRaWAN,-24
1,D1,A,LoRaWAN,-24
1,D1,A,LoRaWAN,-24
1,D1,A,LoRaWAN,-24
1,D1,A,LoRaWAN,-24
1,D1,A,LoRaWAN,-24
1,D1,A,LoRaWAN,-24
1,D1,A,LoRaWAN,-24
1,D1,A,LoRaWAN,-24
1,D1,A,LoRaWAN,-24
1,D1,A,LoRaWAN,-24
1,D1,A,LoRaWAN,-23
1,D1,A,LoRaWAN,-24
1,D1,A,LoRaWAN,-25
1,D1,A,LoRaWAN,-24
1,D1,A,LoRaWAN,-24
1,D1,A,LoRaWAN,-24
1,D1,A,LoRaWAN,-25
1,D1,A,LoRaWAN,-24
1,D1,A,LoRaWAN,-24
1,D1,A,LoRaWAN,-24
1,D1,A,LoRaWAN,-23
1,D1,A,LoRaWAN,-23
1,D1,A,LoRaWAN,-24
1,D1,A,LoRaWAN,-23
1,D1,A,LoRaWAN,-25
1,D1,A,LoRaWAN,-24
1,D1,A,LoRaWAN,-24
1,D1,A,LoRaWAN,-24
1,D1,A,LoRaWAN,-25
1,D1,A,WiFi,-43
1,D1,A,WiFi,-45
1,D1,A,WiFi,-44
1,D1,A,WiFi,-45
1,D1,A,WiFi,-43
1,D1,A,WiFi,-43
1,D1,A,WiFi,-47
1,D1,A,WiFi,-45
1,D1,A,WiFi,-45
1,D1,A,WiFi,-46
1,D1,A,WiFi,-47
1,D1,A,WiFi,-44
1,D1,A,WiFi,-47
1,D1,A,WiFi,-47
1,D1,A,WiFi,-47
1,D1,A,WiFi,-45
1,D1,A,WiFi,-49
1,D1,A,WiFi,-44
1,D1,A,WiFi,-43
1,D1,A,WiFi,-46
1,D1,A,WiFi,-43
1,D1,A,WiFi,-47
1,D1,A,WiFi,-44
1,D1,A,WiFi,-46
1,D1,A,WiFi,-46
1,D1,A,WiFi,-44
1,D1,A,WiFi,-47
1,D1,A,WiFi,-47
1,D1,A,WiFi,-47
1,D1,A,WiFi,-47
1,D1,A,WiFi,-47
1,D1,A,WiFi,-43
1,D1,A,WiFi,-43
1,D1,A,WiFi,-46
1,D1,A,WiFi,-45
1,D1,A,WiFi,-44
1,D1,A,WiFi,-47
1,D1,A,WiFi,-47
1,D1,A,WiFi,-44
1,D1,A,WiFi,-46
1,D1,A,WiFi,-47
1,D1,A,WiFi,-46
1,D1,A,WiFi,-45
1,D1,A,WiFi,-46
1,D1,A,WiFi,-43
1,D1,A,WiFi,-43
1,D1,A,WiFi,-44
1,D1,A,WiFi,-47
1,D1,A,WiFi,-44
1,D1,A,WiFi,-45
1,D1,A,WiFi,-46
1,D1,A,WiFi,-44
1,D1,A,WiFi,-42
1,D1,A,WiFi,-46
1,D1,A,WiFi,-47
1,D1,A,WiFi,-44
1,D1,A,WiFi,-44
1,D1,A,WiFi,-45
1,D1,A,WiFi,-44
1,D1,A,WiFi,-47
1,D1,A,WiFi,-46
1,D1,A,WiFi,-48
1,D1,A,WiFi,-47
1,D1,A,WiFi,-46
1,D1,A,WiFi,-46
1,D1,A,WiFi,-47
1,D1,A,WiFi,-47
1,D1,A,WiFi,-43
1,D1,A,WiFi,-44
1,D1,A,WiFi,-46
1,D1,A,WiFi,-46
1,D1,A,WiFi,-43
1,D1,A,WiFi,-46
1,D1,A,WiFi,-43
1,D1,A,WiFi,-45
1,D1,A,WiFi,-45
1,D1,A,WiFi,-43
1,D1,A,WiFi,-44
1,D1,A,WiFi,-45
1,D1,A,WiFi,-44
1,D1,A,WiFi,-46
1,D1,A,WiFi,-43
1,D1,A,WiFi,-46
1,D1,A,WiFi,-43
1,D1,A,WiFi,-46
1,D1,A,WiFi,-45
1,D1,A,WiFi,-46
1,D1,A,WiFi,-45
1,D1,A,WiFi,-46
1,D1,A,WiFi,-44
1,D1,A,WiFi,-44
1,D1,A,WiFi,-43
1,D1,A,WiFi,-44
1,D1,A,WiFi,-45
1,D1,A,WiFi,-46
1,D1,A,WiFi,-45
1,D1,A,WiFi,-46
1,D1,A,WiFi,-43
1,D1,A,WiFi,-43
1,D1,A,WiFi,-42
1,D1,A,WiFi,-43
1,D1,A,WiFi,-45
1,D1,A,WiFi,-44
1,D1,A,WiFi,-46
1,D1,A,WiFi,-45
1,D1,A,WiFi,-46
1,D1,A,WiFi,-47
1,D1,A,Zigbee,-56
1,D1,A,Zigbee,-49
1,D1,A,Zigbee,-49
1,D1,A,Zigbee,-56
1,D1,A,Zigbee,-56
1,D1,A,Zigbee,-56
1,D1,A,Zigbee,-49
1,D1,A,Zigbee,-56
1,D1,A,Zigbee,-56
1,D1,A,Zigbee,-56
1,D1,A,Zigbee,-56
1,D1,A,Zigbee,-49
1,D1,A,Zigbee,-55
1,D1,A,Zigbee,-49
1,D1,A,Zigbee,-49
1,D1,A,Zigbee,-49
1,D1,A,Zigbee,-49
1,D1,A,Zigbee,-49
1,D1,A,Zigbee,-49
1,D1,A,Zigbee,-49
1,D1,A,Zigbee,-49
1,D1,A,Zigbee,-49
1,D1,A,Zigbee,-49
1,D1,A,Zigbee,-49
1,D1,A,Zigbee,-49
1,D1,A,Zigbee,-49
1,D1,A,Zigbee,-49
1,D1,A,Zigbee,-49
1,D1,A,Zigbee,-55
1,D1,A,Zigbee,-49
1,D1,A,Zigbee,-49
1,D1,A,Zigbee,-49
1,D1,A,Zigbee,-49
1,D1,A,Zigbee,-49
1,D1,A,Zigbee,-49
1,D1,A,Zigbee,-49
1,D1,A,Zigbee,-49
1,D1,A,Zigbee,-49
1,D1,A,Zigbee,-49
1,D1,A,Zigbee,-49
1,D1,A,Zigbee,-49
1,D1,A,Zigbee,-49
1,D1,A,Zigbee,-49
1,D1,A,Zigbee,-49
1,D1,A,Zigbee,-49
1,D1,A,Zigbee,-49
1,D1,A,Zigbee,-49
1,D1,A,Zigbee,-49
1,D1,A,Zigbee,-49
1,D1,A,Zigbee,-49
1,D1,A,Zigbee,-49
1,D1,A,Zigbee,-49
1,D1,A,Zigbee,-49
1,D1,A,Zigbee,-49
1,D1,A,Zigbee,-49
1,D1,A,Zigbee,-49
1,D1,A,Zigbee,-49
1,D1,A,Zigbee,-49
1,D1,A,Zigbee,-49
1,D1,A,Zigbee,-49
1,D1,A,Zigbee,-49
1,D1,A,Zigbee,-49
1,D1,A,Zigbee,-49
1,D1,A,Zigbee,-49
1,D1,A,Zigbee,-49
1,D1,A,Zigbee,-49
1,D1,A,Zigbee,-49
1,D1,A,Zigbee,-49
1,D1,A,Zigbee,-49
1,D1,A,Zigbee,-49
1,D1,A,Zigbee,-49
1,D1,A,Zigbee,-49
1,D1,A,Zigbee,-49
1,D1,A,Zigbee,-49
1,D1,A,Zigbee,-49
1,D1,A,Zigbee,-49
1,D1,A,Zigbee,-49
1,D1,A,Zigbee,-49
1,D1,A,Zigbee,-49
1,D1,A,Zigbee,-49
1,D1,A,Zigbee,-49
1,D1,A,Zigbee,-49
1,D1,A,Zigbee,-49
1,D1,A,Zigbee,-49
1,D1,A,Zigbee,-49
1,D1,A,Zigbee,-49
1,D1,A,Zigbee,-49
1,D1,A,Zigbee,-49
1,D1,A,Zigbee,-49
1,D1,A,Zigbee,-49
1,D1,A,Zigbee,-49
1,D1,A,Zigbee,-49
1,D1,A,Zigbee,-49
1,D1,A,Zigbee,-49
1,D1,A,Zigbee,-49
1,D1,A,Zigbee,-49
1,D1,A,Zigbee,-49
1,D1,A,Zigbee,-49
1,D1,A,Zigbee,-49
1,D1,A,Zigbee,-49
1,D1,B,BLE,-62
1,D1,B,BLE,-62
1,D1,B,BLE,-46
1,D1,B,BLE,-49
1,D1,B,BLE,-64
1,D1,B,BLE,-49
1,D1,B,BLE,-48
1,D1,B,BLE,-62
1,D1,B,BLE,-47
1,D1,B,BLE,-47
1,D1,B,BLE,-66
1,D1,B,BLE,-49
1,D1,B,BLE,-48
1,D1,B,BLE,-63
1,D1,B,BLE,-49
1,D1,B,BLE,-49
1,D1,B,BLE,-66
1,D1,B,BLE,-48
1,D1,B,BLE,-48
1,D1,B,BLE,-63
1,D1,B,BLE,-64
1,D1,B,BLE,-49
1,D1,B,BLE,-49
1,D1,B,BLE,-62
1,D1,B,BLE,-47
1,D1,B,BLE,-46
1,D1,B,BLE,-66
1,D1,B,BLE,-49
1,D1,B,BLE,-49
1,D1,B,BLE,-48
1,D1,B,BLE,-62
1,D1,B,BLE,-49
1,D1,B,BLE,-49
1,D1,B,BLE,-48
1,D1,B,BLE,-48
1,D1,B,BLE,-47
1,D1,B,BLE,-63
1,D1,B,BLE,-50
1,D1,B,BLE,-49
1,D1,B,BLE,-66
1,D1,B,BLE,-48
1,D1,B,BLE,-62
1,D1,B,BLE,-48
1,D1,B,BLE,-46
1,D1,B,BLE,-46
1,D1,B,BLE,-64
1,D1,B,BLE,-50
1,D1,B,BLE,-46
1,D1,B,BLE,-49
1,D1,B,BLE,-49
1,D1,B,BLE,-49
1,D1,B,BLE,-49
1,D1,B,BLE,-48
1,D1,B,BLE,-62
1,D1,B,BLE,-46
1,D1,B,BLE,-46
1,D1,B,BLE,-50
1,D1,B,BLE,-66
1,D1,B,BLE,-62
1,D1,B,BLE,-48
1,D1,B,BLE,-46
1,D1,B,BLE,-66
1,D1,B,BLE,-50
1,D1,B,BLE,-49
1,D1,B,BLE,-49
1,D1,B,BLE,-62
1,D1,B,BLE,-48
1,D1,B,BLE,-48
1,D1,B,BLE,-46
1,D1,B,BLE,-63
1,D1,B,BLE,-64
1,D1,B,BLE,-48
1,D1,B,BLE,-62
1,D1,B,BLE,-48
1,D1,B,BLE,-63
1,D1,B,BLE,-48
1,D1,B,BLE,-46
1,D1,B,BLE,-63
1,D1,B,BLE,-49
1,D1,B,BLE,-49
1,D1,B,BLE,-64
1,D1,B,BLE,-48
1,D1,B,BLE,-64
1,D1,B,BLE,-50
1,D1,B,BLE,-50
1,D1,B,BLE,-66
1,D1,B,BLE,-49
1,D1,B,BLE,-66
1,D1,B,BLE,-49
1,D1,B,BLE,-48
1,D1,B,BLE,-46
1,D1,B,BLE,-64
1,D1,B,BLE,-66
1,D1,B,BLE,-48
1,D1,B,BLE,-50
1,D1,B,BLE,-66
1,D1,B,BLE,-66
1,D1,B,BLE,-48
1,D1,B,BLE,-48
1,D1,B,LoRaWAN,-23
1,D1,B,LoRaWAN,-24
1,D1,B,LoRaWAN,-24
1,D1,B,LoRaWAN,-24
1,D1,B,LoRaWAN,-23
1,D1,B,LoRaWAN,-24
1,D1,B,LoRaWAN,-24
1,D1,B,LoRaWAN,-24
1,D1,B,LoRaWAN,-24
1,D1,B,LoRaWAN,-24
1,D1,B,LoRaWAN,-24
1,D1,B,LoRaWAN,-24
1,D1,B,LoRaWAN,-23
1,D1,B,LoRaWAN,-24
1,D1,B,LoRaWAN,-24
1,D1,B,LoRaWAN,-23
1,D1,B,LoRaWAN,-24
1,D1,B,LoRaWAN,-24
1,D1,B,LoRaWAN,-24
1,D1,B,LoRaWAN,-24
1,D1,B,LoRaWAN,-25
1,D1,B,LoRaWAN,-24
1,D1,B,LoRaWAN,-24
1,D1,B,LoRaWAN,-24
1,D1,B,LoRaWAN,-24
1,D1,B,LoRaWAN,-24
1,D1,B,LoRaWAN,-24
1,D1,B,LoRaWAN,-25
1,D1,B,LoRaWAN,-24
1,D1,B,LoRaWAN,-24
1,D1,B,LoRaWAN,-24
1,D1,B,LoRaWAN,-23
1,D1,B,LoRaWAN,-24
1,D1,B,LoRaWAN,-24
1,D1,B,LoRaWAN,-24
1,D1,B,LoRaWAN,-23
1,D1,B,LoRaWAN,-24
1,D1,B,LoRaWAN,-24
1,D1,B,LoRaWAN,-24
1,D1,B,LoRaWAN,-25
1,D1,B,LoRaWAN,-24
1,D1,B,LoRaWAN,-24
1,D1,B,LoRaWAN,-24
1,D1,B,LoRaWAN,-24
1,D1,B,LoRaWAN,-24
1,D1,B,LoRaWAN,-24
1,D1,B,LoRaWAN,-24
1,D1,B,LoRaWAN,-24
1,D1,B,LoRaWAN,-24
1,D1,B,LoRaWAN,-24
1,D1,B,LoRaWAN,-24
1,D1,B,LoRaWAN,-24
1,D1,B,LoRaWAN,-23
1,D1,B,LoRaWAN,-24
1,D1,B,LoRaWAN,-25
1,D1,B,LoRaWAN,-25
1,D1,B,LoRaWAN,-24
1,D1,B,LoRaWAN,-24
1,D1,B,LoRaWAN,-24
1,D1,B,LoRaWAN,-24
1,D1,B,LoRaWAN,-24
1,D1,B,LoRaWAN,-24
1,D1,B,LoRaWAN,-24
1,D1,B,LoRaWAN,-24
1,D1,B,LoRaWAN,-24
1,D1,B,LoRaWAN,-24
1,D1,B,LoRaWAN,-24
1,D1,B,LoRaWAN,-24
1,D1,B,LoRaWAN,-24
1,D1,B,LoRaWAN,-24
1,D1,B,LoRaWAN,-24
1,D1,B,LoRaWAN,-24
1,D1,B,LoRaWAN,-24
1,D1,B,LoRaWAN,-24
1,D1,B,LoRaWAN,-24
1,D1,B,LoRaWAN,-24
1,D1,B,LoRaWAN,-24
1,D1,B,LoRaWAN,-24
1,D1,B,LoRaWAN,-24
1,D1,B,LoRaWAN,-25
1,D1,B,LoRaWAN,-24
1,D1,B,LoRaWAN,-24
1,D1,B,LoRaWAN,-24
1,D1,B,LoRaWAN,-24
1,D1,B,LoRaWAN,-24
1,D1,B,LoRaWAN,-25
1,D1,B,LoRaWAN,-23
1,D1,B,LoRaWAN,-24
1,D1,B,LoRaWAN,-24
1,D1,B,LoRaWAN,-24
1,D1,B,LoRaWAN,-24
1,D1,B,LoRaWAN,-24
1,D1,B,LoRaWAN,-24
1,D1,B,LoRaWAN,-24
1,D1,B,LoRaWAN,-23
1,D1,B,LoRaWAN,-23
1,D1,B,LoRaWAN,-24
1,D1,B,LoRaWAN,-24
1,D1,B,LoRaWAN,-23
1,D1,B,LoRaWAN,-24
1,D1,B,LoRaWAN,-24
1,D1,B,LoRaWAN,-25
1,D1,B,LoRaWAN,-24
1,D1,B,LoRaWAN,-24
1,D1,B,LoRaWAN,-24
1,D1,B,LoRaWAN,-24
1,D1,B,LoRaWAN,-24
1,D1,B,WiFi,-40
1,D1,B,WiFi,-38
1,D1,B,WiFi,-40
1,D1,B,WiFi,-38
1,D1,B,WiFi,-41
1,D1,B,WiFi,-40
1,D1,B,WiFi,-40
1,D1,B,WiFi,-40
1,D1,B,WiFi,-39
1,D1,B,WiFi,-40
1,D1,B,WiFi,-39
1,D1,B,WiFi,-40
1,D1,B,WiFi,-38
1,D1,B,WiFi,-40
1,D1,B,WiFi,-39
1,D1,B,WiFi,-39
1,D1,B,WiFi,-40
1,D1,B,WiFi,-40
1,D1,B,WiFi,-39
1,D1,B,WiFi,-40
1,D1,B,WiFi,-40
1,D1,B,WiFi,-38
1,D1,B,WiFi,-41
1,D1,B,WiFi,-38
1,D1,B,WiFi,-39
1,D1,B,WiFi,-40
1,D1,B,WiFi,-40
1,D1,B,WiFi,-40
1,D1,B,WiFi,-40
1,D1,B,WiFi,-39
1,D1,B,WiFi,-40
1,D1,B,WiFi,-38
1,D1,B,WiFi,-40
1,D1,B,WiFi,-39
1,D1,B,WiFi,-38
1,D1,B,WiFi,-38
1,D1,B,WiFi,-40
1,D1,B,WiFi,-37
1,D1,B,WiFi,-37
1,D1,B,WiFi,-38
1,D1,B,WiFi,-40
1,D1,B,WiFi,-38
1,D1,B,WiFi,-40
1,D1,B,WiFi,-39
1,D1,B,WiFi,-37
1,D1,B,WiFi,-40
1,D1,B,WiFi,-40
1,D1,B,WiFi,-40
1,D1,B,WiFi,-38
1,D1,B,WiFi,-38
1,D1,B,WiFi,-39
1,D1,B,WiFi,-38
1,D1,B,WiFi,-40
1,D1,B,WiFi,-39
1,D1,B,WiFi,-39
1,D1,B,WiFi,-39
1,D1,B,WiFi,-38
1,D1,B,WiFi,-40
1,D1,B,WiFi,-38
1,D1,B,WiFi,-40
1,D1,B,WiFi,-39
1,D1,B,WiFi,-38
1,D1,B,WiFi,-38
1,D1,B,WiFi,-40
1,D1,B,WiFi,-38
1,D1,B,WiFi,-37
1,D1,B,WiFi,-41
1,D1,B,WiFi,-38
1,D1,B,WiFi,-40
1,D1,B,WiFi,-38
1,D1,B,WiFi,-39
1,D1,B,WiFi,-40
1,D1,B,WiFi,-38
1,D1,B,WiFi,-40
1,D1,B,WiFi,-40
1,D1,B,WiFi,-40
1,D1,B,WiFi,-39
1,D1,B,WiFi,-38
1,D1,B,WiFi,-40
1,D1,B,WiFi,-38
1,D1,B,WiFi,-40
1,D1,B,WiFi,-38
1,D1,B,WiFi,-39
1,D1,B,WiFi,-37
1,D1,B,WiFi,-38
1,D1,B,WiFi,-39
1,D1,B,WiFi,-40
1,D1,B,WiFi,-37
1,D1,B,WiFi,-39
1,D1,B,WiFi,-39
1,D1,B,WiFi,-38
1,D1,B,WiFi,-40
1,D1,B,WiFi,-39
1,D1,B,WiFi,-40
1,D1,B,WiFi,-40
1,D1,B,WiFi,-38
1,D1,B,WiFi,-39
1,D1,B,WiFi,-40
1,D1,B,WiFi,-38
1,D1,B,WiFi,-40
1,D1,B,WiFi,-38
1,D1,B,WiFi,-38
1,D1,B,WiFi,-40
1,D1,B,WiFi,-40
1,D1,B,WiFi,-38
1,D1,B,WiFi,-38
1,D1,B,WiFi,-39
1,D1,B,Zigbee,-42
1,D1,B,Zigbee,-42
1,D1,B,Zigbee,-42
1,D1,B,Zigbee,-42
1,D1,B,Zigbee,-42
1,D1,B,Zigbee,-42
1,D1,B,Zigbee,-42
1,D1,B,Zigbee,-42
1,D1,B,Zigbee,-42
1,D1,B,Zigbee,-42
1,D1,B,Zigbee,-42
1,D1,B,Zigbee,-42
1,D1,B,Zigbee,-42
1,D1,B,Zigbee,-42
1,D1,B,Zigbee,-43
1,D1,B,Zigbee,-42
1,D1,B,Zigbee,-42
1,D1,B,Zigbee,-42
1,D1,B,Zigbee,-42
1,D1,B,Zigbee,-42
1,D1,B,Zigbee,-42
1,D1,B,Zigbee,-42
1,D1,B,Zigbee,-42
1,D1,B,Zigbee,-42
1,D1,B,Zigbee,-42
1,D1,B,Zigbee,-42
1,D1,B,Zigbee,-42
1,D1,B,Zigbee,-42
1,D1,B,Zigbee,-42
1,D1,B,Zigbee,-42
1,D1,B,Zigbee,-42
1,D1,B,Zigbee,-42
1,D1,B,Zigbee,-42
1,D1,B,Zigbee,-42
1,D1,B,Zigbee,-42
1,D1,B,Zigbee,-42
1,D1,B,Zigbee,-42
1,D1,B,Zigbee,-42
1,D1,B,Zigbee,-42
1,D1,B,Zigbee,-42
1,D1,B,Zigbee,-42
1,D1,B,Zigbee,-42
1,D1,B,Zigbee,-42
1,D1,B,Zigbee,-42
1,D1,B,Zigbee,-42
1,D1,B,Zigbee,-42
1,D1,B,Zigbee,-42
1,D1,B,Zigbee,-42
1,D1,B,Zigbee,-42
1,D1,B,Zigbee,-42
1,D1,B,Zigbee,-42
1,D1,B,Zigbee,-42
1,D1,B,Zigbee,-42
1,D1,B,Zigbee,-43
1,D1,B,Zigbee,-43
1,D1,B,Zigbee,-42
1,D1,B,Zigbee,-42
1,D1,B,Zigbee,-42
1,D1,B,Zigbee,-42
1,D1,B,Zigbee,-42
1,D1,B,Zigbee,-42
1,D1,B,Zigbee,-42
1,D1,B,Zigbee,-42
1,D1,B,Zigbee,-42
1,D1,B,Zigbee,-42
1,D1,B,Zigbee,-42
1,D1,B,Zigbee,-42
1,D1,B,Zigbee,-42
1,D1,B,Zigbee,-42
1,D1,B,Zigbee,-42
1,D1,B,Zigbee,-42
1,D1,B,Zigbee,-42
1,D1,B,Zigbee,-42
1,D1,B,Zigbee,-42
1,D1,B,Zigbee,-42
1,D1,B,Zigbee,-42
1,D1,B,Zigbee,-42
1,D1,B,Zigbee,-42
1,D1,B,Zigbee,-42
1,D1,B,Zigbee,-42
1,D1,B,Zigbee,-42
1,D1,B,Zigbee,-42
1,D1,B,Zigbee,-42
1,D1,B,Zigbee,-42
1,D1,B,Zigbee,-42
1,D1,B,Zigbee,-42
1,D1,B,Zigbee,-42
1,D1,B,Zigbee,-42
1,D1,B,Zigbee,-42
1,D1,B,Zigbee,-42
1,D1,B,Zigbee,-42
1,D1,B,Zigbee,-42
1,D1,B,Zigbee,-42
1,D1,B,Zigbee,-42
1,D1,B,Zigbee,-42
1,D1,B,Zigbee,-42
1,D1,B,Zigbee,-42
1,D1,B,Zigbee,-42
1,D1,B,Zigbee,-42
1,D1,B,Zigbee,-42
1,D1,B,Zigbee,-42
1,D1,B,Zigbee,-42
1,D1,B,Zigbee,-42
1,D1,B,Zigbee,-42
1,D1,B,Zigbee,-42
1,D1,B,Zigbee,-42
1,D1,B,Zigbee,-42
1,D1,B,Zigbee,-42
1,D1,B,Zigbee,-42
1,D1,B,Zigbee,-42
1,D1,B,Zigbee,-42
1,D1,B,Zigbee,-43
1,D1,B,Zigbee,-42
1,D1,B,Zigbee,-42
1,D1,B,Zigbee,-42
1,D1,C,BLE,-73
1,D1,C,BLE,-78
1,D1,C,BLE,-71
1,D1,C,BLE,-82
1,D1,C,BLE,-68
1,D1,C,BLE,-72
1,D1,C,BLE,-78
1,D1,C,BLE,-61
1,D1,C,BLE,-82
1,D1,C,BLE,-74
1,D1,C,BLE,-62
1,D1,C,BLE,-71
1,D1,C,BLE,-82
1,D1,C,BLE,-68
1,D1,C,BLE,-72
1,D1,C,BLE,-78
1,D1,C,BLE,-71
1,D1,C,BLE,-83
1,D1,C,BLE,-72
1,D1,C,BLE,-62
1,D1,C,BLE,-72
1,D1,C,BLE,-82
1,D1,C,BLE,-72
1,D1,C,BLE,-73
1,D1,C,BLE,-77
1,D1,C,BLE,-70
1,D1,C,BLE,-82
1,D1,C,BLE,-84
1,D1,C,BLE,-61
1,D1,C,BLE,-83
1,D1,C,BLE,-67
1,D1,C,BLE,-84
1,D1,C,BLE,-61
1,D1,C,BLE,-77
1,D1,C,BLE,-70
1,D1,C,BLE,-82
1,D1,C,BLE,-72
1,D1,C,BLE,-77
1,D1,C,BLE,-73
1,D1,C,BLE,-73
1,D1,C,BLE,-61
1,D1,C,BLE,-78
1,D1,C,BLE,-82
1,D1,C,BLE,-67
1,D1,C,BLE,-73
1,D1,C,BLE,-77
1,D1,C,BLE,-59
1,D1,C,BLE,-83
1,D1,C,BLE,-73
1,D1,C,BLE,-61
1,D1,C,BLE,-77
1,D1,C,BLE,-71
1,D1,C,BLE,-84
1,D1,C,BLE,-83
1,D1,C,BLE,-61
1,D1,C,BLE,-61
1,D1,C,BLE,-61
1,D1,C,BLE,-82
1,D1,C,BLE,-73
1,D1,C,BLE,-83
1,D1,C,BLE,-73
1,D1,C,BLE,-61
1,D1,C,BLE,-84
1,D1,C,BLE,-84
1,D1,C,BLE,-73
1,D1,C,BLE,-83
1,D1,C,BLE,-73
1,D1,C,BLE,-82
1,D1,C,BLE,-84
1,D1,C,BLE,-84
1,D1,C,BLE,-70
1,D1,C,BLE,-77
1,D1,C,BLE,-68
1,D1,C,BLE,-77
1,D1,C,BLE,-62
1,D1,C,BLE,-68
1,D1,C,BLE,-71
1,D1,C,BLE,-83
1,D1,C,BLE,-62
1,D1,C,BLE,-77
1,D1,C,BLE,-77
1,D1,C,BLE,-68
1,D1,C,BLE,-71
1,D1,C,BLE,-71
1,D1,C,BLE,-83
1,D1,C,BLE,-73
1,D1,C,BLE,-73
1,D1,C,BLE,-77
1,D1,C,BLE,-68
1,D1,C,BLE,-84
1,D1,C,BLE,-61
1,D1,C,BLE,-77
1,D1,C,BLE,-68
1,D1,C,BLE,-84
1,D1,C,BLE,-76
1,D1,C,BLE,-71
1,D1,C,BLE,-83
1,D1,C,BLE,-67
1,D1,C,BLE,-72
1,D1,C,BLE,-84
1,D1,C,LoRaWAN,-32
1,D1,C,LoRaWAN,-32
1,D1,C,LoRaWAN,-31
1,D1,C,LoRaWAN,-32
1,D1,C,LoRaWAN,-32
1,D1,C,LoRaWAN,-32
1,D1,C,LoRaWAN,-31
1,D1,C,LoRaWAN,-30
1,D1,C,LoRaWAN,-28
1,D1,C,LoRaWAN,-29
1,D1,C,LoRaWAN,-28
1,D1,C,LoRaWAN,-28
1,D1,C,LoRaWAN,-29
1,D1,C,LoRaWAN,-28
1,D1,C,LoRaWAN,-28
1,D1,C,LoRaWAN,-29
1,D1,C,LoRaWAN,-28
1,D1,C,LoRaWAN,-28
1,D1,C,LoRaWAN,-28
1,D1,C,LoRaWAN,-28
1,D1,C,LoRaWAN,-29
1,D1,C,LoRaWAN,-28
1,D1,C,LoRaWAN,-28
1,D1,C,LoRaWAN,-28
1,D1,C,LoRaWAN,-28
1,D1,C,LoRaWAN,-28
1,D1,C,LoRaWAN,-28
1,D1,C,LoRaWAN,-28
1,D1,C,LoRaWAN,-28
1,D1,C,LoRaWAN,-28
1,D1,C,LoRaWAN,-29
1,D1,C,LoRaWAN,-29
1,D1,C,LoRaWAN,-28
1,D1,C,LoRaWAN,-28
1,D1,C,LoRaWAN,-28
1,D1,C,LoRaWAN,-28
1,D1,C,LoRaWAN,-29
1,D1,C,LoRaWAN,-29
1,D1,C,LoRaWAN,-28
1,D1,C,LoRaWAN,-28
1,D1,C,LoRaWAN,-28
1,D1,C,LoRaWAN,-29
1,D1,C,LoRaWAN,-28
1,D1,C,LoRaWAN,-28
1,D1,C,LoRaWAN,-29
1,D1,C,LoRaWAN,-29
1,D1,C,LoRaWAN,-28
1,D1,C,LoRaWAN,-28
1,D1,C,LoRaWAN,-28
1,D1,C,LoRaWAN,-28
1,D1,C,LoRaWAN,-28
1,D1,C,LoRaWAN,-28
1,D1,C,LoRaWAN,-28
1,D1,C,LoRaWAN,-28
1,D1,C,LoRaWAN,-28
1,D1,C,LoRaWAN,-29
1,D1,C,LoRaWAN,-28
1,D1,C,LoRaWAN,-29
1,D1,C,LoRaWAN,-28
1,D1,C,LoRaWAN,-28
1,D1,C,LoRaWAN,-28
1,D1,C,LoRaWAN,-29
1,D1,C,LoRaWAN,-28
1,D1,C,LoRaWAN,-29
1,D1,C,LoRaWAN,-28
1,D1,C,LoRaWAN,-28
1,D1,C,LoRaWAN,-29
1,D1,C,LoRaWAN,-29
1,D1,C,LoRaWAN,-28
1,D1,C,LoRaWAN,-29
1,D1,C,LoRaWAN,-28
1,D1,C,LoRaWAN,-29
1,D1,C,LoRaWAN,-29
1,D1,C,LoRaWAN,-29
1,D1,C,LoRaWAN,-29
1,D1,C,LoRaWAN,-29
1,D1,C,LoRaWAN,-29
1,D1,C,LoRaWAN,-29
1,D1,C,LoRaWAN,-29
1,D1,C,LoRaWAN,-29
1,D1,C,LoRaWAN,-29
1,D1,C,LoRaWAN,-29
1,D1,C,LoRaWAN,-29
1,D1,C,LoRaWAN,-28
1,D1,C,LoRaWAN,-29
1,D1,C,LoRaWAN,-28
1,D1,C,LoRaWAN,-28
1,D1,C,LoRaWAN,-29
1,D1,C,LoRaWAN,-29
1,D1,C,LoRaWAN,-28
1,D1,C,LoRaWAN,-29
1,D1,C,LoRaWAN,-29
1,D1,C,LoRaWAN,-29
1,D1,C,LoRaWAN,-29
1,D1,C,LoRaWAN,-29
1,D1,C,LoRaWAN,-29
1,D1,C,LoRaWAN,-29
1,D1,C,LoRaWAN,-29
1,D1,C,LoRaWAN,-29
1,D1,C,LoRaWAN,-29
1,D1,C,LoRaWAN,-28
1,D1,C,LoRaWAN,-28
1,D1,C,LoRaWAN,-28
1,D1,C,LoRaWAN,-29
1,D1,C,LoRaWAN,-28
1,D1,C,LoRaWAN,-28
1,D1,C,LoRaWAN,-28
1,D1,C,WiFi,-51
1,D1,C,WiFi,-50
1,D1,C,WiFi,-52
1,D1,C,WiFi,-48
1,D1,C,WiFi,-50
1,D1,C,WiFi,-50
1,D1,C,WiFi,-52
1,D1,C,WiFi,-51
1,D1,C,WiFi,-52
1,D1,C,WiFi,-51
1,D1,C,WiFi,-50
1,D1,C,WiFi,-51
1,D1,C,WiFi,-51
1,D1,C,WiFi,-51
1,D1,C,WiFi,-49
1,D1,C,WiFi,-49
1,D1,C,WiFi,-49
1,D1,C,WiFi,-50
1,D1,C,WiFi,-50
1,D1,C,WiFi,-50
1,D1,C,WiFi,-50
1,D1,C,WiFi,-49
1,D1,C,WiFi,-51
1,D1,C,WiFi,-50
1,D1,C,WiFi,-52
1,D1,C,WiFi,-52
1,D1,C,WiFi,-49
1,D1,C,WiFi,-50
1,D1,C,WiFi,-49
1,D1,C,WiFi,-50
1,D1,C,WiFi,-50
1,D1,C,WiFi,-49
1,D1,C,WiFi,-49
1,D1,C,WiFi,-48
1,D1,C,WiFi,-47
1,D1,C,WiFi,-49
1,D1,C,WiFi,-51
1,D1,C,WiFi,-49
1,D1,C,WiFi,-48
1,D1,C,WiFi,-49
1,D1,C,WiFi,-49
1,D1,C,WiFi,-49
1,D1,C,WiFi,-50
1,D1,C,WiFi,-48
1,D1,C,WiFi,-50
1,D1,C,WiFi,-50
1,D1,C,WiFi,-50
1,D1,C,WiFi,-50
1,D1,C,WiFi,-50
1,D1,C,WiFi,-47
1,D1,C,WiFi,-51
1,D1,C,WiFi,-50
1,D1,C,WiFi,-52
1,D1,C,WiFi,-51
1,D1,C,WiFi,-49
1,D1,C,WiFi,-51
1,D1,C,WiFi,-49
1,D1,C,WiFi,-52
1,D1,C,WiFi,-51
1,D1,C,WiFi,-48
1,D1,C,WiFi,-50
1,D1,C,WiFi,-50
1,D1,C,WiFi,-51
1,D1,C,WiFi,-50
1,D1,C,WiFi,-51
1,D1,C,WiFi,-48
1,D1,C,WiFi,-51
1,D1,C,WiFi,-50
1,D1,C,WiFi,-50
1,D1,C,WiFi,-50
1,D1,C,WiFi,-49
1,D1,C,WiFi,-50
1,D1,C,WiFi,-51
1,D1,C,WiFi,-51
1,D1,C,WiFi,-50
1,D1,C,WiFi,-47
1,D1,C,WiFi,-50
1,D1,C,WiFi,-53
1,D1,C,WiFi,-49
1,D1,C,WiFi,-51
1,D1,C,WiFi,-49
1,D1,C,WiFi,-50
1,D1,C,WiFi,-48
1,D1,C,WiFi,-50
1,D1,C,WiFi,-51
1,D1,C,WiFi,-48
1,D1,C,WiFi,-50
1,D1,C,WiFi,-49
1,D1,C,WiFi,-52
1,D1,C,WiFi,-50
1,D1,C,WiFi,-49
1,D1,C,WiFi,-47
1,D1,C,WiFi,-50
1,D1,C,WiFi,-51
1,D1,C,WiFi,-51
1,D1,C,WiFi,-51
1,D1,C,WiFi,-51
1,D1,C,WiFi,-47
1,D1,C,WiFi,-48
1,D1,C,WiFi,-49
1,D1,C,WiFi,-47
1,D1,C,WiFi,-50
1,D1,C,WiFi,-50
1,D1,C,WiFi,-49
1,D1,C,WiFi,-50
1,D1,C,WiFi,-47
1,D1,C,WiFi,-49
1,D1,C,Zigbee,-56
1,D1,C,Zigbee,-56
1,D1,C,Zigbee,-42
1,D1,C,Zigbee,-56
1,D1,C,Zigbee,-55
1,D1,C,Zigbee,-42
1,D1,C,Zigbee,-43
1,D1,C,Zigbee,-42
1,D1,C,Zigbee,-55
1,D1,C,Zigbee,-42
1,D1,C,Zigbee,-42
1,D1,C,Zigbee,-42
1,D1,C,Zigbee,-42
1,D1,C,Zigbee,-42
1,D1,C,Zigbee,-42
1,D1,C,Zigbee,-55
1,D1,C,Zigbee,-55
1,D1,C,Zigbee,-55
1,D1,C,Zigbee,-42
1,D1,C,Zigbee,-55
1,D1,C,Zigbee,-42
1,D1,C,Zigbee,-55
1,D1,C,Zigbee,-55
1,D1,C,Zigbee,-55
1,D1,C,Zigbee,-55
1,D1,C,Zigbee,-55
1,D1,C,Zigbee,-55
1,D1,C,Zigbee,-55
1,D1,C,Zigbee,-55
1,D1,C,Zigbee,-55
1,D1,C,Zigbee,-55
1,D1,C,Zigbee,-42
1,D1,C,Zigbee,-55
1,D1,C,Zigbee,-55
1,D1,C,Zigbee,-55
1,D1,C,Zigbee,-55
1,D1,C,Zigbee,-55
1,D1,C,Zigbee,-55
1,D1,C,Zigbee,-42
1,D1,C,Zigbee,-55
1,D1,C,Zigbee,-55
1,D1,C,Zigbee,-55
1,D1,C,Zigbee,-55
1,D1,C,Zigbee,-55
1,D1,C,Zigbee,-55
1,D1,C,Zigbee,-55
1,D1,C,Zigbee,-55
1,D1,C,Zigbee,-55
1,D1,C,Zigbee,-55
1,D1,C,Zigbee,-55
1,D1,C,Zigbee,-55
1,D1,C,Zigbee,-55
1,D1,C,Zigbee,-55
1,D1,C,Zigbee,-55
1,D1,C,Zigbee,-55
1,D1,C,Zigbee,-55
1,D1,C,Zigbee,-55
1,D1,C,Zigbee,-55
1,D1,C,Zigbee,-55
1,D1,C,Zigbee,-55
1,D1,C,Zigbee,-55
1,D1,C,Zigbee,-55
1,D1,C,Zigbee,-55
1,D1,C,Zigbee,-55
1,D1,C,Zigbee,-55
1,D1,C,Zigbee,-55
1,D1,C,Zigbee,-55
1,D1,C,Zigbee,-55
1,D1,C,Zigbee,-55
1,D1,C,Zigbee,-55
1,D1,C,Zigbee,-42
1,D1,C,Zigbee,-55
1,D1,C,Zigbee,-55
1,D1,C,Zigbee,-55
1,D1,C,Zigbee,-55
1,D1,C,Zigbee,-55
1,D1,C,Zigbee,-55
1,D1,C,Zigbee,-55
1,D1,C,Zigbee,-55
1,D1,C,Zigbee,-55
1,D1,C,Zigbee,-55
1,D1,C,Zigbee,-55
1,D1,C,Zigbee,-55
1,D1,C,Zigbee,-55
1,D1,C,Zigbee,-55
1,D1,C,Zigbee,-55
1,D1,C,Zigbee,-55
1,D1,C,Zigbee,-55
1,D1,C,Zigbee,-55
1,D1,C,Zigbee,-42
1,D1,C,Zigbee,-55
1,D1,C,Zigbee,-55
1,D1,C,Zigbee,-55
1,D1,C,Zigbee,-55
1,D1,C,Zigbee,-55
1,D1,C,Zigbee,-55
1,D1,C,Zigbee,-55
1,D1,C,Zigbee,-55
1,D1,C,Zigbee,-55
1,D1,C,Zigbee,-55
1,D1,C,Zigbee,-55
1,D1,C,Zigbee,-55
1,D1,C,Zigbee,-55
1,D1,C,Zigbee,-55
1,D1,C,Zigbee,-55
1,D2,A,BLE,-53
1,D2,A,BLE,-50
1,D2,A,BLE,-55
1,D2,A,BLE,-72
1,D2,A,BLE,-53
1,D2,A,BLE,-53
1,D2,A,BLE,-50
1,D2,A,BLE,-55
1,D2,A,BLE,-56
1,D2,A,BLE,-50
1,D2,A,BLE,-64
1,D2,A,BLE,-50
1,D2,A,BLE,-50
1,D2,A,BLE,-50
1,D2,A,BLE,-55
1,D2,A,BLE,-72
1,D2,A,BLE,-53
1,D2,A,BLE,-64
1,D2,A,BLE,-66
1,D2,A,BLE,-50
1,D2,A,BLE,-55
1,D2,A,BLE,-72
1,D2,A,BLE,-53
1,D2,A,BLE,-64
1,D2,A,BLE,-55
1,D2,A,BLE,-69
1,D2,A,BLE,-52
1,D2,A,BLE,-71
1,D2,A,BLE,-53
1,D2,A,BLE,-69
1,D2,A,BLE,-50
1,D2,A,BLE,-66
1,D2,A,BLE,-55
1,D2,A,BLE,-55
1,D2,A,BLE,-56
1,D2,A,BLE,-69
1,D2,A,BLE,-53
1,D2,A,BLE,-69
1,D2,A,BLE,-53
1,D2,A,BLE,-64
1,D2,A,BLE,-55
1,D2,A,BLE,-52
1,D2,A,BLE,-65
1,D2,A,BLE,-64
1,D2,A,BLE,-50
1,D2,A,BLE,-55
1,D2,A,BLE,-53
1,D2,A,BLE,-69
1,D2,A,BLE,-53
1,D2,A,BLE,-50
1,D2,A,BLE,-66
1,D2,A,BLE,-53
1,D2,A,BLE,-50
1,D2,A,BLE,-66
1,D2,A,BLE,-56
1,D2,A,BLE,-53
1,D2,A,BLE,-64
1,D2,A,BLE,-50
1,D2,A,BLE,-72
1,D2,A,BLE,-71
1,D2,A,BLE,-55
1,D2,A,BLE,-69
1,D2,A,BLE,-53
1,D2,A,BLE,-64
1,D2,A,BLE,-50
1,D2,A,BLE,-53
1,D2,A,BLE,-69
1,D2,A,BLE,-52
1,D2,A,BLE,-64
1,D2,A,BLE,-50
1,D2,A,BLE,-71
1,D2,A,BLE,-53
1,D2,A,BLE,-50
1,D2,A,BLE,-56
1,D2,A,BLE,-53
1,D2,A,BLE,-64
1,D2,A,BLE,-56
1,D2,A,BLE,-69
1,D2,A,BLE,-50
1,D2,A,BLE,-71
1,D2,A,BLE,-55
1,D2,A,BLE,-69
1,D2,A,BLE,-53
1,D2,A,BLE,-50
1,D2,A,BLE,-71
1,D2,A,BLE,-56
1,D2,A,BLE,-71
1,D2,A,BLE,-52
1,D2,A,BLE,-50
1,D2,A,BLE,-56
1,D2,A,BLE,-55
1,D2,A,BLE,-55
1,D2,A,BLE,-55
1,D2,A,BLE,-56
1,D2,A,BLE,-69
1,D2,A,BLE,-52
1,D2,A,BLE,-66
1,D2,A,BLE,-55
1,D2,A,BLE,-55
1,D2,A,BLE,-50
1,D2,A,BLE,-50
1,D2,A,BLE,-64
1,D2,A,BLE,-52
1,D2,A,LoRaWAN,-25
1,D2,A,LoRaWAN,-25
1,D2,A,LoRaWAN,-25
1,D2,A,LoRaWAN,-25
1,D2,A,LoRaWAN,-25
1,D2,A,LoRaWAN,-25
1,D2,A,LoRaWAN,-25
1,D2,A,LoRaWAN,-25
1,D2,A,LoRaWAN,-25
1,D2,A,LoRaWAN,-25
1,D2,A,LoRaWAN,-25
1,D2,A,LoRaWAN,-25
1,D2,A,LoRaWAN,-25
1,D2,A,LoRaWAN,-26
1,D2,A,LoRaWAN,-25
1,D2,A,LoRaWAN,-26
1,D2,A,LoRaWAN,-25
1,D2,A,LoRaWAN,-25
1,D2,A,LoRaWAN,-25
1,D2,A,LoRaWAN,-25
1,D2,A,LoRaWAN,-26
1,D2,A,LoRaWAN,-25
1,D2,A,LoRaWAN,-25
1,D2,A,LoRaWAN,-25
1,D2,A,LoRaWAN,-25
1,D2,A,LoRaWAN,-25
1,D2,A,LoRaWAN,-25
1,D2,A,LoRaWAN,-25
1,D2,A,LoRaWAN,-25
1,D2,A,LoRaWAN,-25
1,D2,A,LoRaWAN,-25
1,D2,A,LoRaWAN,-25
1,D2,A,LoRaWAN,-25
1,D2,A,LoRaWAN,-26
1,D2,A,LoRaWAN,-25
1,D2,A,LoRaWAN,-25
1,D2,A,LoRaWAN,-25
1,D2,A,LoRaWAN,-25
1,D2,A,LoRaWAN,-25
1,D2,A,LoRaWAN,-25
1,D2,A,LoRaWAN,-25
1,D2,A,LoRaWAN,-25
1,D2,A,LoRaWAN,-25
1,D2,A,LoRaWAN,-25
1,D2,A,LoRaWAN,-25
1,D2,A,LoRaWAN,-25
1,D2,A,LoRaWAN,-25
1,D2,A,LoRaWAN,-25
1,D2,A,LoRaWAN,-25
1,D2,A,LoRaWAN,-26
1,D2,A,LoRaWAN,-26
1,D2,A,LoRaWAN,-25
1,D2,A,LoRaWAN,-25
1,D2,A,LoRaWAN,-26
1,D2,A,LoRaWAN,-25
1,D2,A,LoRaWAN,-25
1,D2,A,LoRaWAN,-26
1,D2,A,LoRaWAN,-25
1,D2,A,LoRaWAN,-26
1,D2,A,LoRaWAN,-25
1,D2,A,LoRaWAN,-25
1,D2,A,LoRaWAN,-25
1,D2,A,LoRaWAN,-25
1,D2,A,LoRaWAN,-25
1,D2,A,LoRaWAN,-26
1,D2,A,LoRaWAN,-26
1,D2,A,LoRaWAN,-25
1,D2,A,LoRaWAN,-25
1,D2,A,LoRaWAN,-26
1,D2,A,LoRaWAN,-26
1,D2,A,LoRaWAN,-25
1,D2,A,LoRaWAN,-26
1,D2,A,LoRaWAN,-25
1,D2,A,LoRaWAN,-25
1,D2,A,LoRaWAN,-25
1,D2,A,LoRaWAN,-25
1,D2,A,LoRaWAN,-25
1,D2,A,LoRaWAN,-25
1,D2,A,LoRaWAN,-25
1,D2,A,LoRaWAN,-25
1,D2,A,LoRaWAN,-25
1,D2,A,LoRaWAN,-25
1,D2,A,LoRaWAN,-25
1,D2,A,LoRaWAN,-25
1,D2,A,LoRaWAN,-25
1,D2,A,LoRaWAN,-25
1,D2,A,LoRaWAN,-25
1,D2,A,LoRaWAN,-25
1,D2,A,LoRaWAN,-25
1,D2,A,LoRaWAN,-25
1,D2,A,LoRaWAN,-25
1,D2,A,LoRaWAN,-25
1,D2,A,LoRaWAN,-26
1,D2,A,LoRaWAN,-25
1,D2,A,LoRaWAN,-25
1,D2,A,LoRaWAN,-25
1,D2,A,LoRaWAN,-25
1,D2,A,LoRaWAN,-25
1,D2,A,LoRaWAN,-25
1,D2,A,LoRaWAN,-25
1,D2,A,LoRaWAN,-25
1,D2,A,LoRaWAN,-25
1,D2,A,LoRaWAN,-25
1,D2,A,LoRaWAN,-25
1,D2,A,LoRaWAN,-25
1,D2,A,LoRaWAN,-25
1,D2,A,WiFi,-42
1,D2,A,WiFi,-41
1,D2,A,WiFi,-41
1,D2,A,WiFi,-43
1,D2,A,WiFi,-40
1,D2,A,WiFi,-46
1,D2,A,WiFi,-43
1,D2,A,WiFi,-44
1,D2,A,WiFi,-41
1,D2,A,WiFi,-41
1,D2,A,WiFi,-43
1,D2,A,WiFi,-43
1,D2,A,WiFi,-38
1,D2,A,WiFi,-42
1,D2,A,WiFi,-43
1,D2,A,WiFi,-41
1,D2,A,WiFi,-40
1,D2,A,WiFi,-43
1,D2,A,WiFi,-43
1,D2,A,WiFi,-41
1,D2,A,WiFi,-40
1,D2,A,WiFi,-43
1,D2,A,WiFi,-42
1,D2,A,WiFi,-40
1,D2,A,WiFi,-39
1,D2,A,WiFi,-40
1,D2,A,WiFi,-40
1,D2,A,WiFi,-42
1,D2,A,WiFi,-43
1,D2,A,WiFi,-43
1,D2,A,WiFi,-40
1,D2,A,WiFi,-41
1,D2,A,WiFi,-43
1,D2,A,WiFi,-40
1,D2,A,WiFi,-43
1,D2,A,WiFi,-41
1,D2,A,WiFi,-42
1,D2,A,WiFi,-43
1,D2,A,WiFi,-42
1,D2,A,WiFi,-41
1,D2,A,WiFi,-43
1,D2,A,WiFi,-43
1,D2,A,WiFi,-43
1,D2,A,WiFi,-40
1,D2,A,WiFi,-42
1,D2,A,WiFi,-40
1,D2,A,WiFi,-41
1,D2,A,WiFi,-43
1,D2,A,WiFi,-42
1,D2,A,WiFi,-40
1,D2,A,WiFi,-43
1,D2,A,WiFi,-42
1,D2,A,WiFi,-41
1,D2,A,WiFi,-41
1,D2,A,WiFi,-42
1,D2,A,WiFi,-42
1,D2,A,WiFi,-40
1,D2,A,WiFi,-40
1,D2,A,WiFi,-42
1,D2,A,WiFi,-40
1,D2,A,WiFi,-42
1,D2,A,WiFi,-41
1,D2,A,WiFi,-43
1,D2,A,WiFi,-43
1,D2,A,WiFi,-42
1,D2,A,WiFi,-42
1,D2,A,WiFi,-38
1,D2,A,WiFi,-40
1,D2,A,WiFi,-43
1,D2,A,WiFi,-41
1,D2,A,WiFi,-41
1,D2,A,WiFi,-41
1,D2,A,WiFi,-43
1,D2,A,WiFi,-42
1,D2,A,WiFi,-42
1,D2,A,WiFi,-43
1,D2,A,WiFi,-41
1,D2,A,WiFi,-43
1,D2,A,WiFi,-43
1,D2,A,WiFi,-41
1,D2,A,WiFi,-42
1,D2,A,WiFi,-43
1,D2,A,WiFi,-41
1,D2,A,WiFi,-41
1,D2,A,WiFi,-42
1,D2,A,WiFi,-42
1,D2,A,WiFi,-43
1,D2,A,WiFi,-43
1,D2,A,WiFi,-43
1,D2,A,WiFi,-41
1,D2,A,WiFi,-40
1,D2,A,WiFi,-40
1,D2,A,WiFi,-43
1,D2,A,WiFi,-41
1,D2,A,WiFi,-40
1,D2,A,WiFi,-41
1,D2,A,WiFi,-39
1,D2,A,WiFi,-42
1,D2,A,WiFi,-43
1,D2,A,WiFi,-42
1,D2,A,WiFi,-42
1,D2,A,WiFi,-43
1,D2,A,WiFi,-43
1,D2,A,WiFi,-42
1,D2,A,WiFi,-41
1,D2,A,WiFi,-41
1,D2,A,Zigbee,-51
1,D2,A,Zigbee,-51
1,D2,A,Zigbee,-51
1,D2,A,Zigbee,-51
1,D2,A,Zigbee,-52
1,D2,A,Zigbee,-51
1,D2,A,Zigbee,-51
1,D2,A,Zigbee,-51
1,D2,A,Zigbee,-51
1,D2,A,Zigbee,-51
1,D2,A,Zigbee,-51
1,D2,A,Zigbee,-51
1,D2,A,Zigbee,-51
1,D2,A,Zigbee,-51
1,D2,A,Zigbee,-51
1,D2,A,Zigbee,-51
1,D2,A,Zigbee,-51
1,D2,A,Zigbee,-51
1,D2,A,Zigbee,-51
1,D2,A,Zigbee,-51
1,D2,A,Zigbee,-51
1,D2,A,Zigbee,-51
1,D2,A,Zigbee,-51
1,D2,A,Zigbee,-51
1,D2,A,Zigbee,-51
1,D2,A,Zigbee,-51
1,D2,A,Zigbee,-51
1,D2,A,Zigbee,-51
1,D2,A,Zigbee,-51
1,D2,A,Zigbee,-51
1,D2,A,Zigbee,-51
1,D2,A,Zigbee,-51
1,D2,A,Zigbee,-51
1,D2,A,Zigbee,-51
1,D2,A,Zigbee,-51
1,D2,A,Zigbee,-51
1,D2,A,Zigbee,-51
1,D2,A,Zigbee,-51
1,D2,A,Zigbee,-51
1,D2,A,Zigbee,-51
1,D2,A,Zigbee,-51
1,D2,A,Zigbee,-51
1,D2,A,Zigbee,-51
1,D2,A,Zigbee,-51
1,D2,A,Zigbee,-51
1,D2,A,Zigbee,-51
1,D2,A,Zigbee,-51
1,D2,A,Zigbee,-51
1,D2,A,Zigbee,-51
1,D2,A,Zigbee,-51
1,D2,A,Zigbee,-51
1,D2,A,Zigbee,-51
1,D2,A,Zigbee,-51
1,D2,A,Zigbee,-51
1,D2,A,Zigbee,-51
1,D2,A,Zigbee,-51
1,D2,A,Zigbee,-51
1,D2,A,Zigbee,-51
1,D2,A,Zigbee,-51
1,D2,A,Zigbee,-51
1,D2,A,Zigbee,-51
1,D2,A,Zigbee,-51
1,D2,A,Zigbee,-51
1,D2,A,Zigbee,-51
1,D2,A,Zigbee,-51
1,D2,A,Zigbee,-51
1,D2,A,Zigbee,-51
1,D2,A,Zigbee,-51
1,D2,A,Zigbee,-51
1,D2,A,Zigbee,-51
1,D2,A,Zigbee,-51
1,D2,A,Zigbee,-51
1,D2,A,Zigbee,-51
1,D2,A,Zigbee,-51
1,D2,A,Zigbee,-51
1,D2,A,Zigbee,-51
1,D2,A,Zigbee,-51
1,D2,A,Zigbee,-51
1,D2,A,Zigbee,-51
1,D2,A,Zigbee,-51
1,D2,A,Zigbee,-51
1,D2,A,Zigbee,-51
1,D2,A,Zigbee,-51
1,D2,A,Zigbee,-51
1,D2,A,Zigbee,-51
1,D2,A,Zigbee,-51
1,D2,A,Zigbee,-51
1,D2,A,Zigbee,-51
1,D2,A,Zigbee,-51
1,D2,A,Zigbee,-51
1,D2,A,Zigbee,-51
1,D2,A,Zigbee,-51
1,D2,A,Zigbee,-51
1,D2,A,Zigbee,-51
1,D2,A,Zigbee,-51
1,D2,A,Zigbee,-51
1,D2,A,Zigbee,-51
1,D2,A,Zigbee,-51
1,D2,A,Zigbee,-51
1,D2,A,Zigbee,-51
1,D2,A,Zigbee,-51
1,D2,A,Zigbee,-51
1,D2,A,Zigbee,-51
1,D2,A,Zigbee,-51
1,D2,A,Zigbee,-51
1,D2,A,Zigbee,-51
1,D2,B,BLE,-69
1,D2,B,BLE,-69
1,D2,B,BLE,-53
1,D2,B,BLE,-67
1,D2,B,BLE,-51
1,D2,B,BLE,-53
1,D2,B,BLE,-70
1,D2,B,BLE,-53
1,D2,B,BLE,-50
1,D2,B,BLE,-53
1,D2,B,BLE,-65
1,D2,B,BLE,-54
1,D2,B,BLE,-53
1,D2,B,BLE,-64
1,D2,B,BLE,-51
1,D2,B,BLE,-51
1,D2,B,BLE,-70
1,D2,B,BLE,-69
1,D2,B,BLE,-53
1,D2,B,BLE,-64
1,D2,B,BLE,-53
1,D2,B,BLE,-70
1,D2,B,BLE,-53
1,D2,B,BLE,-70
1,D2,B,BLE,-51
1,D2,B,BLE,-65
1,D2,B,BLE,-53
1,D2,B,BLE,-53
1,D2,B,BLE,-53
1,D2,B,BLE,-50
1,D2,B,BLE,-54
1,D2,B,BLE,-53
1,D2,B,BLE,-53
1,D2,B,BLE,-53
1,D2,B,BLE,-51
1,D2,B,BLE,-51
1,D2,B,BLE,-53
1,D2,B,BLE,-53
1,D2,B,BLE,-50
1,D2,B,BLE,-50
1,D2,B,BLE,-70
1,D2,B,BLE,-70
1,D2,B,BLE,-53
1,D2,B,BLE,-51
1,D2,B,BLE,-50
1,D2,B,BLE,-70
1,D2,B,BLE,-70
1,D2,B,BLE,-53
1,D2,B,BLE,-53
1,D2,B,BLE,-70
1,D2,B,BLE,-64
1,D2,B,BLE,-53
1,D2,B,BLE,-69
1,D2,B,BLE,-53
1,D2,B,BLE,-53
1,D2,B,BLE,-53
1,D2,B,BLE,-53
1,D2,B,BLE,-51
1,D2,B,BLE,-50
1,D2,B,BLE,-53
1,D2,B,BLE,-70
1,D2,B,BLE,-54
1,D2,B,BLE,-65
1,D2,B,BLE,-53
1,D2,B,BLE,-70
1,D2,B,BLE,-53
1,D2,B,BLE,-70
1,D2,B,BLE,-66
1,D2,B,BLE,-53
1,D2,B,BLE,-70
1,D2,B,BLE,-53
1,D2,B,BLE,-70
1,D2,B,BLE,-69
1,D2,B,BLE,-70
1,D2,B,BLE,-50
1,D2,B,BLE,-50
1,D2,B,BLE,-51
1,D2,B,BLE,-70
1,D2,B,BLE,-70
1,D2,B,BLE,-53
1,D2,B,BLE,-50
1,D2,B,BLE,-70
1,D2,B,BLE,-53
1,D2,B,BLE,-69
1,D2,B,BLE,-53
1,D2,B,BLE,-50
1,D2,B,BLE,-53
1,D2,B,BLE,-53
1,D2,B,BLE,-65
1,D2,B,BLE,-50
1,D2,B,BLE,-53
1,D2,B,BLE,-70
1,D2,B,BLE,-53
1,D2,B,BLE,-53
1,D2,B,BLE,-50
1,D2,B,BLE,-53
1,D2,B,LoRaWAN,-32
1,D2,B,LoRaWAN,-31
1,D2,B,LoRaWAN,-32
1,D2,B,LoRaWAN,-31
1,D2,B,LoRaWAN,-31
1,D2,B,LoRaWAN,-31
1,D2,B,LoRaWAN,-31
1,D2,B,LoRaWAN,-32
1,D2,B,LoRaWAN,-32
1,D2,B,LoRaWAN,-31
1,D2,B,LoRaWAN,-31
1,D2,B,LoRaWAN,-31
1,D2,B,LoRaWAN,-32
1,D2,B,LoRaWAN,-31
1,D2,B,LoRaWAN,-31
1,D2,B,LoRaWAN,-31
1,D2,B,LoRaWAN,-31
1,D2,B,LoRaWAN,-31
1,D2,B,LoRaWAN,-31
1,D2,B,LoRaWAN,-31
1,D2,B,LoRaWAN,-31
1,D2,B,LoRaWAN,-31
1,D2,B,LoRaWAN,-31
1,D2,B,LoRaWAN,-31
1,D2,B,LoRaWAN,-31
1,D2,B,LoRaWAN,-31
1,D2,B,LoRaWAN,-31
1,D2,B,LoRaWAN,-31
1,D2,B,LoRaWAN,-31
1,D2,B,LoRaWAN,-31
1,D2,B,LoRaWAN,-31
1,D2,B,LoRaWAN,-32
1,D2,B,LoRaWAN,-31
1,D2,B,LoRaWAN,-31
1,D2,B,LoRaWAN,-31
1,D2,B,LoRaWAN,-31
1,D2,B,LoRaWAN,-31
1,D2,B,LoRaWAN,-31
1,D2,B,LoRaWAN,-31
1,D2,B,LoRaWAN,-31
1,D2,B,LoRaWAN,-31
1,D2,B,LoRaWAN,-31
1,D2,B,LoRaWAN,-31
1,D2,B,LoRaWAN,-32
1,D2,B,LoRaWAN,-31
1,D2,B,LoRaWAN,-31
1,D2,B,LoRaWAN,-31
1,D2,B,LoRaWAN,-31
1,D2,B,LoRaWAN,-31
1,D2,B,LoRaWAN,-31
1,D2,B,LoRaWAN,-31
1,D2,B,LoRaWAN,-31
1,D2,B,LoRaWAN,-31
1,D2,B,LoRaWAN,-31
1,D2,B,LoRaWAN,-31
1,D2,B,LoRaWAN,-31
1,D2,B,LoRaWAN,-31
1,D2,B,LoRaWAN,-31
1,D2,B,LoRaWAN,-31
1,D2,B,LoRaWAN,-31
1,D2,B,LoRaWAN,-32
1,D2,B,LoRaWAN,-31
1,D2,B,LoRaWAN,-31
1,D2,B,LoRaWAN,-31
1,D2,B,LoRaWAN,-31
1,D2,B,LoRaWAN,-32
1,D2,B,LoRaWAN,-32
1,D2,B,LoRaWAN,-31
1,D2,B,LoRaWAN,-31
1,D2,B,LoRaWAN,-31
1,D2,B,LoRaWAN,-32
1,D2,B,LoRaWAN,-31
1,D2,B,LoRaWAN,-31
1,D2,B,LoRaWAN,-31
1,D2,B,LoRaWAN,-31
1,D2,B,LoRaWAN,-31
1,D2,B,LoRaWAN,-31
1,D2,B,LoRaWAN,-31
1,D2,B,LoRaWAN,-32
1,D2,B,LoRaWAN,-31
1,D2,B,LoRaWAN,-31
1,D2,B,LoRaWAN,-31
1,D2,B,LoRaWAN,-31
1,D2,B,LoRaWAN,-31
1,D2,B,LoRaWAN,-31
1,D2,B,LoRaWAN,-31
1,D2,B,LoRaWAN,-31
1,D2,B,LoRaWAN,-31
1,D2,B,LoRaWAN,-31
1,D2,B,LoRaWAN,-31
1,D2,B,LoRaWAN,-31
1,D2,B,LoRaWAN,-32
1,D2,B,LoRaWAN,-31
1,D2,B,LoRaWAN,-31
1,D2,B,LoRaWAN,-31
1,D2,B,LoRaWAN,-32
1,D2,B,LoRaWAN,-32
1,D2,B,LoRaWAN,-31
1,D2,B,LoRaWAN,-31
1,D2,B,LoRaWAN,-31
1,D2,B,LoRaWAN,-31
1,D2,B,LoRaWAN,-31
1,D2,B,LoRaWAN,-31
1,D2,B,LoRaWAN,-32
1,D2,B,LoRaWAN,-31
1,D2,B,LoRaWAN,-31
1,D2,B,LoRaWAN,-31
1,D2,B,WiFi,-46
1,D2,B,WiFi,-44
1,D2,B,WiFi,-45
1,D2,B,WiFi,-45
1,D2,B,WiFi,-43
1,D2,B,WiFi,-45
1,D2,B,WiFi,-49
1,D2,B,WiFi,-45
1,D2,B,WiFi,-43
1,D2,B,WiFi,-46
1,D2,B,WiFi,-43
1,D2,B,WiFi,-42
1,D2,B,WiFi,-45
1,D2,B,WiFi,-43
1,D2,B,WiFi,-43
1,D2,B,WiFi,-47
1,D2,B,WiFi,-43
1,D2,B,WiFi,-46
1,D2,B,WiFi,-43
1,D2,B,WiFi,-43
1,D2,B,WiFi,-45
1,D2,B,WiFi,-45
1,D2,B,WiFi,-46
1,D2,B,WiFi,-45
1,D2,B,WiFi,-44
1,D2,B,WiFi,-47
1,D2,B,WiFi,-45
1,D2,B,WiFi,-46
1,D2,B,WiFi,-45
1,D2,B,WiFi,-45
1,D2,B,WiFi,-44
1,D2,B,WiFi,-45
1,D2,B,WiFi,-44
1,D2,B,WiFi,-46
1,D2,B,WiFi,-46
1,D2,B,WiFi,-43
1,D2,B,WiFi,-43
1,D2,B,WiFi,-47
1,D2,B,WiFi,-46
1,D2,B,WiFi,-46
1,D2,B,WiFi,-43
1,D2,B,WiFi,-47
1,D2,B,WiFi,-46
1,D2,B,WiFi,-43
1,D2,B,WiFi,-45
1,D2,B,WiFi,-44
1,D2,B,WiFi,-46
1,D2,B,WiFi,-45
1,D2,B,WiFi,-43
1,D2,B,WiFi,-45
1,D2,B,WiFi,-46
1,D2,B,WiFi,-45
1,D2,B,WiFi,-44
1,D2,B,WiFi,-44
1,D2,B,WiFi,-43
1,D2,B,WiFi,-45
1,D2,B,WiFi,-42
1,D2,B,WiFi,-45
1,D2,B,WiFi,-43
1,D2,B,WiFi,-45
1,D2,B,WiFi,-46
1,D2,B,WiFi,-45
1,D2,B,WiFi,-46
1,D2,B,WiFi,-45
1,D2,B,WiFi,-46
1,D2,B,WiFi,-44
1,D2,B,WiFi,-42
1,D2,B,WiFi,-43
1,D2,B,WiFi,-46
1,D2,B,WiFi,-44
1,D2,B,WiFi,-46
1,D2,B,WiFi,-43
1,D2,B,WiFi,-47
1,D2,B,WiFi,-46
1,D2,B,WiFi,-45
1,D2,B,WiFi,-46
1,D2,B,WiFi,-46
1,D2,B,WiFi,-43
1,D2,B,WiFi,-45
1,D2,B,WiFi,-46
1,D2,B,WiFi,-46
1,D2,B,WiFi,-46
1,D2,B,WiFi,-47
1,D2,B,WiFi,-45
1,D2,B,WiFi,-41
1,D2,B,WiFi,-46
1,D2,B,WiFi,-43
1,D2,B,WiFi,-44
1,D2,B,WiFi,-43
1,D2,B,WiFi,-45
1,D2,B,WiFi,-47
1,D2,B,WiFi,-46
1,D2,B,WiFi,-47
1,D2,B,WiFi,-45
1,D2,B,WiFi,-45
1,D2,B,WiFi,-46
1,D2,B,WiFi,-44
1,D2,B,WiFi,-43
1,D2,B,WiFi,-47
1,D2,B,WiFi,-44
1,D2,B,WiFi,-46
1,D2,B,WiFi,-46
1,D2,B,WiFi,-45
1,D2,B,WiFi,-45
1,D2,B,WiFi,-44
1,D2,B,WiFi,-46
1,D2,B,WiFi,-46
1,D2,B,WiFi,-44
1,D2,B,Zigbee,-52
1,D2,B,Zigbee,-52
1,D2,B,Zigbee,-52
1,D2,B,Zigbee,-51
1,D2,B,Zigbee,-52
1,D2,B,Zigbee,-52
1,D2,B,Zigbee,-52
1,D2,B,Zigbee,-52
1,D2,B,Zigbee,-52
1,D2,B,Zigbee,-52
1,D2,B,Zigbee,-52
1,D2,B,Zigbee,-52
1,D2,B,Zigbee,-52
1,D2,B,Zigbee,-52
1,D2,B,Zigbee,-52
1,D2,B,Zigbee,-52
1,D2,B,Zigbee,-52
1,D2,B,Zigbee,-52
1,D2,B,Zigbee,-52
1,D2,B,Zigbee,-52
1,D2,B,Zigbee,-52
1,D2,B,Zigbee,-52
1,D2,B,Zigbee,-52
1,D2,B,Zigbee,-52
1,D2,B,Zigbee,-52
1,D2,B,Zigbee,-52
1,D2,B,Zigbee,-52
1,D2,B,Zigbee,-52
1,D2,B,Zigbee,-52
1,D2,B,Zigbee,-52
1,D2,B,Zigbee,-52
1,D2,B,Zigbee,-52
1,D2,B,Zigbee,-52
1,D2,B,Zigbee,-52
1,D2,B,Zigbee,-52
1,D2,B,Zigbee,-52
1,D2,B,Zigbee,-52
1,D2,B,Zigbee,-52
1,D2,B,Zigbee,-52
1,D2,B,Zigbee,-52
1,D2,B,Zigbee,-52
1,D2,B,Zigbee,-52
1,D2,B,Zigbee,-52
1,D2,B,Zigbee,-52
1,D2,B,Zigbee,-52
1,D2,B,Zigbee,-52
1,D2,B,Zigbee,-52
1,D2,B,Zigbee,-52
1,D2,B,Zigbee,-52
1,D2,B,Zigbee,-52
1,D2,B,Zigbee,-52
1,D2,B,Zigbee,-52
1,D2,B,Zigbee,-52
1,D2,B,Zigbee,-52
1,D2,B,Zigbee,-52
1,D2,B,Zigbee,-52
1,D2,B,Zigbee,-52
1,D2,B,Zigbee,-52
1,D2,B,Zigbee,-52
1,D2,B,Zigbee,-52
1,D2,B,Zigbee,-52
1,D2,B,Zigbee,-52
1,D2,B,Zigbee,-52
1,D2,B,Zigbee,-52
1,D2,B,Zigbee,-52
1,D2,B,Zigbee,-52
1,D2,B,Zigbee,-52
1,D2,B,Zigbee,-52
1,D2,B,Zigbee,-52
1,D2,B,Zigbee,-52
1,D2,B,Zigbee,-52
1,D2,B,Zigbee,-52
1,D2,B,Zigbee,-52
1,D2,B,Zigbee,-52
1,D2,B,Zigbee,-52
1,D2,B,Zigbee,-52
1,D2,B,Zigbee,-52
1,D2,B,Zigbee,-52
1,D2,B,Zigbee,-52
1,D2,B,Zigbee,-52
1,D2,B,Zigbee,-52
1,D2,B,Zigbee,-52
1,D2,B,Zigbee,-52
1,D2,B,Zigbee,-52
1,D2,B,Zigbee,-52
1,D2,B,Zigbee,-52
1,D2,B,Zigbee,-52
1,D2,B,Zigbee,-52
1,D2,B,Zigbee,-52
1,D2,B,Zigbee,-52
1,D2,B,Zigbee,-52
1,D2,B,Zigbee,-52
1,D2,B,Zigbee,-52
1,D2,B,Zigbee,-52
1,D2,B,Zigbee,-52
1,D2,B,Zigbee,-52
1,D2,B,Zigbee,-52
1,D2,B,Zigbee,-52
1,D2,B,Zigbee,-52
1,D2,B,Zigbee,-52
1,D2,B,Zigbee,-52
1,D2,B,Zigbee,-52
1,D2,B,Zigbee,-52
1,D2,B,Zigbee,-52
1,D2,B,Zigbee,-52
1,D2,B,Zigbee,-52
1,D2,B,Zigbee,-52
1,D2,C,BLE,-55
1,D2,C,BLE,-69
1,D2,C,BLE,-71
1,D2,C,BLE,-54
1,D2,C,BLE,-71
1,D2,C,BLE,-72
1,D2,C,BLE,-55
1,D2,C,BLE,-55
1,D2,C,BLE,-54
1,D2,C,BLE,-70
1,D2,C,BLE,-69
1,D2,C,BLE,-55
1,D2,C,BLE,-69
1,D2,C,BLE,-71
1,D2,C,BLE,-54
1,D2,C,BLE,-71
1,D2,C,BLE,-55
1,D2,C,BLE,-55
1,D2,C,BLE,-55
1,D2,C,BLE,-71
1,D2,C,BLE,-71
1,D2,C,BLE,-55
1,D2,C,BLE,-55
1,D2,C,BLE,-54
1,D2,C,BLE,-70
1,D2,C,BLE,-55
1,D2,C,BLE,-55
1,D2,C,BLE,-71
1,D2,C,BLE,-54
1,D2,C,BLE,-55
1,D2,C,BLE,-53
1,D2,C,BLE,-71
1,D2,C,BLE,-55
1,D2,C,BLE,-55
1,D2,C,BLE,-55
1,D2,C,BLE,-55
1,D2,C,BLE,-55
1,D2,C,BLE,-53
1,D2,C,BLE,-53
1,D2,C,BLE,-72
1,D2,C,BLE,-55
1,D2,C,BLE,-53
1,D2,C,BLE,-71
1,D2,C,BLE,-55
1,D2,C,BLE,-55
1,D2,C,BLE,-70
1,D2,C,BLE,-53
1,D2,C,BLE,-71
1,D2,C,BLE,-55
1,D2,C,BLE,-72
1,D2,C,BLE,-56
1,D2,C,BLE,-69
1,D2,C,BLE,-54
1,D2,C,BLE,-70
1,D2,C,BLE,-55
1,D2,C,BLE,-55
1,D2,C,BLE,-69
1,D2,C,BLE,-55
1,D2,C,BLE,-55
1,D2,C,BLE,-53
1,D2,C,BLE,-71
1,D2,C,BLE,-55
1,D2,C,BLE,-55
1,D2,C,BLE,-55
1,D2,C,BLE,-69
1,D2,C,BLE,-55
1,D2,C,BLE,-70
1,D2,C,BLE,-53
1,D2,C,BLE,-71
1,D2,C,BLE,-55
1,D2,C,BLE,-69
1,D2,C,BLE,-53
1,D2,C,BLE,-55
1,D2,C,BLE,-55
1,D2,C,BLE,-70
1,D2,C,BLE,-70
1,D2,C,BLE,-71
1,D2,C,BLE,-53
1,D2,C,BLE,-55
1,D2,C,BLE,-55
1,D2,C,BLE,-55
1,D2,C,BLE,-69
1,D2,C,BLE,-55
1,D2,C,BLE,-55
1,D2,C,BLE,-71
1,D2,C,BLE,-71
1,D2,C,BLE,-55
1,D2,C,BLE,-55
1,D2,C,BLE,-55
1,D2,C,BLE,-55
1,D2,C,BLE,-53
1,D2,C,BLE,-55
1,D2,C,BLE,-71
1,D2,C,BLE,-55
1,D2,C,BLE,-71
1,D2,C,BLE,-55
1,D2,C,BLE,-55
1,D2,C,BLE,-71
1,D2,C,BLE,-55
1,D2,C,BLE,-70
1,D2,C,BLE,-55
1,D2,C,BLE,-55
1,D2,C,LoRaWAN,-27
1,D2,C,LoRaWAN,-29
1,D2,C,LoRaWAN,-28
1,D2,C,LoRaWAN,-27
1,D2,C,LoRaWAN,-28
1,D2,C,LoRaWAN,-29
1,D2,C,LoRaWAN,-29
1,D2,C,LoRaWAN,-29
1,D2,C,LoRaWAN,-28
1,D2,C,LoRaWAN,-28
1,D2,C,LoRaWAN,-29
1,D2,C,LoRaWAN,-28
1,D2,C,LoRaWAN,-28
1,D2,C,LoRaWAN,-28
1,D2,C,LoRaWAN,-28
1,D2,C,LoRaWAN,-29
1,D2,C,LoRaWAN,-28
1,D2,C,LoRaWAN,-28
1,D2,C,LoRaWAN,-29
1,D2,C,LoRaWAN,-28
1,D2,C,LoRaWAN,-29
1,D2,C,LoRaWAN,-28
1,D2,C,LoRaWAN,-28
1,D2,C,LoRaWAN,-29
1,D2,C,LoRaWAN,-28
1,D2,C,LoRaWAN,-29
1,D2,C,LoRaWAN,-29
1,D2,C,LoRaWAN,-28
1,D2,C,LoRaWAN,-29
1,D2,C,LoRaWAN,-28
1,D2,C,LoRaWAN,-29
1,D2,C,LoRaWAN,-28
1,D2,C,LoRaWAN,-28
1,D2,C,LoRaWAN,-29
1,D2,C,LoRaWAN,-28
1,D2,C,LoRaWAN,-28
1,D2,C,LoRaWAN,-28
1,D2,C,LoRaWAN,-29
1,D2,C,LoRaWAN,-28
1,D2,C,LoRaWAN,-28
1,D2,C,LoRaWAN,-29
1,D2,C,LoRaWAN,-29
1,D2,C,LoRaWAN,-29
1,D2,C,LoRaWAN,-29
1,D2,C,LoRaWAN,-29
1,D2,C,LoRaWAN,-28
1,D2,C,LoRaWAN,-29
1,D2,C,LoRaWAN,-28
1,D2,C,LoRaWAN,-28
1,D2,C,LoRaWAN,-29
1,D2,C,LoRaWAN,-28
1,D2,C,LoRaWAN,-28
1,D2,C,LoRaWAN,-28
1,D2,C,LoRaWAN,-28
1,D2,C,LoRaWAN,-29
1,D2,C,LoRaWAN,-28
1,D2,C,LoRaWAN,-28
1,D2,C,LoRaWAN,-28
1,D2,C,LoRaWAN,-29
1,D2,C,LoRaWAN,-28
1,D2,C,LoRaWAN,-28
1,D2,C,LoRaWAN,-28
1,D2,C,LoRaWAN,-28
1,D2,C,LoRaWAN,-28
1,D2,C,LoRaWAN,-28
1,D2,C,LoRaWAN,-28
1,D2,C,LoRaWAN,-29
1,D2,C,LoRaWAN,-29
1,D2,C,LoRaWAN,-28
1,D2,C,LoRaWAN,-28
1,D2,C,LoRaWAN,-29
1,D2,C,LoRaWAN,-29
1,D2,C,LoRaWAN,-28
1,D2,C,LoRaWAN,-29
1,D2,C,LoRaWAN,-29
1,D2,C,LoRaWAN,-29
1,D2,C,LoRaWAN,-28
1,D2,C,LoRaWAN,-28
1,D2,C,LoRaWAN,-29
1,D2,C,LoRaWAN,-29
1,D2,C,LoRaWAN,-28
1,D2,C,LoRaWAN,-28
1,D2,C,LoRaWAN,-28
1,D2,C,LoRaWAN,-28
1,D2,C,LoRaWAN,-28
1,D2,C,LoRaWAN,-29
1,D2,C,LoRaWAN,-28
1,D2,C,LoRaWAN,-28
1,D2,C,LoRaWAN,-29
1,D2,C,LoRaWAN,-28
1,D2,C,LoRaWAN,-28
1,D2,C,LoRaWAN,-28
1,D2,C,LoRaWAN,-28
1,D2,C,LoRaWAN,-28
1,D2,C,LoRaWAN,-28
1,D2,C,LoRaWAN,-28
1,D2,C,LoRaWAN,-28
1,D2,C,LoRaWAN,-29
1,D2,C,LoRaWAN,-28
1,D2,C,LoRaWAN,-28
1,D2,C,LoRaWAN,-28
1,D2,C,LoRaWAN,-28
1,D2,C,LoRaWAN,-28
1,D2,C,LoRaWAN,-28
1,D2,C,LoRaWAN,-28
1,D2,C,LoRaWAN,-28
1,D2,C,LoRaWAN,-28
1,D2,C,WiFi,-45
1,D2,C,WiFi,-47
1,D2,C,WiFi,-49
1,D2,C,WiFi,-45
1,D2,C,WiFi,-47
1,D2,C,WiFi,-49
1,D2,C,WiFi,-48
1,D2,C,WiFi,-46
1,D2,C,WiFi,-47
1,D2,C,WiFi,-48
1,D2,C,WiFi,-47
1,D2,C,WiFi,-48
1,D2,C,WiFi,-45
1,D2,C,WiFi,-48
1,D2,C,WiFi,-48
1,D2,C,WiFi,-48
1,D2,C,WiFi,-47
1,D2,C,WiFi,-48
1,D2,C,WiFi,-48
1,D2,C,WiFi,-47
1,D2,C,WiFi,-46
1,D2,C,WiFi,-49
1,D2,C,WiFi,-48
1,D2,C,WiFi,-45
1,D2,C,WiFi,-49
1,D2,C,WiFi,-48
1,D2,C,WiFi,-45
1,D2,C,WiFi,-48
1,D2,C,WiFi,-48
1,D2,C,WiFi,-48
1,D2,C,WiFi,-48
1,D2,C,WiFi,-47
1,D2,C,WiFi,-46
1,D2,C,WiFi,-46
1,D2,C,WiFi,-46
1,D2,C,WiFi,-48
1,D2,C,WiFi,-46
1,D2,C,WiFi,-46
1,D2,C,WiFi,-45
1,D2,C,WiFi,-47
1,D2,C,WiFi,-46
1,D2,C,WiFi,-47
1,D2,C,WiFi,-47
1,D2,C,WiFi,-47
1,D2,C,WiFi,-46
1,D2,C,WiFi,-49
1,D2,C,WiFi,-45
1,D2,C,WiFi,-48
1,D2,C,WiFi,-45
1,D2,C,WiFi,-45
1,D2,C,WiFi,-48
1,D2,C,WiFi,-48
1,D2,C,WiFi,-48
1,D2,C,WiFi,-45
1,D2,C,WiFi,-47
1,D2,C,WiFi,-47
1,D2,C,WiFi,-48
1,D2,C,WiFi,-47
1,D2,C,WiFi,-46
1,D2,C,WiFi,-48
1,D2,C,WiFi,-47
1,D2,C,WiFi,-45
1,D2,C,WiFi,-45
1,D2,C,WiFi,-49
1,D2,C,WiFi,-48
1,D2,C,WiFi,-47
1,D2,C,WiFi,-45
1,D2,C,WiFi,-47
1,D2,C,WiFi,-47
1,D2,C,WiFi,-44
1,D2,C,WiFi,-46
1,D2,C,WiFi,-46
1,D2,C,WiFi,-46
1,D2,C,WiFi,-48
1,D2,C,WiFi,-48
1,D2,C,WiFi,-46
1,D2,C,WiFi,-46
1,D2,C,WiFi,-47
1,D2,C,WiFi,-45
1,D2,C,WiFi,-48
1,D2,C,WiFi,-47
1,D2,C,WiFi,-45
1,D2,C,WiFi,-47
1,D2,C,WiFi,-47
1,D2,C,WiFi,-48
1,D2,C,WiFi,-48
1,D2,C,WiFi,-46
1,D2,C,WiFi,-46
1,D2,C,WiFi,-47
1,D2,C,WiFi,-48
1,D2,C,WiFi,-45
1,D2,C,WiFi,-48
1,D2,C,WiFi,-45
1,D2,C,WiFi,-45
1,D2,C,WiFi,-46
1,D2,C,WiFi,-44
1,D2,C,WiFi,-46
1,D2,C,WiFi,-48
1,D2,C,WiFi,-43
1,D2,C,WiFi,-49
1,D2,C,WiFi,-45
1,D2,C,WiFi,-43
1,D2,C,WiFi,-46
1,D2,C,WiFi,-45
1,D2,C,WiFi,-49
1,D2,C,WiFi,-48
1,D2,C,WiFi,-47
1,D2,C,Zigbee,-48
1,D2,C,Zigbee,-48
1,D2,C,Zigbee,-48
1,D2,C,Zigbee,-48
1,D2,C,Zigbee,-48
1,D2,C,Zigbee,-48
1,D2,C,Zigbee,-48
1,D2,C,Zigbee,-48
1,D2,C,Zigbee,-48
1,D2,C,Zigbee,-48
1,D2,C,Zigbee,-48
1,D2,C,Zigbee,-48
1,D2,C,Zigbee,-48
1,D2,C,Zigbee,-48
1,D2,C,Zigbee,-48
1,D2,C,Zigbee,-48
1,D2,C,Zigbee,-48
1,D2,C,Zigbee,-48
1,D2,C,Zigbee,-48
1,D2,C,Zigbee,-48
1,D2,C,Zigbee,-48
1,D2,C,Zigbee,-48
1,D2,C,Zigbee,-48
1,D2,C,Zigbee,-48
1,D2,C,Zigbee,-48
1,D2,C,Zigbee,-48
1,D2,C,Zigbee,-48
1,D2,C,Zigbee,-48
1,D2,C,Zigbee,-48
1,D2,C,Zigbee,-48
1,D2,C,Zigbee,-48
1,D2,C,Zigbee,-48
1,D2,C,Zigbee,-48
1,D2,C,Zigbee,-48
1,D2,C,Zigbee,-48
1,D2,C,Zigbee,-48
1,D2,C,Zigbee,-48
1,D2,C,Zigbee,-48
1,D2,C,Zigbee,-48
1,D2,C,Zigbee,-48
1,D2,C,Zigbee,-48
1,D2,C,Zigbee,-48
1,D2,C,Zigbee,-48
1,D2,C,Zigbee,-48
1,D2,C,Zigbee,-48
1,D2,C,Zigbee,-48
1,D2,C,Zigbee,-48
1,D2,C,Zigbee,-48
1,D2,C,Zigbee,-48
1,D2,C,Zigbee,-48
1,D2,C,Zigbee,-48
1,D2,C,Zigbee,-48
1,D2,C,Zigbee,-48
1,D2,C,Zigbee,-48
1,D2,C,Zigbee,-48
1,D2,C,Zigbee,-48
1,D2,C,Zigbee,-48
1,D2,C,Zigbee,-48
1,D2,C,Zigbee,-48
1,D2,C,Zigbee,-48
1,D2,C,Zigbee,-48
1,D2,C,Zigbee,-48
1,D2,C,Zigbee,-48
1,D2,C,Zigbee,-48
1,D2,C,Zigbee,-48
1,D2,C,Zigbee,-47
1,D2,C,Zigbee,-48
1,D2,C,Zigbee,-48
1,D2,C,Zigbee,-48
1,D2,C,Zigbee,-48
1,D2,C,Zigbee,-48
1,D2,C,Zigbee,-48
1,D2,C,Zigbee,-48
1,D2,C,Zigbee,-48
1,D2,C,Zigbee,-48
1,D2,C,Zigbee,-48
1,D2,C,Zigbee,-48
1,D2,C,Zigbee,-48
1,D2,C,Zigbee,-48
1,D2,C,Zigbee,-48
1,D2,C,Zigbee,-48
1,D2,C,Zigbee,-48
1,D2,C,Zigbee,-48
1,D2,C,Zigbee,-48
1,D2,C,Zigbee,-48
1,D2,C,Zigbee,-48
1,D2,C,Zigbee,-48
1,D2,C,Zigbee,-48
1,D2,C,Zigbee,-48
1,D2,C,Zigbee,-48
1,D2,C,Zigbee,-48
1,D2,C,Zigbee,-48
1,D2,C,Zigbee,-48
1,D2,C,Zigbee,-48
1,D2,C,Zigbee,-48
1,D2,C,Zigbee,-48
1,D2,C,Zigbee,-48
1,D2,C,Zigbee,-48
1,D2,C,Zigbee,-48
1,D2,C,Zigbee,-48
1,D2,C,Zigbee,-48
1,D2,C,Zigbee,-48
1,D2,C,Zigbee,-48
1,D2,C,Zigbee,-48
1,D2,C,Zigbee,-48
1,D2,C,Zigbee,-48
1,D2,C,Zigbee,-48
1,D3,A,BLE,-50
1,D3,A,BLE,-50
1,D3,A,BLE,-51
1,D3,A,BLE,-52
1,D3,A,BLE,-52
1,D3,A,BLE,-67
1,D3,A,BLE,-50
1,D3,A,BLE,-50
1,D3,A,BLE,-68
1,D3,A,BLE,-51
1,D3,A,BLE,-50
1,D3,A,BLE,-50
1,D3,A,BLE,-68
1,D3,A,BLE,-52
1,D3,A,BLE,-67
1,D3,A,BLE,-50
1,D3,A,BLE,-68
1,D3,A,BLE,-52
1,D3,A,BLE,-65
1,D3,A,BLE,-50
1,D3,A,BLE,-67
1,D3,A,BLE,-51
1,D3,A,BLE,-52
1,D3,A,BLE,-67
1,D3,A,BLE,-51
1,D3,A,BLE,-66
1,D3,A,BLE,-51
1,D3,A,BLE,-50
1,D3,A,BLE,-68
1,D3,A,BLE,-51
1,D3,A,BLE,-51
1,D3,A,BLE,-51
1,D3,A,BLE,-65
1,D3,A,BLE,-50
1,D3,A,BLE,-67
1,D3,A,BLE,-66
1,D3,A,BLE,-51
1,D3,A,BLE,-50
1,D3,A,BLE,-52
1,D3,A,BLE,-68
1,D3,A,BLE,-52
1,D3,A,BLE,-52
1,D3,A,BLE,-66
1,D3,A,BLE,-51
1,D3,A,BLE,-65
1,D3,A,BLE,-51
1,D3,A,BLE,-51
1,D3,A,BLE,-67
1,D3,A,BLE,-50
1,D3,A,BLE,-52
1,D3,A,BLE,-65
1,D3,A,BLE,-67
1,D3,A,BLE,-51
1,D3,A,BLE,-52
1,D3,A,BLE,-51
1,D3,A,BLE,-51
1,D3,A,BLE,-67
1,D3,A,BLE,-51
1,D3,A,BLE,-50
1,D3,A,BLE,-50
1,D3,A,BLE,-52
1,D3,A,BLE,-68
1,D3,A,BLE,-52
1,D3,A,BLE,-52
1,D3,A,BLE,-51
1,D3,A,BLE,-66
1,D3,A,BLE,-52
1,D3,A,BLE,-52
1,D3,A,BLE,-50
1,D3,A,BLE,-67
1,D3,A,BLE,-50
1,D3,A,BLE,-52
1,D3,A,BLE,-51
1,D3,A,BLE,-52
1,D3,A,BLE,-51
1,D3,A,BLE,-51
1,D3,A,BLE,-52
1,D3,A,BLE,-67
1,D3,A,BLE,-50
1,D3,A,BLE,-51
1,D3,A,BLE,-50
1,D3,A,BLE,-52
1,D3,A,BLE,-52
1,D3,A,BLE,-51
1,D3,A,BLE,-67
1,D3,A,BLE,-50
1,D3,A,BLE,-51
1,D3,A,BLE,-51
1,D3,A,BLE,-50
1,D3,A,BLE,-51
1,D3,A,BLE,-51
1,D3,A,BLE,-67
1,D3,A,BLE,-65
1,D3,A,BLE,-67
1,D3,A,BLE,-50
1,D3,A,BLE,-68
1,D3,A,BLE,-51
1,D3,A,BLE,-52
1,D3,A,BLE,-51
1,D3,A,BLE,-51
1,D3,A,BLE,-67
1,D3,A,BLE,-50
1,D3,A,BLE,-51
1,D3,A,LoRaWAN,-25
1,D3,A,LoRaWAN,-25
1,D3,A,LoRaWAN,-25
1,D3,A,LoRaWAN,-25
1,D3,A,LoRaWAN,-25
1,D3,A,LoRaWAN,-25
1,D3,A,LoRaWAN,-24
1,D3,A,LoRaWAN,-24
1,D3,A,LoRaWAN,-25
1,D3,A,LoRaWAN,-24
1,D3,A,LoRaWAN,-25
1,D3,A,LoRaWAN,-24
1,D3,A,LoRaWAN,-25
1,D3,A,LoRaWAN,-25
1,D3,A,LoRaWAN,-24
1,D3,A,LoRaWAN,-25
1,D3,A,LoRaWAN,-24
1,D3,A,LoRaWAN,-24
1,D3,A,LoRaWAN,-24
1,D3,A,LoRaWAN,-24
1,D3,A,LoRaWAN,-24
1,D3,A,LoRaWAN,-24
1,D3,A,LoRaWAN,-24
1,D3,A,LoRaWAN,-24
1,D3,A,LoRaWAN,-24
1,D3,A,LoRaWAN,-24
1,D3,A,LoRaWAN,-24
1,D3,A,LoRaWAN,-24
1,D3,A,LoRaWAN,-24
1,D3,A,LoRaWAN,-24
1,D3,A,LoRaWAN,-25
1,D3,A,LoRaWAN,-24
1,D3,A,LoRaWAN,-24
1,D3,A,LoRaWAN,-24
1,D3,A,LoRaWAN,-24
1,D3,A,LoRaWAN,-24
1,D3,A,LoRaWAN,-24
1,D3,A,LoRaWAN,-24
1,D3,A,LoRaWAN,-24
1,D3,A,LoRaWAN,-24
1,D3,A,LoRaWAN,-24
1,D3,A,LoRaWAN,-24
1,D3,A,LoRaWAN,-24
1,D3,A,LoRaWAN,-24
1,D3,A,LoRaWAN,-24
1,D3,A,LoRaWAN,-24
1,D3,A,LoRaWAN,-24
1,D3,A,LoRaWAN,-24
1,D3,A,LoRaWAN,-24
1,D3,A,LoRaWAN,-24
1,D3,A,LoRaWAN,-24
1,D3,A,LoRaWAN,-24
1,D3,A,LoRaWAN,-24
1,D3,A,LoRaWAN,-24
1,D3,A,LoRaWAN,-25
1,D3,A,LoRaWAN,-24
1,D3,A,LoRaWAN,-24
1,D3,A,LoRaWAN,-24
1,D3,A,LoRaWAN,-24
1,D3,A,LoRaWAN,-24
1,D3,A,LoRaWAN,-24
1,D3,A,LoRaWAN,-25
1,D3,A,LoRaWAN,-24
1,D3,A,LoRaWAN,-24
1,D3,A,LoRaWAN,-24
1,D3,A,LoRaWAN,-24
1,D3,A,LoRaWAN,-24
1,D3,A,LoRaWAN,-25
1,D3,A,LoRaWAN,-24
1,D3,A,LoRaWAN,-25
1,D3,A,LoRaWAN,-25
1,D3,A,LoRaWAN,-25
1,D3,A,LoRaWAN,-25
1,D3,A,LoRaWAN,-24
1,D3,A,LoRaWAN,-24
1,D3,A,LoRaWAN,-25
1,D3,A,LoRaWAN,-25
1,D3,A,LoRaWAN,-24
1,D3,A,LoRaWAN,-25
1,D3,A,LoRaWAN,-24
1,D3,A,LoRaWAN,-24
1,D3,A,LoRaWAN,-24
1,D3,A,LoRaWAN,-24
1,D3,A,LoRaWAN,-24
1,D3,A,LoRaWAN,-24
1,D3,A,LoRaWAN,-25
1,D3,A,LoRaWAN,-24
1,D3,A,LoRaWAN,-25
1,D3,A,LoRaWAN,-25
1,D3,A,LoRaWAN,-25
1,D3,A,LoRaWAN,-25
1,D3,A,LoRaWAN,-24
1,D3,A,LoRaWAN,-24
1,D3,A,LoRaWAN,-25
1,D3,A,LoRaWAN,-25
1,D3,A,LoRaWAN,-24
1,D3,A,LoRaWAN,-24
1,D3,A,LoRaWAN,-24
1,D3,A,LoRaWAN,-24
1,D3,A,LoRaWAN,-25
1,D3,A,LoRaWAN,-24
1,D3,A,LoRaWAN,-25
1,D3,A,LoRaWAN,-25
1,D3,A,LoRaWAN,-24
1,D3,A,LoRaWAN,-25
1,D3,A,LoRaWAN,-25
1,D3,A,WiFi,-56
1,D3,A,WiFi,-55
1,D3,A,WiFi,-53
1,D3,A,WiFi,-55
1,D3,A,WiFi,-54
1,D3,A,WiFi,-56
1,D3,A,WiFi,-54
1,D3,A,WiFi,-56
1,D3,A,WiFi,-56
1,D3,A,WiFi,-55
1,D3,A,WiFi,-53
1,D3,A,WiFi,-55
1,D3,A,WiFi,-54
1,D3,A,WiFi,-54
1,D3,A,WiFi,-53
1,D3,A,WiFi,-55
1,D3,A,WiFi,-53
1,D3,A,WiFi,-53
1,D3,A,WiFi,-55
1,D3,A,WiFi,-50
1,D3,A,WiFi,-53
1,D3,A,WiFi,-51
1,D3,A,WiFi,-54
1,D3,A,WiFi,-50
1,D3,A,WiFi,-53
1,D3,A,WiFi,-54
1,D3,A,WiFi,-52
1,D3,A,WiFi,-56
1,D3,A,WiFi,-54
1,D3,A,WiFi,-52
1,D3,A,WiFi,-55
1,D3,A,WiFi,-53
1,D3,A,WiFi,-51
1,D3,A,WiFi,-54
1,D3,A,WiFi,-54
1,D3,A,WiFi,-54
1,D3,A,WiFi,-51
1,D3,A,WiFi,-52
1,D3,A,WiFi,-54
1,D3,A,WiFi,-55
1,D3,A,WiFi,-52
1,D3,A,WiFi,-55
1,D3,A,WiFi,-55
1,D3,A,WiFi,-54
1,D3,A,WiFi,-55
1,D3,A,WiFi,-56
1,D3,A,WiFi,-54
1,D3,A,WiFi,-55
1,D3,A,WiFi,-55
1,D3,A,WiFi,-54
1,D3,A,WiFi,-52
1,D3,A,WiFi,-53
1,D3,A,WiFi,-52
1,D3,A,WiFi,-54
1,D3,A,WiFi,-51
1,D3,A,WiFi,-51
1,D3,A,WiFi,-51
1,D3,A,WiFi,-52
1,D3,A,WiFi,-55
1,D3,A,WiFi,-53
1,D3,A,WiFi,-54
1,D3,A,WiFi,-57
1,D3,A,WiFi,-53
1,D3,A,WiFi,-51
1,D3,A,WiFi,-55
1,D3,A,WiFi,-53
1,D3,A,WiFi,-54
1,D3,A,WiFi,-55
1,D3,A,WiFi,-55
1,D3,A,WiFi,-54
1,D3,A,WiFi,-51
1,D3,A,WiFi,-55
1,D3,A,WiFi,-56
1,D3,A,WiFi,-55
1,D3,A,WiFi,-54
1,D3,A,WiFi,-51
1,D3,A,WiFi,-56
1,D3,A,WiFi,-51
1,D3,A,WiFi,-52
1,D3,A,WiFi,-54
1,D3,A,WiFi,-56
1,D3,A,WiFi,-53
1,D3,A,WiFi,-55
1,D3,A,WiFi,-54
1,D3,A,WiFi,-55
1,D3,A,WiFi,-55
1,D3,A,WiFi,-53
1,D3,A,WiFi,-54
1,D3,A,WiFi,-53
1,D3,A,WiFi,-56
1,D3,A,WiFi,-54
1,D3,A,WiFi,-54
1,D3,A,WiFi,-53
1,D3,A,WiFi,-55
1,D3,A,WiFi,-53
1,D3,A,WiFi,-53
1,D3,A,WiFi,-55
1,D3,A,WiFi,-54
1,D3,A,WiFi,-52
1,D3,A,WiFi,-54
1,D3,A,WiFi,-56
1,D3,A,WiFi,-54
1,D3,A,WiFi,-54
1,D3,A,WiFi,-53
1,D3,A,WiFi,-54
1,D3,A,WiFi,-55
1,D3,A,WiFi,-49
1,D3,A,Zigbee,-56
1,D3,A,Zigbee,-57
1,D3,A,Zigbee,-58
1,D3,A,Zigbee,-56
1,D3,A,Zigbee,-57
1,D3,A,Zigbee,-57
1,D3,A,Zigbee,-57
1,D3,A,Zigbee,-57
1,D3,A,Zigbee,-58
1,D3,A,Zigbee,-57
1,D3,A,Zigbee,-56
1,D3,A,Zigbee,-56
1,D3,A,Zigbee,-56
1,D3,A,Zigbee,-58
1,D3,A,Zigbee,-57
1,D3,A,Zigbee,-57
1,D3,A,Zigbee,-57
1,D3,A,Zigbee,-57
1,D3,A,Zigbee,-57
1,D3,A,Zigbee,-57
1,D3,A,Zigbee,-57
1,D3,A,Zigbee,-57
1,D3,A,Zigbee,-57
1,D3,A,Zigbee,-57
1,D3,A,Zigbee,-57
1,D3,A,Zigbee,-57
1,D3,A,Zigbee,-57
1,D3,A,Zigbee,-57
1,D3,A,Zigbee,-57
1,D3,A,Zigbee,-57
1,D3,A,Zigbee,-57
1,D3,A,Zigbee,-57
1,D3,A,Zigbee,-57
1,D3,A,Zigbee,-57
1,D3,A,Zigbee,-57
1,D3,A,Zigbee,-57
1,D3,A,Zigbee,-57
1,D3,A,Zigbee,-57
1,D3,A,Zigbee,-57
1,D3,A,Zigbee,-57
1,D3,A,Zigbee,-57
1,D3,A,Zigbee,-57
1,D3,A,Zigbee,-57
1,D3,A,Zigbee,-57
1,D3,A,Zigbee,-57
1,D3,A,Zigbee,-57
1,D3,A,Zigbee,-57
1,D3,A,Zigbee,-57
1,D3,A,Zigbee,-57
1,D3,A,Zigbee,-57
1,D3,A,Zigbee,-56
1,D3,A,Zigbee,-57
1,D3,A,Zigbee,-57
1,D3,A,Zigbee,-57
1,D3,A,Zigbee,-57
1,D3,A,Zigbee,-57
1,D3,A,Zigbee,-57
1,D3,A,Zigbee,-57
1,D3,A,Zigbee,-57
1,D3,A,Zigbee,-57
1,D3,A,Zigbee,-57
1,D3,A,Zigbee,-57
1,D3,A,Zigbee,-57
1,D3,A,Zigbee,-57
1,D3,A,Zigbee,-57
1,D3,A,Zigbee,-57
1,D3,A,Zigbee,-57
1,D3,A,Zigbee,-57
1,D3,A,Zigbee,-57
1,D3,A,Zigbee,-57
1,D3,A,Zigbee,-57
1,D3,A,Zigbee,-57
1,D3,A,Zigbee,-57
1,D3,A,Zigbee,-57
1,D3,A,Zigbee,-57
1,D3,A,Zigbee,-57
1,D3,A,Zigbee,-57
1,D3,A,Zigbee,-57
1,D3,A,Zigbee,-57
1,D3,A,Zigbee,-57
1,D3,A,Zigbee,-57
1,D3,A,Zigbee,-57
1,D3,A,Zigbee,-57
1,D3,A,Zigbee,-57
1,D3,A,Zigbee,-57
1,D3,A,Zigbee,-57
1,D3,A,Zigbee,-57
1,D3,A,Zigbee,-57
1,D3,A,Zigbee,-57
1,D3,A,Zigbee,-57
1,D3,A,Zigbee,-57
1,D3,A,Zigbee,-57
1,D3,A,Zigbee,-57
1,D3,A,Zigbee,-57
1,D3,A,Zigbee,-57
1,D3,A,Zigbee,-57
1,D3,A,Zigbee,-57
1,D3,A,Zigbee,-57
1,D3,A,Zigbee,-57
1,D3,A,Zigbee,-57
1,D3,A,Zigbee,-57
1,D3,A,Zigbee,-57
1,D3,A,Zigbee,-57
1,D3,A,Zigbee,-57
1,D3,A,Zigbee,-57
1,D3,A,Zigbee,-57
1,D3,B,BLE,-67
1,D3,B,BLE,-67
1,D3,B,BLE,-53
1,D3,B,BLE,-55
1,D3,B,BLE,-72
1,D3,B,BLE,-72
1,D3,B,BLE,-58
1,D3,B,BLE,-57
1,D3,B,BLE,-58
1,D3,B,BLE,-53
1,D3,B,BLE,-55
1,D3,B,BLE,-55
1,D3,B,BLE,-58
1,D3,B,BLE,-67
1,D3,B,BLE,-55
1,D3,B,BLE,-58
1,D3,B,BLE,-72
1,D3,B,BLE,-58
1,D3,B,BLE,-53
1,D3,B,BLE,-70
1,D3,B,BLE,-58
1,D3,B,BLE,-72
1,D3,B,BLE,-53
1,D3,B,BLE,-55
1,D3,B,BLE,-72
1,D3,B,BLE,-58
1,D3,B,BLE,-53
1,D3,B,BLE,-72
1,D3,B,BLE,-55
1,D3,B,BLE,-58
1,D3,B,BLE,-53
1,D3,B,BLE,-54
1,D3,B,BLE,-74
1,D3,B,BLE,-53
1,D3,B,BLE,-67
1,D3,B,BLE,-54
1,D3,B,BLE,-55
1,D3,B,BLE,-55
1,D3,B,BLE,-72
1,D3,B,BLE,-57
1,D3,B,BLE,-58
1,D3,B,BLE,-68
1,D3,B,BLE,-55
1,D3,B,BLE,-54
1,D3,B,BLE,-58
1,D3,B,BLE,-53
1,D3,B,BLE,-53
1,D3,B,BLE,-71
1,D3,B,BLE,-72
1,D3,B,BLE,-55
1,D3,B,BLE,-57
1,D3,B,BLE,-53
1,D3,B,BLE,-55
1,D3,B,BLE,-54
1,D3,B,BLE,-58
1,D3,B,BLE,-58
1,D3,B,BLE,-69
1,D3,B,BLE,-55
1,D3,B,BLE,-55
1,D3,B,BLE,-58
1,D3,B,BLE,-69
1,D3,B,BLE,-53
1,D3,B,BLE,-53
1,D3,B,BLE,-55
1,D3,B,BLE,-58
1,D3,B,BLE,-53
1,D3,B,BLE,-71
1,D3,B,BLE,-55
1,D3,B,BLE,-53
1,D3,B,BLE,-53
1,D3,B,BLE,-53
1,D3,B,BLE,-72
1,D3,B,BLE,-55
1,D3,B,BLE,-72
1,D3,B,BLE,-53
1,D3,B,BLE,-57
1,D3,B,BLE,-58
1,D3,B,BLE,-58
1,D3,B,BLE,-58
1,D3,B,BLE,-67
1,D3,B,BLE,-55
1,D3,B,BLE,-72
1,D3,B,BLE,-72
1,D3,B,BLE,-53
1,D3,B,BLE,-72
1,D3,B,BLE,-72
1,D3,B,BLE,-58
1,D3,B,BLE,-58
1,D3,B,BLE,-69
1,D3,B,BLE,-53
1,D3,B,BLE,-55
1,D3,B,BLE,-57
1,D3,B,BLE,-58
1,D3,B,BLE,-67
1,D3,B,BLE,-53
1,D3,B,BLE,-71
1,D3,B,BLE,-57
1,D3,B,BLE,-73
1,D3,B,BLE,-53
1,D3,B,BLE,-55
1,D3,B,LoRaWAN,-31
1,D3,B,LoRaWAN,-31
1,D3,B,LoRaWAN,-30
1,D3,B,LoRaWAN,-31
1,D3,B,LoRaWAN,-31
1,D3,B,LoRaWAN,-30
1,D3,B,LoRaWAN,-31
1,D3,B,LoRaWAN,-31
1,D3,B,LoRaWAN,-31
1,D3,B,LoRaWAN,-30
1,D3,B,LoRaWAN,-31
1,D3,B,LoRaWAN,-31
1,D3,B,LoRaWAN,-31
1,D3,B,LoRaWAN,-31
1,D3,B,LoRaWAN,-31
1,D3,B,LoRaWAN,-31
1,D3,B,LoRaWAN,-30
1,D3,B,LoRaWAN,-30
1,D3,B,LoRaWAN,-31
1,D3,B,LoRaWAN,-31
1,D3,B,LoRaWAN,-31
1,D3,B,LoRaWAN,-30
1,D3,B,LoRaWAN,-31
1,D3,B,LoRaWAN,-31
1,D3,B,LoRaWAN,-31
1,D3,B,LoRaWAN,-31
1,D3,B,LoRaWAN,-31
1,D3,B,LoRaWAN,-31
1,D3,B,LoRaWAN,-30
1,D3,B,LoRaWAN,-30
1,D3,B,LoRaWAN,-31
1,D3,B,LoRaWAN,-30
1,D3,B,LoRaWAN,-31
1,D3,B,LoRaWAN,-30
1,D3,B,LoRaWAN,-30
1,D3,B,LoRaWAN,-31
1,D3,B,LoRaWAN,-30
1,D3,B,LoRaWAN,-31
1,D3,B,LoRaWAN,-30
1,D3,B,LoRaWAN,-30
1,D3,B,LoRaWAN,-31
1,D3,B,LoRaWAN,-30
1,D3,B,LoRaWAN,-30
1,D3,B,LoRaWAN,-31
1,D3,B,LoRaWAN,-31
1,D3,B,LoRaWAN,-31
1,D3,B,LoRaWAN,-31
1,D3,B,LoRaWAN,-31
1,D3,B,LoRaWAN,-31
1,D3,B,LoRaWAN,-31
1,D3,B,LoRaWAN,-31
1,D3,B,LoRaWAN,-31
1,D3,B,LoRaWAN,-31
1,D3,B,LoRaWAN,-30
1,D3,B,LoRaWAN,-31
1,D3,B,LoRaWAN,-31
1,D3,B,LoRaWAN,-31
1,D3,B,LoRaWAN,-31
1,D3,B,LoRaWAN,-31
1,D3,B,LoRaWAN,-31
1,D3,B,LoRaWAN,-31
1,D3,B,LoRaWAN,-31
1,D3,B,LoRaWAN,-30
1,D3,B,LoRaWAN,-31
1,D3,B,LoRaWAN,-31
1,D3,B,LoRaWAN,-31
1,D3,B,LoRaWAN,-32
1,D3,B,LoRaWAN,-30
1,D3,B,LoRaWAN,-31
1,D3,B,LoRaWAN,-31
1,D3,B,LoRaWAN,-31
1,D3,B,LoRaWAN,-31
1,D3,B,LoRaWAN,-30
1,D3,B,LoRaWAN,-30
1,D3,B,LoRaWAN,-31
1,D3,B,LoRaWAN,-31
1,D3,B,LoRaWAN,-31
1,D3,B,LoRaWAN,-30
1,D3,B,LoRaWAN,-32
1,D3,B,LoRaWAN,-31
1,D3,B,LoRaWAN,-31
1,D3,B,LoRaWAN,-31
1,D3,B,LoRaWAN,-31
1,D3,B,LoRaWAN,-31
1,D3,B,LoRaWAN,-31
1,D3,B,LoRaWAN,-31
1,D3,B,LoRaWAN,-31
1,D3,B,LoRaWAN,-31
1,D3,B,LoRaWAN,-31
1,D3,B,LoRaWAN,-30
1,D3,B,LoRaWAN,-31
1,D3,B,LoRaWAN,-31
1,D3,B,LoRaWAN,-31
1,D3,B,LoRaWAN,-31
1,D3,B,LoRaWAN,-31
1,D3,B,LoRaWAN,-31
1,D3,B,LoRaWAN,-31
1,D3,B,LoRaWAN,-31
1,D3,B,LoRaWAN,-31
1,D3,B,LoRaWAN,-31
1,D3,B,LoRaWAN,-31
1,D3,B,LoRaWAN,-31
1,D3,B,LoRaWAN,-31
1,D3,B,LoRaWAN,-31
1,D3,B,LoRaWAN,-31
1,D3,B,LoRaWAN,-31
1,D3,B,LoRaWAN,-31
1,D3,B,WiFi,-40
1,D3,B,WiFi,-40
1,D3,B,WiFi,-43
1,D3,B,WiFi,-40
1,D3,B,WiFi,-40
1,D3,B,WiFi,-39
1,D3,B,WiFi,-42
1,D3,B,WiFi,-40
1,D3,B,WiFi,-43
1,D3,B,WiFi,-42
1,D3,B,WiFi,-43
1,D3,B,WiFi,-41
1,D3,B,WiFi,-42
1,D3,B,WiFi,-40
1,D3,B,WiFi,-42
1,D3,B,WiFi,-40
1,D3,B,WiFi,-40
1,D3,B,WiFi,-42
1,D3,B,WiFi,-42
1,D3,B,WiFi,-42
1,D3,B,WiFi,-41
1,D3,B,WiFi,-41
1,D3,B,WiFi,-40
1,D3,B,WiFi,-40
1,D3,B,WiFi,-42
1,D3,B,WiFi,-41
1,D3,B,WiFi,-40
1,D3,B,WiFi,-41
1,D3,B,WiFi,-42
1,D3,B,WiFi,-43
1,D3,B,WiFi,-41
1,D3,B,WiFi,-41
1,D3,B,WiFi,-39
1,D3,B,WiFi,-43
1,D3,B,WiFi,-41
1,D3,B,WiFi,-39
1,D3,B,WiFi,-42
1,D3,B,WiFi,-42
1,D3,B,WiFi,-42
1,D3,B,WiFi,-43
1,D3,B,WiFi,-42
1,D3,B,WiFi,-40
1,D3,B,WiFi,-40
1,D3,B,WiFi,-42
1,D3,B,WiFi,-43
1,D3,B,WiFi,-40
1,D3,B,WiFi,-42
1,D3,B,WiFi,-42
1,D3,B,WiFi,-43
1,D3,B,WiFi,-40
1,D3,B,WiFi,-42
1,D3,B,WiFi,-42
1,D3,B,WiFi,-40
1,D3,B,WiFi,-43
1,D3,B,WiFi,-41
1,D3,B,WiFi,-43
1,D3,B,WiFi,-40
1,D3,B,WiFi,-40
1,D3,B,WiFi,-43
1,D3,B,WiFi,-44
1,D3,B,WiFi,-42
1,D3,B,WiFi,-42
1,D3,B,WiFi,-42
1,D3,B,WiFi,-40
1,D3,B,WiFi,-41
1,D3,B,WiFi,-43
1,D3,B,WiFi,-44
1,D3,B,WiFi,-41
1,D3,B,WiFi,-40
1,D3,B,WiFi,-40
1,D3,B,WiFi,-39
1,D3,B,WiFi,-40
1,D3,B,WiFi,-42
1,D3,B,WiFi,-40
1,D3,B,WiFi,-40
1,D3,B,WiFi,-42
1,D3,B,WiFi,-42
1,D3,B,WiFi,-41
1,D3,B,WiFi,-41
1,D3,B,WiFi,-40
1,D3,B,WiFi,-43
1,D3,B,WiFi,-42
1,D3,B,WiFi,-41
1,D3,B,WiFi,-42
1,D3,B,WiFi,-41
1,D3,B,WiFi,-41
1,D3,B,WiFi,-42
1,D3,B,WiFi,-40
1,D3,B,WiFi,-42
1,D3,B,WiFi,-42
1,D3,B,WiFi,-39
1,D3,B,WiFi,-42
1,D3,B,WiFi,-43
1,D3,B,WiFi,-42
1,D3,B,WiFi,-40
1,D3,B,WiFi,-40
1,D3,B,WiFi,-42
1,D3,B,WiFi,-42
1,D3,B,WiFi,-40
1,D3,B,WiFi,-43
1,D3,B,WiFi,-41
1,D3,B,WiFi,-42
1,D3,B,WiFi,-40
1,D3,B,WiFi,-41
1,D3,B,WiFi,-40
1,D3,B,WiFi,-41
1,D3,B,WiFi,-38
1,D3,B,Zigbee,-40
1,D3,B,Zigbee,-40
1,D3,B,Zigbee,-40
1,D3,B,Zigbee,-40
1,D3,B,Zigbee,-40
1,D3,B,Zigbee,-40
1,D3,B,Zigbee,-40
1,D3,B,Zigbee,-40
1,D3,B,Zigbee,-40
1,D3,B,Zigbee,-40
1,D3,B,Zigbee,-40
1,D3,B,Zigbee,-40
1,D3,B,Zigbee,-40
1,D3,B,Zigbee,-40
1,D3,B,Zigbee,-40
1,D3,B,Zigbee,-40
1,D3,B,Zigbee,-40
1,D3,B,Zigbee,-40
1,D3,B,Zigbee,-40
1,D3,B,Zigbee,-40
1,D3,B,Zigbee,-40
1,D3,B,Zigbee,-40
1,D3,B,Zigbee,-40
1,D3,B,Zigbee,-40
1,D3,B,Zigbee,-40
1,D3,B,Zigbee,-40
1,D3,B,Zigbee,-40
1,D3,B,Zigbee,-40
1,D3,B,Zigbee,-40
1,D3,B,Zigbee,-40
1,D3,B,Zigbee,-40
1,D3,B,Zigbee,-40
1,D3,B,Zigbee,-40
1,D3,B,Zigbee,-40
1,D3,B,Zigbee,-40
1,D3,B,Zigbee,-40
1,D3,B,Zigbee,-40
1,D3,B,Zigbee,-40
1,D3,B,Zigbee,-40
1,D3,B,Zigbee,-40
1,D3,B,Zigbee,-40
1,D3,B,Zigbee,-40
1,D3,B,Zigbee,-40
1,D3,B,Zigbee,-40
1,D3,B,Zigbee,-40
1,D3,B,Zigbee,-40
1,D3,B,Zigbee,-40
1,D3,B,Zigbee,-40
1,D3,B,Zigbee,-40
1,D3,B,Zigbee,-40
1,D3,B,Zigbee,-40
1,D3,B,Zigbee,-40
1,D3,B,Zigbee,-40
1,D3,B,Zigbee,-40
1,D3,B,Zigbee,-40
1,D3,B,Zigbee,-40
1,D3,B,Zigbee,-40
1,D3,B,Zigbee,-40
1,D3,B,Zigbee,-40
1,D3,B,Zigbee,-40
1,D3,B,Zigbee,-40
1,D3,B,Zigbee,-40
1,D3,B,Zigbee,-40
1,D3,B,Zigbee,-40
1,D3,B,Zigbee,-40
1,D3,B,Zigbee,-40
1,D3,B,Zigbee,-40
1,D3,B,Zigbee,-40
1,D3,B,Zigbee,-40
1,D3,B,Zigbee,-40
1,D3,B,Zigbee,-40
1,D3,B,Zigbee,-40
1,D3,B,Zigbee,-40
1,D3,B,Zigbee,-40
1,D3,B,Zigbee,-40
1,D3,B,Zigbee,-40
1,D3,B,Zigbee,-40
1,D3,B,Zigbee,-40
1,D3,B,Zigbee,-40
1,D3,B,Zigbee,-40
1,D3,B,Zigbee,-40
1,D3,B,Zigbee,-40
1,D3,B,Zigbee,-40
1,D3,B,Zigbee,-40
1,D3,B,Zigbee,-40
1,D3,B,Zigbee,-40
1,D3,B,Zigbee,-40
1,D3,B,Zigbee,-40
1,D3,B,Zigbee,-40
1,D3,B,Zigbee,-40
1,D3,B,Zigbee,-40
1,D3,B,Zigbee,-40
1,D3,B,Zigbee,-40
1,D3,B,Zigbee,-40
1,D3,B,Zigbee,-40
1,D3,B,Zigbee,-40
1,D3,B,Zigbee,-40
1,D3,B,Zigbee,-40
1,D3,B,Zigbee,-40
1,D3,B,Zigbee,-40
1,D3,B,Zigbee,-40
1,D3,B,Zigbee,-40
1,D3,B,Zigbee,-40
1,D3,B,Zigbee,-40
1,D3,B,Zigbee,-40
1,D3,B,Zigbee,-40
1,D3,B,Zigbee,-40
1,D3,C,BLE,-91
1,D3,C,BLE,-59
1,D3,C,BLE,-58
1,D3,C,BLE,-76
1,D3,C,BLE,-75
1,D3,C,BLE,-72
1,D3,C,BLE,-58
1,D3,C,BLE,-75
1,D3,C,BLE,-60
1,D3,C,BLE,-75
1,D3,C,BLE,-58
1,D3,C,BLE,-58
1,D3,C,BLE,-61
1,D3,C,BLE,-72
1,D3,C,BLE,-92
1,D3,C,BLE,-75
1,D3,C,BLE,-91
1,D3,C,BLE,-60
1,D3,C,BLE,-61
1,D3,C,BLE,-71
1,D3,C,BLE,-58
1,D3,C,BLE,-91
1,D3,C,BLE,-75
1,D3,C,BLE,-58
1,D3,C,BLE,-58
1,D3,C,BLE,-79
1,D3,C,BLE,-75
1,D3,C,BLE,-60
1,D3,C,BLE,-58
1,D3,C,BLE,-72
1,D3,C,BLE,-77
1,D3,C,BLE,-90
1,D3,C,BLE,-60
1,D3,C,BLE,-60
1,D3,C,BLE,-77
1,D3,C,BLE,-72
1,D3,C,BLE,-72
1,D3,C,BLE,-58
1,D3,C,BLE,-92
1,D3,C,BLE,-60
1,D3,C,BLE,-60
1,D3,C,BLE,-72
1,D3,C,BLE,-58
1,D3,C,BLE,-58
1,D3,C,BLE,-58
1,D3,C,BLE,-91
1,D3,C,BLE,-75
1,D3,C,BLE,-61
1,D3,C,BLE,-58
1,D3,C,BLE,-72
1,D3,C,BLE,-72
1,D3,C,BLE,-58
1,D3,C,BLE,-77
1,D3,C,BLE,-75
1,D3,C,BLE,-58
1,D3,C,BLE,-58
1,D3,C,BLE,-74
1,D3,C,BLE,-75
1,D3,C,BLE,-58
1,D3,C,BLE,-58
1,D3,C,BLE,-58
1,D3,C,BLE,-91
1,D3,C,BLE,-60
1,D3,C,BLE,-58
1,D3,C,BLE,-72
1,D3,C,BLE,-75
1,D3,C,BLE,-90
1,D3,C,BLE,-58
1,D3,C,BLE,-77
1,D3,C,BLE,-58
1,D3,C,BLE,-58
1,D3,C,BLE,-79
1,D3,C,BLE,-75
1,D3,C,BLE,-58
1,D3,C,BLE,-78
1,D3,C,BLE,-78
1,D3,C,BLE,-77
1,D3,C,BLE,-72
1,D3,C,BLE,-72
1,D3,C,BLE,-58
1,D3,C,BLE,-91
1,D3,C,BLE,-60
1,D3,C,BLE,-58
1,D3,C,BLE,-58
1,D3,C,BLE,-77
1,D3,C,BLE,-91
1,D3,C,BLE,-61
1,D3,C,BLE,-75
1,D3,C,BLE,-58
1,D3,C,BLE,-72
1,D3,C,BLE,-76
1,D3,C,BLE,-92
1,D3,C,BLE,-61
1,D3,C,BLE,-72
1,D3,C,BLE,-74
1,D3,C,BLE,-60
1,D3,C,BLE,-60
1,D3,C,BLE,-58
1,D3,C,LoRaWAN,-24
1,D3,C,LoRaWAN,-25
1,D3,C,LoRaWAN,-24
1,D3,C,LoRaWAN,-25
1,D3,C,LoRaWAN,-24
1,D3,C,LoRaWAN,-25
1,D3,C,LoRaWAN,-25
1,D3,C,LoRaWAN,-24
1,D3,C,LoRaWAN,-24
1,D3,C,LoRaWAN,-24
1,D3,C,LoRaWAN,-24
1,D3,C,LoRaWAN,-24
1,D3,C,LoRaWAN,-25
1,D3,C,LoRaWAN,-25
1,D3,C,LoRaWAN,-25
1,D3,C,LoRaWAN,-24
1,D3,C,LoRaWAN,-24
1,D3,C,LoRaWAN,-24
1,D3,C,LoRaWAN,-25
1,D3,C,LoRaWAN,-24
1,D3,C,LoRaWAN,-24
1,D3,C,LoRaWAN,-24
1,D3,C,LoRaWAN,-24
1,D3,C,LoRaWAN,-24
1,D3,C,LoRaWAN,-25
1,D3,C,LoRaWAN,-24
1,D3,C,LoRaWAN,-24
1,D3,C,LoRaWAN,-24
1,D3,C,LoRaWAN,-24
1,D3,C,LoRaWAN,-24
1,D3,C,LoRaWAN,-24
1,D3,C,LoRaWAN,-24
1,D3,C,LoRaWAN,-24
1,D3,C,LoRaWAN,-24
1,D3,C,LoRaWAN,-25
1,D3,C,LoRaWAN,-24
1,D3,C,LoRaWAN,-24
1,D3,C,LoRaWAN,-24
1,D3,C,LoRaWAN,-24
1,D3,C,LoRaWAN,-24
1,D3,C,LoRaWAN,-24
1,D3,C,LoRaWAN,-24
1,D3,C,LoRaWAN,-24
1,D3,C,LoRaWAN,-24
1,D3,C,LoRaWAN,-25
1,D3,C,LoRaWAN,-24
1,D3,C,LoRaWAN,-24
1,D3,C,LoRaWAN,-24
1,D3,C,LoRaWAN,-24
1,D3,C,LoRaWAN,-24
1,D3,C,LoRaWAN,-25
1,D3,C,LoRaWAN,-24
1,D3,C,LoRaWAN,-24
1,D3,C,LoRaWAN,-24
1,D3,C,LoRaWAN,-24
1,D3,C,LoRaWAN,-24
1,D3,C,LoRaWAN,-25
1,D3,C,LoRaWAN,-24
1,D3,C,LoRaWAN,-24
1,D3,C,LoRaWAN,-25
1,D3,C,LoRaWAN,-24
1,D3,C,LoRaWAN,-25
1,D3,C,LoRaWAN,-25
1,D3,C,LoRaWAN,-25
1,D3,C,LoRaWAN,-24
1,D3,C,LoRaWAN,-24
1,D3,C,LoRaWAN,-24
1,D3,C,LoRaWAN,-24
1,D3,C,LoRaWAN,-24
1,D3,C,LoRaWAN,-25
1,D3,C,LoRaWAN,-24
1,D3,C,LoRaWAN,-25
1,D3,C,LoRaWAN,-24
1,D3,C,LoRaWAN,-25
1,D3,C,LoRaWAN,-24
1,D3,C,LoRaWAN,-24
1,D3,C,LoRaWAN,-25
1,D3,C,LoRaWAN,-25
1,D3,C,LoRaWAN,-24
1,D3,C,LoRaWAN,-25
1,D3,C,LoRaWAN,-24
1,D3,C,LoRaWAN,-25
1,D3,C,LoRaWAN,-24
1,D3,C,LoRaWAN,-25
1,D3,C,LoRaWAN,-24
1,D3,C,LoRaWAN,-24
1,D3,C,LoRaWAN,-25
1,D3,C,LoRaWAN,-25
1,D3,C,LoRaWAN,-24
1,D3,C,LoRaWAN,-24
1,D3,C,LoRaWAN,-24
1,D3,C,LoRaWAN,-24
1,D3,C,LoRaWAN,-25
1,D3,C,LoRaWAN,-24
1,D3,C,LoRaWAN,-24
1,D3,C,LoRaWAN,-25
1,D3,C,LoRaWAN,-24
1,D3,C,LoRaWAN,-25
1,D3,C,LoRaWAN,-24
1,D3,C,LoRaWAN,-24
1,D3,C,LoRaWAN,-24
1,D3,C,LoRaWAN,-24
1,D3,C,LoRaWAN,-25
1,D3,C,LoRaWAN,-25
1,D3,C,LoRaWAN,-25
1,D3,C,LoRaWAN,-25
1,D3,C,LoRaWAN,-24
1,D3,C,WiFi,-46
1,D3,C,WiFi,-47
1,D3,C,WiFi,-47
1,D3,C,WiFi,-46
1,D3,C,WiFi,-44
1,D3,C,WiFi,-46
1,D3,C,WiFi,-45
1,D3,C,WiFi,-44
1,D3,C,WiFi,-46
1,D3,C,WiFi,-45
1,D3,C,WiFi,-45
1,D3,C,WiFi,-46
1,D3,C,WiFi,-47
1,D3,C,WiFi,-43
1,D3,C,WiFi,-47
1,D3,C,WiFi,-44
1,D3,C,WiFi,-47
1,D3,C,WiFi,-45
1,D3,C,WiFi,-46
1,D3,C,WiFi,-44
1,D3,C,WiFi,-45
1,D3,C,WiFi,-47
1,D3,C,WiFi,-43
1,D3,C,WiFi,-48
1,D3,C,WiFi,-44
1,D3,C,WiFi,-45
1,D3,C,WiFi,-45
1,D3,C,WiFi,-47
1,D3,C,WiFi,-46
1,D3,C,WiFi,-44
1,D3,C,WiFi,-43
1,D3,C,WiFi,-45
1,D3,C,WiFi,-46
1,D3,C,WiFi,-47
1,D3,C,WiFi,-45
1,D3,C,WiFi,-44
1,D3,C,WiFi,-49
1,D3,C,WiFi,-48
1,D3,C,WiFi,-47
1,D3,C,WiFi,-45
1,D3,C,WiFi,-44
1,D3,C,WiFi,-44
1,D3,C,WiFi,-43
1,D3,C,WiFi,-47
1,D3,C,WiFi,-47
1,D3,C,WiFi,-44
1,D3,C,WiFi,-45
1,D3,C,WiFi,-45
1,D3,C,WiFi,-45
1,D3,C,WiFi,-44
1,D3,C,WiFi,-44
1,D3,C,WiFi,-43
1,D3,C,WiFi,-46
1,D3,C,WiFi,-48
1,D3,C,WiFi,-46
1,D3,C,WiFi,-45
1,D3,C,WiFi,-47
1,D3,C,WiFi,-47
1,D3,C,WiFi,-46
1,D3,C,WiFi,-46
1,D3,C,WiFi,-47
1,D3,C,WiFi,-46
1,D3,C,WiFi,-47
1,D3,C,WiFi,-46
1,D3,C,WiFi,-45
1,D3,C,WiFi,-47
1,D3,C,WiFi,-45
1,D3,C,WiFi,-45
1,D3,C,WiFi,-48
1,D3,C,WiFi,-43
1,D3,C,WiFi,-46
1,D3,C,WiFi,-48
1,D3,C,WiFi,-44
1,D3,C,WiFi,-45
1,D3,C,WiFi,-44
1,D3,C,WiFi,-46
1,D3,C,WiFi,-47
1,D3,C,WiFi,-45
1,D3,C,WiFi,-43
1,D3,C,WiFi,-47
1,D3,C,WiFi,-47
1,D3,C,WiFi,-46
1,D3,C,WiFi,-47
1,D3,C,WiFi,-45
1,D3,C,WiFi,-47
1,D3,C,WiFi,-47
1,D3,C,WiFi,-47
1,D3,C,WiFi,-43
1,D3,C,WiFi,-47
1,D3,C,WiFi,-48
1,D3,C,WiFi,-47
1,D3,C,WiFi,-47
1,D3,C,WiFi,-43
1,D3,C,WiFi,-44
1,D3,C,WiFi,-48
1,D3,C,WiFi,-44
1,D3,C,WiFi,-47
1,D3,C,WiFi,-45
1,D3,C,WiFi,-47
1,D3,C,WiFi,-45
1,D3,C,WiFi,-43
1,D3,C,WiFi,-44
1,D3,C,WiFi,-48
1,D3,C,WiFi,-46
1,D3,C,WiFi,-46
1,D3,C,WiFi,-46
1,D3,C,WiFi,-45
1,D3,C,Zigbee,-56
1,D3,C,Zigbee,-55
1,D3,C,Zigbee,-55
1,D3,C,Zigbee,-55
1,D3,C,Zigbee,-55
1,D3,C,Zigbee,-56
1,D3,C,Zigbee,-55
1,D3,C,Zigbee,-55
1,D3,C,Zigbee,-55
1,D3,C,Zigbee,-55
1,D3,C,Zigbee,-56
1,D3,C,Zigbee,-55
1,D3,C,Zigbee,-56
1,D3,C,Zigbee,-55
1,D3,C,Zigbee,-55
1,D3,C,Zigbee,-56
1,D3,C,Zigbee,-55
1,D3,C,Zigbee,-56
1,D3,C,Zigbee,-55
1,D3,C,Zigbee,-55
1,D3,C,Zigbee,-55
1,D3,C,Zigbee,-55
1,D3,C,Zigbee,-56
1,D3,C,Zigbee,-55
1,D3,C,Zigbee,-55
1,D3,C,Zigbee,-55
1,D3,C,Zigbee,-55
1,D3,C,Zigbee,-56
1,D3,C,Zigbee,-55
1,D3,C,Zigbee,-55
1,D3,C,Zigbee,-55
1,D3,C,Zigbee,-56
1,D3,C,Zigbee,-55
1,D3,C,Zigbee,-56
1,D3,C,Zigbee,-56
1,D3,C,Zigbee,-55
1,D3,C,Zigbee,-56
1,D3,C,Zigbee,-56
1,D3,C,Zigbee,-56
1,D3,C,Zigbee,-55
1,D3,C,Zigbee,-56
1,D3,C,Zigbee,-54
1,D3,C,Zigbee,-56
1,D3,C,Zigbee,-55
1,D3,C,Zigbee,-56
1,D3,C,Zigbee,-55
1,D3,C,Zigbee,-55
1,D3,C,Zigbee,-55
1,D3,C,Zigbee,-56
1,D3,C,Zigbee,-56
1,D3,C,Zigbee,-56
1,D3,C,Zigbee,-56
1,D3,C,Zigbee,-56
1,D3,C,Zigbee,-56
1,D3,C,Zigbee,-56
1,D3,C,Zigbee,-56
1,D3,C,Zigbee,-56
1,D3,C,Zigbee,-55
1,D3,C,Zigbee,-56
1,D3,C,Zigbee,-55
1,D3,C,Zigbee,-55
1,D3,C,Zigbee,-55
1,D3,C,Zigbee,-56
1,D3,C,Zigbee,-56
1,D3,C,Zigbee,-56
1,D3,C,Zigbee,-56
1,D3,C,Zigbee,-55
1,D3,C,Zigbee,-55
1,D3,C,Zigbee,-56
1,D3,C,Zigbee,-56
1,D3,C,Zigbee,-56
1,D3,C,Zigbee,-56
1,D3,C,Zigbee,-56
1,D3,C,Zigbee,-56
1,D3,C,Zigbee,-56
1,D3,C,Zigbee,-56
1,D3,C,Zigbee,-56
1,D3,C,Zigbee,-56
1,D3,C,Zigbee,-56
1,D3,C,Zigbee,-56
1,D3,C,Zigbee,-56
1,D3,C,Zigbee,-56
1,D3,C,Zigbee,-56
1,D3,C,Zigbee,-55
1,D3,C,Zigbee,-56
1,D3,C,Zigbee,-56
1,D3,C,Zigbee,-56
1,D3,C,Zigbee,-56
1,D3,C,Zigbee,-56
1,D3,C,Zigbee,-56
1,D3,C,Zigbee,-56
1,D3,C,Zigbee,-55
1,D3,C,Zigbee,-56
1,D3,C,Zigbee,-56
1,D3,C,Zigbee,-56
1,D3,C,Zigbee,-56
1,D3,C,Zigbee,-56
1,D3,C,Zigbee,-55
1,D3,C,Zigbee,-56
1,D3,C,Zigbee,-55
1,D3,C,Zigbee,-56
1,D3,C,Zigbee,-56
1,D3,C,Zigbee,-56
1,D3,C,Zigbee,-55
1,D3,C,Zigbee,-55
1,D3,C,Zigbee,-56
1,D3,C,Zigbee,-56
3,D1,A,BLE,-59
3,D1,A,BLE,-74
3,D1,A,BLE,-59
3,D1,A,BLE,-75
3,D1,A,BLE,-75
3,D1,A,BLE,-57
3,D1,A,BLE,-57
3,D1,A,BLE,-71
3,D1,A,BLE,-73
3,D1,A,BLE,-59
3,D1,A,BLE,-75
3,D1,A,BLE,-59
3,D1,A,BLE,-59
3,D1,A,BLE,-57
3,D1,A,BLE,-73
3,D1,A,BLE,-59
3,D1,A,BLE,-60
3,D1,A,BLE,-73
3,D1,A,BLE,-59
3,D1,A,BLE,-57
3,D1,A,BLE,-58
3,D1,A,BLE,-73
3,D1,A,BLE,-73
3,D1,A,BLE,-58
3,D1,A,BLE,-59
3,D1,A,BLE,-60
3,D1,A,BLE,-71
3,D1,A,BLE,-73
3,D1,A,BLE,-75
3,D1,A,BLE,-59
3,D1,A,BLE,-59
3,D1,A,BLE,-57
3,D1,A,BLE,-58
3,D1,A,BLE,-58
3,D1,A,BLE,-59
3,D1,A,BLE,-75
3,D1,A,BLE,-59
3,D1,A,BLE,-59
3,D1,A,BLE,-59
3,D1,A,BLE,-57
3,D1,A,BLE,-59
3,D1,A,BLE,-59
3,D1,A,BLE,-60
3,D1,A,BLE,-57
3,D1,A,BLE,-60
3,D1,A,BLE,-75
3,D1,A,BLE,-59
3,D1,A,BLE,-75
3,D1,A,BLE,-57
3,D1,A,BLE,-72
3,D1,A,BLE,-74
3,D1,A,BLE,-59
3,D1,A,BLE,-59
3,D1,A,BLE,-72
3,D1,A,BLE,-57
3,D1,A,BLE,-57
3,D1,A,BLE,-72
3,D1,A,BLE,-59
3,D1,A,BLE,-60
3,D1,A,BLE,-57
3,D1,A,BLE,-73
3,D1,A,BLE,-59
3,D1,A,BLE,-59
3,D1,A,BLE,-59
3,D1,A,BLE,-59
3,D1,A,BLE,-71
3,D1,A,BLE,-59
3,D1,A,BLE,-59
3,D1,A,BLE,-58
3,D1,A,BLE,-57
3,D1,A,BLE,-71
3,D1,A,BLE,-59
3,D1,A,BLE,-59
3,D1,A,BLE,-73
3,D1,A,BLE,-58
3,D1,A,BLE,-74
3,D1,A,BLE,-59
3,D1,A,BLE,-57
3,D1,A,BLE,-71
3,D1,A,BLE,-59
3,D1,A,BLE,-74
3,D1,A,BLE,-71
3,D1,A,BLE,-57
3,D1,A,BLE,-73
3,D1,A,BLE,-74
3,D1,A,BLE,-74
3,D1,A,BLE,-59
3,D1,A,BLE,-57
3,D1,A,BLE,-59
3,D1,A,BLE,-59
3,D1,A,BLE,-58
3,D1,A,BLE,-56
3,D1,A,BLE,-60
3,D1,A,BLE,-59
3,D1,A,BLE,-60
3,D1,A,BLE,-73
3,D1,A,BLE,-73
3,D1,A,BLE,-59
3,D1,A,BLE,-59
3,D1,A,BLE,-75
3,D1,A,LoRaWAN,-26
3,D1,A,LoRaWAN,-26
3,D1,A,LoRaWAN,-26
3,D1,A,LoRaWAN,-26
3,D1,A,LoRaWAN,-27
3,D1,A,LoRaWAN,-27
3,D1,A,LoRaWAN,-26
3,D1,A,LoRaWAN,-27
3,D1,A,LoRaWAN,-27
3,D1,A,LoRaWAN,-26
3,D1,A,LoRaWAN,-27
3,D1,A,LoRaWAN,-26
3,D1,A,LoRaWAN,-26
3,D1,A,LoRaWAN,-26
3,D1,A,LoRaWAN,-26
3,D1,A,LoRaWAN,-27
3,D1,A,LoRaWAN,-27
3,D1,A,LoRaWAN,-26
3,D1,A,LoRaWAN,-26
3,D1,A,LoRaWAN,-26
3,D1,A,LoRaWAN,-27
3,D1,A,LoRaWAN,-26
3,D1,A,LoRaWAN,-26
3,D1,A,LoRaWAN,-26
3,D1,A,LoRaWAN,-26
3,D1,A,LoRaWAN,-26
3,D1,A,LoRaWAN,-27
3,D1,A,LoRaWAN,-26
3,D1,A,LoRaWAN,-27
3,D1,A,LoRaWAN,-27
3,D1,A,LoRaWAN,-27
3,D1,A,LoRaWAN,-26
3,D1,A,LoRaWAN,-26
3,D1,A,LoRaWAN,-27
3,D1,A,LoRaWAN,-27
3,D1,A,LoRaWAN,-27
3,D1,A,LoRaWAN,-27
3,D1,A,LoRaWAN,-27
3,D1,A,LoRaWAN,-27
3,D1,A,LoRaWAN,-27
3,D1,A,LoRaWAN,-27
3,D1,A,LoRaWAN,-27
3,D1,A,LoRaWAN,-26
3,D1,A,LoRaWAN,-27
3,D1,A,LoRaWAN,-27
3,D1,A,LoRaWAN,-27
3,D1,A,LoRaWAN,-27
3,D1,A,LoRaWAN,-27
3,D1,A,LoRaWAN,-27
3,D1,A,LoRaWAN,-27
3,D1,A,LoRaWAN,-26
3,D1,A,LoRaWAN,-27
3,D1,A,LoRaWAN,-27
3,D1,A,LoRaWAN,-27
3,D1,A,LoRaWAN,-27
3,D1,A,LoRaWAN,-26
3,D1,A,LoRaWAN,-27
3,D1,A,LoRaWAN,-26
3,D1,A,LoRaWAN,-26
3,D1,A,LoRaWAN,-27
3,D1,A,LoRaWAN,-27
3,D1,A,LoRaWAN,-27
3,D1,A,LoRaWAN,-26
3,D1,A,LoRaWAN,-26
3,D1,A,LoRaWAN,-27
3,D1,A,LoRaWAN,-27
3,D1,A,LoRaWAN,-27
3,D1,A,LoRaWAN,-27
3,D1,A,LoRaWAN,-27
3,D1,A,LoRaWAN,-26
3,D1,A,LoRaWAN,-27
3,D1,A,LoRaWAN,-27
3,D1,A,LoRaWAN,-27
3,D1,A,LoRaWAN,-27
3,D1,A,LoRaWAN,-27
3,D1,A,LoRaWAN,-27
3,D1,A,LoRaWAN,-27
3,D1,A,LoRaWAN,-27
3,D1,A,LoRaWAN,-26
3,D1,A,LoRaWAN,-27
3,D1,A,LoRaWAN,-27
3,D1,A,LoRaWAN,-27
3,D1,A,LoRaWAN,-27
3,D1,A,LoRaWAN,-27
3,D1,A,LoRaWAN,-26
3,D1,A,LoRaWAN,-26
3,D1,A,LoRaWAN,-26
3,D1,A,LoRaWAN,-26
3,D1,A,LoRaWAN,-27
3,D1,A,LoRaWAN,-27
3,D1,A,LoRaWAN,-27
3,D1,A,LoRaWAN,-27
3,D1,A,LoRaWAN,-27
3,D1,A,LoRaWAN,-27
3,D1,A,LoRaWAN,-26
3,D1,A,LoRaWAN,-27
3,D1,A,LoRaWAN,-27
3,D1,A,LoRaWAN,-27
3,D1,A,LoRaWAN,-27
3,D1,A,LoRaWAN,-26
3,D1,A,LoRaWAN,-27
3,D1,A,LoRaWAN,-27
3,D1,A,LoRaWAN,-27
3,D1,A,LoRaWAN,-26
3,D1,A,LoRaWAN,-27
3,D1,A,LoRaWAN,-26
3,D1,A,LoRaWAN,-27
3,D1,A,WiFi,-47
3,D1,A,WiFi,-50
3,D1,A,WiFi,-51
3,D1,A,WiFi,-49
3,D1,A,WiFi,-49
3,D1,A,WiFi,-49
3,D1,A,WiFi,-49
3,D1,A,WiFi,-50
3,D1,A,WiFi,-49
3,D1,A,WiFi,-49
3,D1,A,WiFi,-53
3,D1,A,WiFi,-52
3,D1,A,WiFi,-51
3,D1,A,WiFi,-50
3,D1,A,WiFi,-51
3,D1,A,WiFi,-52
3,D1,A,WiFi,-51
3,D1,A,WiFi,-49
3,D1,A,WiFi,-51
3,D1,A,WiFi,-49
3,D1,A,WiFi,-50
3,D1,A,WiFi,-51
3,D1,A,WiFi,-53
3,D1,A,WiFi,-52
3,D1,A,WiFi,-51
3,D1,A,WiFi,-51
3,D1,A,WiFi,-52
3,D1,A,WiFi,-49
3,D1,A,WiFi,-51
3,D1,A,WiFi,-51
3,D1,A,WiFi,-51
3,D1,A,WiFi,-48
3,D1,A,WiFi,-50
3,D1,A,WiFi,-51
3,D1,A,WiFi,-50
3,D1,A,WiFi,-50
3,D1,A,WiFi,-49
3,D1,A,WiFi,-50
3,D1,A,WiFi,-49
3,D1,A,WiFi,-51
3,D1,A,WiFi,-51
3,D1,A,WiFi,-52
3,D1,A,WiFi,-49
3,D1,A,WiFi,-49
3,D1,A,WiFi,-47
3,D1,A,WiFi,-50
3,D1,A,WiFi,-50
3,D1,A,WiFi,-47
3,D1,A,WiFi,-50
3,D1,A,WiFi,-51
3,D1,A,WiFi,-51
3,D1,A,WiFi,-52
3,D1,A,WiFi,-49
3,D1,A,WiFi,-50
3,D1,A,WiFi,-52
3,D1,A,WiFi,-49
3,D1,A,WiFi,-49
3,D1,A,WiFi,-49
3,D1,A,WiFi,-51
3,D1,A,WiFi,-51
3,D1,A,WiFi,-51
3,D1,A,WiFi,-51
3,D1,A,WiFi,-51
3,D1,A,WiFi,-48
3,D1,A,WiFi,-50
3,D1,A,WiFi,-50
3,D1,A,WiFi,-51
3,D1,A,WiFi,-50
3,D1,A,WiFi,-51
3,D1,A,WiFi,-53
3,D1,A,WiFi,-52
3,D1,A,WiFi,-52
3,D1,A,WiFi,-51
3,D1,A,WiFi,-53
3,D1,A,WiFi,-49
3,D1,A,WiFi,-52
3,D1,A,WiFi,-49
3,D1,A,WiFi,-51
3,D1,A,WiFi,-52
3,D1,A,WiFi,-51
3,D1,A,WiFi,-51
3,D1,A,WiFi,-53
3,D1,A,WiFi,-49
3,D1,A,WiFi,-51
3,D1,A,WiFi,-50
3,D1,A,WiFi,-52
3,D1,A,WiFi,-50
3,D1,A,WiFi,-51
3,D1,A,WiFi,-52
3,D1,A,WiFi,-51
3,D1,A,WiFi,-52
3,D1,A,WiFi,-53
3,D1,A,WiFi,-49
3,D1,A,WiFi,-52
3,D1,A,WiFi,-51
3,D1,A,WiFi,-52
3,D1,A,WiFi,-52
3,D1,A,WiFi,-50
3,D1,A,WiFi,-52
3,D1,A,WiFi,-49
3,D1,A,WiFi,-52
3,D1,A,WiFi,-49
3,D1,A,WiFi,-52
3,D1,A,WiFi,-51
3,D1,A,WiFi,-51
3,D1,A,WiFi,-50
3,D1,A,WiFi,-50
3,D1,A,Zigbee,-50
3,D1,A,Zigbee,-50
3,D1,A,Zigbee,-50
3,D1,A,Zigbee,-50
3,D1,A,Zigbee,-50
3,D1,A,Zigbee,-49
3,D1,A,Zigbee,-52
3,D1,A,Zigbee,-52
3,D1,A,Zigbee,-52
3,D1,A,Zigbee,-52
3,D1,A,Zigbee,-52
3,D1,A,Zigbee,-52
3,D1,A,Zigbee,-52
3,D1,A,Zigbee,-52
3,D1,A,Zigbee,-52
3,D1,A,Zigbee,-52
3,D1,A,Zigbee,-52
3,D1,A,Zigbee,-52
3,D1,A,Zigbee,-52
3,D1,A,Zigbee,-52
3,D1,A,Zigbee,-52
3,D1,A,Zigbee,-52
3,D1,A,Zigbee,-52
3,D1,A,Zigbee,-52
3,D1,A,Zigbee,-52
3,D1,A,Zigbee,-52
3,D1,A,Zigbee,-52
3,D1,A,Zigbee,-52
3,D1,A,Zigbee,-52
3,D1,A,Zigbee,-52
3,D1,A,Zigbee,-52
3,D1,A,Zigbee,-52
3,D1,A,Zigbee,-52
3,D1,A,Zigbee,-52
3,D1,A,Zigbee,-52
3,D1,A,Zigbee,-52
3,D1,A,Zigbee,-52
3,D1,A,Zigbee,-52
3,D1,A,Zigbee,-52
3,D1,A,Zigbee,-52
3,D1,A,Zigbee,-52
3,D1,A,Zigbee,-52
3,D1,A,Zigbee,-52
3,D1,A,Zigbee,-52
3,D1,A,Zigbee,-52
3,D1,A,Zigbee,-52
3,D1,A,Zigbee,-52
3,D1,A,Zigbee,-52
3,D1,A,Zigbee,-52
3,D1,A,Zigbee,-52
3,D1,A,Zigbee,-52
3,D1,A,Zigbee,-52
3,D1,A,Zigbee,-52
3,D1,A,Zigbee,-52
3,D1,A,Zigbee,-52
3,D1,A,Zigbee,-52
3,D1,A,Zigbee,-52
3,D1,A,Zigbee,-52
3,D1,A,Zigbee,-52
3,D1,A,Zigbee,-52
3,D1,A,Zigbee,-52
3,D1,A,Zigbee,-52
3,D1,A,Zigbee,-52
3,D1,A,Zigbee,-52
3,D1,A,Zigbee,-52
3,D1,A,Zigbee,-52
3,D1,A,Zigbee,-52
3,D1,A,Zigbee,-52
3,D1,A,Zigbee,-52
3,D1,A,Zigbee,-52
3,D1,A,Zigbee,-52
3,D1,A,Zigbee,-52
3,D1,A,Zigbee,-52
3,D1,A,Zigbee,-52
3,D1,A,Zigbee,-52
3,D1,A,Zigbee,-52
3,D1,A,Zigbee,-52
3,D1,A,Zigbee,-52
3,D1,A,Zigbee,-52
3,D1,A,Zigbee,-52
3,D1,A,Zigbee,-52
3,D1,A,Zigbee,-52
3,D1,A,Zigbee,-52
3,D1,A,Zigbee,-52
3,D1,A,Zigbee,-52
3,D1,A,Zigbee,-52
3,D1,A,Zigbee,-52
3,D1,A,Zigbee,-52
3,D1,A,Zigbee,-52
3,D1,A,Zigbee,-52
3,D1,A,Zigbee,-52
3,D1,A,Zigbee,-52
3,D1,A,Zigbee,-52
3,D1,A,Zigbee,-52
3,D1,A,Zigbee,-52
3,D1,A,Zigbee,-52
3,D1,A,Zigbee,-52
3,D1,A,Zigbee,-52
3,D1,A,Zigbee,-52
3,D1,A,Zigbee,-52
3,D1,A,Zigbee,-52
3,D1,A,Zigbee,-52
3,D1,A,Zigbee,-52
3,D1,A,Zigbee,-52
3,D1,A,Zigbee,-52
3,D1,A,Zigbee,-52
3,D1,A,Zigbee,-52
3,D1,B,BLE,-60
3,D1,B,BLE,-77
3,D1,B,BLE,-76
3,D1,B,BLE,-64
3,D1,B,BLE,-67
3,D1,B,BLE,-61
3,D1,B,BLE,-62
3,D1,B,BLE,-78
3,D1,B,BLE,-60
3,D1,B,BLE,-61
3,D1,B,BLE,-61
3,D1,B,BLE,-60
3,D1,B,BLE,-76
3,D1,B,BLE,-76
3,D1,B,BLE,-60
3,D1,B,BLE,-61
3,D1,B,BLE,-79
3,D1,B,BLE,-67
3,D1,B,BLE,-60
3,D1,B,BLE,-62
3,D1,B,BLE,-61
3,D1,B,BLE,-78
3,D1,B,BLE,-61
3,D1,B,BLE,-62
3,D1,B,BLE,-77
3,D1,B,BLE,-68
3,D1,B,BLE,-76
3,D1,B,BLE,-77
3,D1,B,BLE,-77
3,D1,B,BLE,-60
3,D1,B,BLE,-77
3,D1,B,BLE,-78
3,D1,B,BLE,-77
3,D1,B,BLE,-60
3,D1,B,BLE,-77
3,D1,B,BLE,-68
3,D1,B,BLE,-67
3,D1,B,BLE,-79
3,D1,B,BLE,-60
3,D1,B,BLE,-62
3,D1,B,BLE,-77
3,D1,B,BLE,-67
3,D1,B,BLE,-61
3,D1,B,BLE,-76
3,D1,B,BLE,-76
3,D1,B,BLE,-62
3,D1,B,BLE,-78
3,D1,B,BLE,-61
3,D1,B,BLE,-76
3,D1,B,BLE,-76
3,D1,B,BLE,-77
3,D1,B,BLE,-61
3,D1,B,BLE,-77
3,D1,B,BLE,-60
3,D1,B,BLE,-77
3,D1,B,BLE,-76
3,D1,B,BLE,-67
3,D1,B,BLE,-63
3,D1,B,BLE,-61
3,D1,B,BLE,-62
3,D1,B,BLE,-62
3,D1,B,BLE,-62
3,D1,B,BLE,-69
3,D1,B,BLE,-65
3,D1,B,BLE,-61
3,D1,B,BLE,-76
3,D1,B,BLE,-77
3,D1,B,BLE,-69
3,D1,B,BLE,-79
3,D1,B,BLE,-77
3,D1,B,BLE,-61
3,D1,B,BLE,-78
3,D1,B,BLE,-77
3,D1,B,BLE,-64
3,D1,B,BLE,-76
3,D1,B,BLE,-62
3,D1,B,BLE,-67
3,D1,B,BLE,-77
3,D1,B,BLE,-62
3,D1,B,BLE,-62
3,D1,B,BLE,-79
3,D1,B,BLE,-60
3,D1,B,BLE,-61
3,D1,B,BLE,-77
3,D1,B,BLE,-62
3,D1,B,BLE,-68
3,D1,B,BLE,-61
3,D1,B,BLE,-61
3,D1,B,BLE,-76
3,D1,B,BLE,-61
3,D1,B,BLE,-62
3,D1,B,BLE,-78
3,D1,B,BLE,-64
3,D1,B,BLE,-60
3,D1,B,BLE,-76
3,D1,B,BLE,-62
3,D1,B,BLE,-78
3,D1,B,BLE,-76
3,D1,B,BLE,-78
3,D1,B,BLE,-64
3,D1,B,BLE,-76
3,D1,B,LoRaWAN,-26
3,D1,B,LoRaWAN,-26
3,D1,B,LoRaWAN,-26
3,D1,B,LoRaWAN,-26
3,D1,B,LoRaWAN,-27
3,D1,B,LoRaWAN,-26
3,D1,B,LoRaWAN,-26
3,D1,B,LoRaWAN,-27
3,D1,B,LoRaWAN,-27
3,D1,B,LoRaWAN,-26
3,D1,B,LoRaWAN,-26
3,D1,B,LoRaWAN,-26
3,D1,B,LoRaWAN,-26
3,D1,B,LoRaWAN,-26
3,D1,B,LoRaWAN,-26
3,D1,B,LoRaWAN,-26
3,D1,B,LoRaWAN,-26
3,D1,B,LoRaWAN,-25
3,D1,B,LoRaWAN,-26
3,D1,B,LoRaWAN,-26
3,D1,B,LoRaWAN,-26
3,D1,B,LoRaWAN,-26
3,D1,B,LoRaWAN,-26
3,D1,B,LoRaWAN,-26
3,D1,B,LoRaWAN,-26
3,D1,B,LoRaWAN,-25
3,D1,B,LoRaWAN,-26
3,D1,B,LoRaWAN,-26
3,D1,B,LoRaWAN,-26
3,D1,B,LoRaWAN,-26
3,D1,B,LoRaWAN,-26
3,D1,B,LoRaWAN,-26
3,D1,B,LoRaWAN,-26
3,D1,B,LoRaWAN,-25
3,D1,B,LoRaWAN,-26
3,D1,B,LoRaWAN,-26
3,D1,B,LoRaWAN,-26
3,D1,B,LoRaWAN,-26
3,D1,B,LoRaWAN,-27
3,D1,B,LoRaWAN,-27
3,D1,B,LoRaWAN,-27
3,D1,B,LoRaWAN,-26
3,D1,B,LoRaWAN,-27
3,D1,B,LoRaWAN,-27
3,D1,B,LoRaWAN,-26
3,D1,B,LoRaWAN,-26
3,D1,B,LoRaWAN,-27
3,D1,B,LoRaWAN,-27
3,D1,B,LoRaWAN,-26
3,D1,B,LoRaWAN,-26
3,D1,B,LoRaWAN,-26
3,D1,B,LoRaWAN,-26
3,D1,B,LoRaWAN,-27
3,D1,B,LoRaWAN,-26
3,D1,B,LoRaWAN,-26
3,D1,B,LoRaWAN,-26
3,D1,B,LoRaWAN,-26
3,D1,B,LoRaWAN,-27
3,D1,B,LoRaWAN,-27
3,D1,B,LoRaWAN,-27
3,D1,B,LoRaWAN,-27
3,D1,B,LoRaWAN,-26
3,D1,B,LoRaWAN,-27
3,D1,B,LoRaWAN,-27
3,D1,B,LoRaWAN,-27
3,D1,B,LoRaWAN,-27
3,D1,B,LoRaWAN,-26
3,D1,B,LoRaWAN,-26
3,D1,B,LoRaWAN,-27
3,D1,B,LoRaWAN,-27
3,D1,B,LoRaWAN,-27
3,D1,B,LoRaWAN,-26
3,D1,B,LoRaWAN,-27
3,D1,B,LoRaWAN,-26
3,D1,B,LoRaWAN,-26
3,D1,B,LoRaWAN,-27
3,D1,B,LoRaWAN,-27
3,D1,B,LoRaWAN,-26
3,D1,B,LoRaWAN,-26
3,D1,B,LoRaWAN,-27
3,D1,B,LoRaWAN,-26
3,D1,B,LoRaWAN,-26
3,D1,B,LoRaWAN,-26
3,D1,B,LoRaWAN,-26
3,D1,B,LoRaWAN,-26
3,D1,B,LoRaWAN,-26
3,D1,B,LoRaWAN,-26
3,D1,B,LoRaWAN,-27
3,D1,B,LoRaWAN,-27
3,D1,B,LoRaWAN,-27
3,D1,B,LoRaWAN,-27
3,D1,B,LoRaWAN,-27
3,D1,B,LoRaWAN,-26
3,D1,B,LoRaWAN,-26
3,D1,B,LoRaWAN,-27
3,D1,B,LoRaWAN,-27
3,D1,B,LoRaWAN,-26
3,D1,B,LoRaWAN,-26
3,D1,B,LoRaWAN,-26
3,D1,B,LoRaWAN,-27
3,D1,B,LoRaWAN,-27
3,D1,B,LoRaWAN,-26
3,D1,B,LoRaWAN,-26
3,D1,B,LoRaWAN,-27
3,D1,B,LoRaWAN,-26
3,D1,B,LoRaWAN,-26
3,D1,B,LoRaWAN,-26
3,D1,B,WiFi,-59
3,D1,B,WiFi,-58
3,D1,B,WiFi,-59
3,D1,B,WiFi,-58
3,D1,B,WiFi,-59
3,D1,B,WiFi,-58
3,D1,B,WiFi,-58
3,D1,B,WiFi,-56
3,D1,B,WiFi,-60
3,D1,B,WiFi,-58
3,D1,B,WiFi,-60
3,D1,B,WiFi,-60
3,D1,B,WiFi,-57
3,D1,B,WiFi,-58
3,D1,B,WiFi,-61
3,D1,B,WiFi,-59
3,D1,B,WiFi,-60
3,D1,B,WiFi,-61
3,D1,B,WiFi,-59
3,D1,B,WiFi,-60
3,D1,B,WiFi,-58
3,D1,B,WiFi,-60
3,D1,B,WiFi,-59
3,D1,B,WiFi,-60
3,D1,B,WiFi,-58
3,D1,B,WiFi,-59
3,D1,B,WiFi,-61
3,D1,B,WiFi,-60
3,D1,B,WiFi,-56
3,D1,B,WiFi,-58
3,D1,B,WiFi,-60
3,D1,B,WiFi,-60
3,D1,B,WiFi,-59
3,D1,B,WiFi,-58
3,D1,B,WiFi,-59
3,D1,B,WiFi,-58
3,D1,B,WiFi,-59
3,D1,B,WiFi,-59
3,D1,B,WiFi,-59
3,D1,B,WiFi,-58
3,D1,B,WiFi,-59
3,D1,B,WiFi,-59
3,D1,B,WiFi,-58
3,D1,B,WiFi,-60
3,D1,B,WiFi,-60
3,D1,B,WiFi,-57
3,D1,B,WiFi,-58
3,D1,B,WiFi,-58
3,D1,B,WiFi,-58
3,D1,B,WiFi,-59
3,D1,B,WiFi,-59
3,D1,B,WiFi,-59
3,D1,B,WiFi,-58
3,D1,B,WiFi,-58
3,D1,B,WiFi,-60
3,D1,B,WiFi,-59
3,D1,B,WiFi,-59
3,D1,B,WiFi,-58
3,D1,B,WiFi,-60
3,D1,B,WiFi,-58
3,D1,B,WiFi,-61
3,D1,B,WiFi,-57
3,D1,B,WiFi,-60
3,D1,B,WiFi,-59
3,D1,B,WiFi,-58
3,D1,B,WiFi,-59
3,D1,B,WiFi,-59
3,D1,B,WiFi,-59
3,D1,B,WiFi,-60
3,D1,B,WiFi,-59
3,D1,B,WiFi,-59
3,D1,B,WiFi,-57
3,D1,B,WiFi,-60
3,D1,B,WiFi,-58
3,D1,B,WiFi,-59
3,D1,B,WiFi,-60
3,D1,B,WiFi,-59
3,D1,B,WiFi,-60
3,D1,B,WiFi,-57
3,D1,B,WiFi,-59
3,D1,B,WiFi,-58
3,D1,B,WiFi,-59
3,D1,B,WiFi,-58
3,D1,B,WiFi,-60
3,D1,B,WiFi,-59
3,D1,B,WiFi,-59
3,D1,B,WiFi,-59
3,D1,B,WiFi,-60
3,D1,B,WiFi,-59
3,D1,B,WiFi,-57
3,D1,B,WiFi,-61
3,D1,B,WiFi,-60
3,D1,B,WiFi,-60
3,D1,B,WiFi,-60
3,D1,B,WiFi,-60
3,D1,B,WiFi,-58
3,D1,B,WiFi,-58
3,D1,B,WiFi,-59
3,D1,B,WiFi,-60
3,D1,B,WiFi,-59
3,D1,B,WiFi,-60
3,D1,B,WiFi,-58
3,D1,B,WiFi,-57
3,D1,B,WiFi,-60
3,D1,B,WiFi,-58
3,D1,B,WiFi,-57
3,D1,B,WiFi,-56
3,D1,B,Zigbee,-48
3,D1,B,Zigbee,-49
3,D1,B,Zigbee,-48
3,D1,B,Zigbee,-48
3,D1,B,Zigbee,-49
3,D1,B,Zigbee,-49
3,D1,B,Zigbee,-48
3,D1,B,Zigbee,-48
3,D1,B,Zigbee,-49
3,D1,B,Zigbee,-49
3,D1,B,Zigbee,-48
3,D1,B,Zigbee,-48
3,D1,B,Zigbee,-48
3,D1,B,Zigbee,-48
3,D1,B,Zigbee,-49
3,D1,B,Zigbee,-48
3,D1,B,Zigbee,-48
3,D1,B,Zigbee,-48
3,D1,B,Zigbee,-48
3,D1,B,Zigbee,-48
3,D1,B,Zigbee,-48
3,D1,B,Zigbee,-49
3,D1,B,Zigbee,-49
3,D1,B,Zigbee,-48
3,D1,B,Zigbee,-48
3,D1,B,Zigbee,-49
3,D1,B,Zigbee,-49
3,D1,B,Zigbee,-48
3,D1,B,Zigbee,-48
3,D1,B,Zigbee,-48
3,D1,B,Zigbee,-48
3,D1,B,Zigbee,-48
3,D1,B,Zigbee,-48
3,D1,B,Zigbee,-49
3,D1,B,Zigbee,-48
3,D1,B,Zigbee,-48
3,D1,B,Zigbee,-49
3,D1,B,Zigbee,-49
3,D1,B,Zigbee,-48
3,D1,B,Zigbee,-48
3,D1,B,Zigbee,-48
3,D1,B,Zigbee,-49
3,D1,B,Zigbee,-48
3,D1,B,Zigbee,-48
3,D1,B,Zigbee,-48
3,D1,B,Zigbee,-48
3,D1,B,Zigbee,-48
3,D1,B,Zigbee,-48
3,D1,B,Zigbee,-49
3,D1,B,Zigbee,-49
3,D1,B,Zigbee,-48
3,D1,B,Zigbee,-49
3,D1,B,Zigbee,-49
3,D1,B,Zigbee,-49
3,D1,B,Zigbee,-49
3,D1,B,Zigbee,-49
3,D1,B,Zigbee,-48
3,D1,B,Zigbee,-49
3,D1,B,Zigbee,-48
3,D1,B,Zigbee,-48
3,D1,B,Zigbee,-48
3,D1,B,Zigbee,-48
3,D1,B,Zigbee,-48
3,D1,B,Zigbee,-48
3,D1,B,Zigbee,-49
3,D1,B,Zigbee,-48
3,D1,B,Zigbee,-48
3,D1,B,Zigbee,-48
3,D1,B,Zigbee,-48
3,D1,B,Zigbee,-48
3,D1,B,Zigbee,-48
3,D1,B,Zigbee,-48
3,D1,B,Zigbee,-48
3,D1,B,Zigbee,-48
3,D1,B,Zigbee,-48
3,D1,B,Zigbee,-48
3,D1,B,Zigbee,-48
3,D1,B,Zigbee,-48
3,D1,B,Zigbee,-48
3,D1,B,Zigbee,-48
3,D1,B,Zigbee,-48
3,D1,B,Zigbee,-48
3,D1,B,Zigbee,-48
3,D1,B,Zigbee,-48
3,D1,B,Zigbee,-48
3,D1,B,Zigbee,-49
3,D1,B,Zigbee,-48
3,D1,B,Zigbee,-48
3,D1,B,Zigbee,-48
3,D1,B,Zigbee,-49
3,D1,B,Zigbee,-49
3,D1,B,Zigbee,-48
3,D1,B,Zigbee,-48
3,D1,B,Zigbee,-48
3,D1,B,Zigbee,-48
3,D1,B,Zigbee,-48
3,D1,B,Zigbee,-48
3,D1,B,Zigbee,-48
3,D1,B,Zigbee,-48
3,D1,B,Zigbee,-48
3,D1,B,Zigbee,-48
3,D1,B,Zigbee,-48
3,D1,B,Zigbee,-48
3,D1,B,Zigbee,-48
3,D1,B,Zigbee,-49
3,D1,B,Zigbee,-49
3,D1,B,Zigbee,-48
3,D1,C,BLE,-73
3,D1,C,BLE,-90
3,D1,C,BLE,-74
3,D1,C,BLE,-78
3,D1,C,BLE,-77
3,D1,C,BLE,-81
3,D1,C,BLE,-71
3,D1,C,BLE,-70
3,D1,C,BLE,-90
3,D1,C,BLE,-90
3,D1,C,BLE,-92
3,D1,C,BLE,-77
3,D1,C,BLE,-77
3,D1,C,BLE,-82
3,D1,C,BLE,-90
3,D1,C,BLE,-82
3,D1,C,BLE,-68
3,D1,C,BLE,-78
3,D1,C,BLE,-90
3,D1,C,BLE,-75
3,D1,C,BLE,-74
3,D1,C,BLE,-92
3,D1,C,BLE,-82
3,D1,C,BLE,-70
3,D1,C,BLE,-70
3,D1,C,BLE,-70
3,D1,C,BLE,-74
3,D1,C,BLE,-70
3,D1,C,BLE,-82
3,D1,C,BLE,-77
3,D1,C,BLE,-74
3,D1,C,BLE,-91
3,D1,C,BLE,-76
3,D1,C,BLE,-82
3,D1,C,BLE,-70
3,D1,C,BLE,-74
3,D1,C,BLE,-67
3,D1,C,BLE,-67
3,D1,C,BLE,-83
3,D1,C,BLE,-74
3,D1,C,BLE,-91
3,D1,C,BLE,-76
3,D1,C,BLE,-71
3,D1,C,BLE,-75
3,D1,C,BLE,-91
3,D1,C,BLE,-78
3,D1,C,BLE,-76
3,D1,C,BLE,-68
3,D1,C,BLE,-82
3,D1,C,BLE,-75
3,D1,C,BLE,-90
3,D1,C,BLE,-91
3,D1,C,BLE,-75
3,D1,C,BLE,-91
3,D1,C,BLE,-93
3,D1,C,BLE,-71
3,D1,C,BLE,-71
3,D1,C,BLE,-91
3,D1,C,BLE,-90
3,D1,C,BLE,-80
3,D1,C,BLE,-75
3,D1,C,BLE,-82
3,D1,C,BLE,-81
3,D1,C,BLE,-93
3,D1,C,BLE,-74
3,D1,C,BLE,-76
3,D1,C,BLE,-91
3,D1,C,BLE,-71
3,D1,C,BLE,-68
3,D1,C,BLE,-95
3,D1,C,BLE,-76
3,D1,C,BLE,-82
3,D1,C,BLE,-83
3,D1,C,BLE,-83
3,D1,C,BLE,-97
3,D1,C,BLE,-76
3,D1,C,BLE,-71
3,D1,C,BLE,-82
3,D1,C,BLE,-68
3,D1,C,BLE,-92
3,D1,C,BLE,-76
3,D1,C,BLE,-68
3,D1,C,BLE,-82
3,D1,C,BLE,-96
3,D1,C,BLE,-79
3,D1,C,BLE,-85
3,D1,C,BLE,-77
3,D1,C,BLE,-82
3,D1,C,BLE,-68
3,D1,C,BLE,-93
3,D1,C,BLE,-90
3,D1,C,BLE,-76
3,D1,C,BLE,-71
3,D1,C,BLE,-82
3,D1,C,BLE,-92
3,D1,C,BLE,-76
3,D1,C,BLE,-75
3,D1,C,BLE,-78
3,D1,C,BLE,-94
3,D1,C,BLE,-76
3,D1,C,LoRaWAN,-45
3,D1,C,LoRaWAN,-45
3,D1,C,LoRaWAN,-45
3,D1,C,LoRaWAN,-45
3,D1,C,LoRaWAN,-53
3,D1,C,LoRaWAN,-37
3,D1,C,LoRaWAN,-41
3,D1,C,LoRaWAN,-37
3,D1,C,LoRaWAN,-41
3,D1,C,LoRaWAN,-39
3,D1,C,LoRaWAN,-39
3,D1,C,LoRaWAN,-40
3,D1,C,LoRaWAN,-40
3,D1,C,LoRaWAN,-41
3,D1,C,LoRaWAN,-37
3,D1,C,LoRaWAN,-38
3,D1,C,LoRaWAN,-38
3,D1,C,LoRaWAN,-38
3,D1,C,LoRaWAN,-38
3,D1,C,LoRaWAN,-39
3,D1,C,LoRaWAN,-39
3,D1,C,LoRaWAN,-39
3,D1,C,LoRaWAN,-39
3,D1,C,LoRaWAN,-39
3,D1,C,LoRaWAN,-39
3,D1,C,LoRaWAN,-38
3,D1,C,LoRaWAN,-40
3,D1,C,LoRaWAN,-40
3,D1,C,LoRaWAN,-38
3,D1,C,LoRaWAN,-39
3,D1,C,LoRaWAN,-39
3,D1,C,LoRaWAN,-36
3,D1,C,LoRaWAN,-37
3,D1,C,LoRaWAN,-38
3,D1,C,LoRaWAN,-37
3,D1,C,LoRaWAN,-37
3,D1,C,LoRaWAN,-37
3,D1,C,LoRaWAN,-36
3,D1,C,LoRaWAN,-37
3,D1,C,LoRaWAN,-37
3,D1,C,LoRaWAN,-37
3,D1,C,LoRaWAN,-37
3,D1,C,LoRaWAN,-36
3,D1,C,LoRaWAN,-37
3,D1,C,LoRaWAN,-37
3,D1,C,LoRaWAN,-37
3,D1,C,LoRaWAN,-37
3,D1,C,LoRaWAN,-36
3,D1,C,LoRaWAN,-37
3,D1,C,LoRaWAN,-36
3,D1,C,LoRaWAN,-36
3,D1,C,LoRaWAN,-37
3,D1,C,LoRaWAN,-37
3,D1,C,LoRaWAN,-37
3,D1,C,LoRaWAN,-36
3,D1,C,LoRaWAN,-37
3,D1,C,LoRaWAN,-37
3,D1,C,LoRaWAN,-37
3,D1,C,LoRaWAN,-37
3,D1,C,LoRaWAN,-37
3,D1,C,LoRaWAN,-36
3,D1,C,LoRaWAN,-37
3,D1,C,LoRaWAN,-36
3,D1,C,LoRaWAN,-37
3,D1,C,LoRaWAN,-37
3,D1,C,LoRaWAN,-37
3,D1,C,LoRaWAN,-36
3,D1,C,LoRaWAN,-37
3,D1,C,LoRaWAN,-37
3,D1,C,LoRaWAN,-37
3,D1,C,LoRaWAN,-36
3,D1,C,LoRaWAN,-37
3,D1,C,LoRaWAN,-37
3,D1,C,LoRaWAN,-37
3,D1,C,LoRaWAN,-36
3,D1,C,LoRaWAN,-37
3,D1,C,LoRaWAN,-36
3,D1,C,LoRaWAN,-37
3,D1,C,LoRaWAN,-37
3,D1,C,LoRaWAN,-36
3,D1,C,LoRaWAN,-37
3,D1,C,LoRaWAN,-36
3,D1,C,LoRaWAN,-37
3,D1,C,LoRaWAN,-36
3,D1,C,LoRaWAN,-37
3,D1,C,LoRaWAN,-37
3,D1,C,LoRaWAN,-37
3,D1,C,LoRaWAN,-37
3,D1,C,LoRaWAN,-37
3,D1,C,LoRaWAN,-37
3,D1,C,LoRaWAN,-36
3,D1,C,LoRaWAN,-37
3,D1,C,LoRaWAN,-37
3,D1,C,LoRaWAN,-36
3,D1,C,LoRaWAN,-36
3,D1,C,LoRaWAN,-36
3,D1,C,LoRaWAN,-37
3,D1,C,LoRaWAN,-37
3,D1,C,LoRaWAN,-37
3,D1,C,LoRaWAN,-37
3,D1,C,LoRaWAN,-37
3,D1,C,LoRaWAN,-36
3,D1,C,LoRaWAN,-37
3,D1,C,LoRaWAN,-37
3,D1,C,LoRaWAN,-38
3,D1,C,LoRaWAN,-36
3,D1,C,WiFi,-53
3,D1,C,WiFi,-52
3,D1,C,WiFi,-52
3,D1,C,WiFi,-52
3,D1,C,WiFi,-51
3,D1,C,WiFi,-53
3,D1,C,WiFi,-52
3,D1,C,WiFi,-53
3,D1,C,WiFi,-52
3,D1,C,WiFi,-53
3,D1,C,WiFi,-54
3,D1,C,WiFi,-53
3,D1,C,WiFi,-53
3,D1,C,WiFi,-54
3,D1,C,WiFi,-53
3,D1,C,WiFi,-55
3,D1,C,WiFi,-54
3,D1,C,WiFi,-52
3,D1,C,WiFi,-53
3,D1,C,WiFi,-53
3,D1,C,WiFi,-51
3,D1,C,WiFi,-54
3,D1,C,WiFi,-52
3,D1,C,WiFi,-54
3,D1,C,WiFi,-52
3,D1,C,WiFi,-55
3,D1,C,WiFi,-53
3,D1,C,WiFi,-51
3,D1,C,WiFi,-53
3,D1,C,WiFi,-53
3,D1,C,WiFi,-53
3,D1,C,WiFi,-54
3,D1,C,WiFi,-54
3,D1,C,WiFi,-52
3,D1,C,WiFi,-55
3,D1,C,WiFi,-52
3,D1,C,WiFi,-53
3,D1,C,WiFi,-51
3,D1,C,WiFi,-52
3,D1,C,WiFi,-51
3,D1,C,WiFi,-54
3,D1,C,WiFi,-52
3,D1,C,WiFi,-52
3,D1,C,WiFi,-52
3,D1,C,WiFi,-51
3,D1,C,WiFi,-55
3,D1,C,WiFi,-53
3,D1,C,WiFi,-53
3,D1,C,WiFi,-53
3,D1,C,WiFi,-55
3,D1,C,WiFi,-53
3,D1,C,WiFi,-51
3,D1,C,WiFi,-52
3,D1,C,WiFi,-53
3,D1,C,WiFi,-54
3,D1,C,WiFi,-52
3,D1,C,WiFi,-53
3,D1,C,WiFi,-53
3,D1,C,WiFi,-54
3,D1,C,WiFi,-53
3,D1,C,WiFi,-55
3,D1,C,WiFi,-53
3,D1,C,WiFi,-53
3,D1,C,WiFi,-53
3,D1,C,WiFi,-53
3,D1,C,WiFi,-53
3,D1,C,WiFi,-53
3,D1,C,WiFi,-53
3,D1,C,WiFi,-53
3,D1,C,WiFi,-55
3,D1,C,WiFi,-51
3,D1,C,WiFi,-53
3,D1,C,WiFi,-54
3,D1,C,WiFi,-54
3,D1,C,WiFi,-54
3,D1,C,WiFi,-55
3,D1,C,WiFi,-53
3,D1,C,WiFi,-55
3,D1,C,WiFi,-53
3,D1,C,WiFi,-55
3,D1,C,WiFi,-55
3,D1,C,WiFi,-54
3,D1,C,WiFi,-54
3,D1,C,WiFi,-55
3,D1,C,WiFi,-53
3,D1,C,WiFi,-53
3,D1,C,WiFi,-54
3,D1,C,WiFi,-54
3,D1,C,WiFi,-52
3,D1,C,WiFi,-53
3,D1,C,WiFi,-55
3,D1,C,WiFi,-54
3,D1,C,WiFi,-53
3,D1,C,WiFi,-53
3,D1,C,WiFi,-53
3,D1,C,WiFi,-53
3,D1,C,WiFi,-52
3,D1,C,WiFi,-53
3,D1,C,WiFi,-56
3,D1,C,WiFi,-54
3,D1,C,WiFi,-53
3,D1,C,WiFi,-53
3,D1,C,WiFi,-53
3,D1,C,WiFi,-53
3,D1,C,WiFi,-51
3,D1,C,WiFi,-54
3,D1,C,WiFi,-53
3,D1,C,Zigbee,-66
3,D1,C,Zigbee,-64
3,D1,C,Zigbee,-64
3,D1,C,Zigbee,-64
3,D1,C,Zigbee,-66
3,D1,C,Zigbee,-64
3,D1,C,Zigbee,-66
3,D1,C,Zigbee,-52
3,D1,C,Zigbee,-65
3,D1,C,Zigbee,-65
3,D1,C,Zigbee,-65
3,D1,C,Zigbee,-65
3,D1,C,Zigbee,-65
3,D1,C,Zigbee,-65
3,D1,C,Zigbee,-65
3,D1,C,Zigbee,-65
3,D1,C,Zigbee,-65
3,D1,C,Zigbee,-65
3,D1,C,Zigbee,-65
3,D1,C,Zigbee,-65
3,D1,C,Zigbee,-65
3,D1,C,Zigbee,-65
3,D1,C,Zigbee,-65
3,D1,C,Zigbee,-65
3,D1,C,Zigbee,-65
3,D1,C,Zigbee,-65
3,D1,C,Zigbee,-65
3,D1,C,Zigbee,-65
3,D1,C,Zigbee,-65
3,D1,C,Zigbee,-65
3,D1,C,Zigbee,-65
3,D1,C,Zigbee,-65
3,D1,C,Zigbee,-65
3,D1,C,Zigbee,-65
3,D1,C,Zigbee,-65
3,D1,C,Zigbee,-65
3,D1,C,Zigbee,-65
3,D1,C,Zigbee,-65
3,D1,C,Zigbee,-65
3,D1,C,Zigbee,-65
3,D1,C,Zigbee,-65
3,D1,C,Zigbee,-65
3,D1,C,Zigbee,-65
3,D1,C,Zigbee,-65
3,D1,C,Zigbee,-65
3,D1,C,Zigbee,-65
3,D1,C,Zigbee,-65
3,D1,C,Zigbee,-65
3,D1,C,Zigbee,-66
3,D1,C,Zigbee,-66
3,D1,C,Zigbee,-65
3,D1,C,Zigbee,-65
3,D1,C,Zigbee,-65
3,D1,C,Zigbee,-65
3,D1,C,Zigbee,-65
3,D1,C,Zigbee,-65
3,D1,C,Zigbee,-65
3,D1,C,Zigbee,-65
3,D1,C,Zigbee,-65
3,D1,C,Zigbee,-65
3,D1,C,Zigbee,-65
3,D1,C,Zigbee,-65
3,D1,C,Zigbee,-65
3,D1,C,Zigbee,-65
3,D1,C,Zigbee,-65
3,D1,C,Zigbee,-65
3,D1,C,Zigbee,-65
3,D1,C,Zigbee,-65
3,D1,C,Zigbee,-65
3,D1,C,Zigbee,-65
3,D1,C,Zigbee,-65
3,D1,C,Zigbee,-65
3,D1,C,Zigbee,-65
3,D1,C,Zigbee,-65
3,D1,C,Zigbee,-65
3,D1,C,Zigbee,-65
3,D1,C,Zigbee,-65
3,D1,C,Zigbee,-65
3,D1,C,Zigbee,-65
3,D1,C,Zigbee,-65
3,D1,C,Zigbee,-65
3,D1,C,Zigbee,-65
3,D1,C,Zigbee,-65
3,D1,C,Zigbee,-65
3,D1,C,Zigbee,-65
3,D1,C,Zigbee,-65
3,D1,C,Zigbee,-65
3,D1,C,Zigbee,-65
3,D1,C,Zigbee,-65
3,D1,C,Zigbee,-65
3,D1,C,Zigbee,-65
3,D1,C,Zigbee,-65
3,D1,C,Zigbee,-65
3,D1,C,Zigbee,-65
3,D1,C,Zigbee,-65
3,D1,C,Zigbee,-65
3,D1,C,Zigbee,-65
3,D1,C,Zigbee,-65
3,D1,C,Zigbee,-65
3,D1,C,Zigbee,-65
3,D1,C,Zigbee,-65
3,D1,C,Zigbee,-65
3,D1,C,Zigbee,-65
3,D1,C,Zigbee,-65
3,D1,C,Zigbee,-65
3,D1,C,Zigbee,-65
3,D2,A,BLE,-80
3,D2,A,BLE,-78
3,D2,A,BLE,-86
3,D2,A,BLE,-66
3,D2,A,BLE,-81
3,D2,A,BLE,-78
3,D2,A,BLE,-62
3,D2,A,BLE,-62
3,D2,A,BLE,-83
3,D2,A,BLE,-60
3,D2,A,BLE,-71
3,D2,A,BLE,-71
3,D2,A,BLE,-70
3,D2,A,BLE,-73
3,D2,A,BLE,-62
3,D2,A,BLE,-62
3,D2,A,BLE,-69
3,D2,A,BLE,-70
3,D2,A,BLE,-81
3,D2,A,BLE,-65
3,D2,A,BLE,-63
3,D2,A,BLE,-82
3,D2,A,BLE,-71
3,D2,A,BLE,-66
3,D2,A,BLE,-68
3,D2,A,BLE,-63
3,D2,A,BLE,-77
3,D2,A,BLE,-63
3,D2,A,BLE,-84
3,D2,A,BLE,-71
3,D2,A,BLE,-69
3,D2,A,BLE,-68
3,D2,A,BLE,-62
3,D2,A,BLE,-66
3,D2,A,BLE,-62
3,D2,A,BLE,-72
3,D2,A,BLE,-82
3,D2,A,BLE,-69
3,D2,A,BLE,-63
3,D2,A,BLE,-66
3,D2,A,BLE,-71
3,D2,A,BLE,-66
3,D2,A,BLE,-79
3,D2,A,BLE,-77
3,D2,A,BLE,-71
3,D2,A,BLE,-81
3,D2,A,BLE,-65
3,D2,A,BLE,-77
3,D2,A,BLE,-62
3,D2,A,BLE,-82
3,D2,A,BLE,-71
3,D2,A,BLE,-82
3,D2,A,BLE,-67
3,D2,A,BLE,-62
3,D2,A,BLE,-70
3,D2,A,BLE,-82
3,D2,A,BLE,-81
3,D2,A,BLE,-69
3,D2,A,BLE,-77
3,D2,A,BLE,-76
3,D2,A,BLE,-62
3,D2,A,BLE,-81
3,D2,A,BLE,-80
3,D2,A,BLE,-67
3,D2,A,BLE,-62
3,D2,A,BLE,-76
3,D2,A,BLE,-70
3,D2,A,BLE,-81
3,D2,A,BLE,-67
3,D2,A,BLE,-67
3,D2,A,BLE,-67
3,D2,A,BLE,-65
3,D2,A,BLE,-83
3,D2,A,BLE,-76
3,D2,A,BLE,-62
3,D2,A,BLE,-68
3,D2,A,BLE,-67
3,D2,A,BLE,-83
3,D2,A,BLE,-65
3,D2,A,BLE,-66
3,D2,A,BLE,-62
3,D2,A,BLE,-76
3,D2,A,BLE,-62
3,D2,A,BLE,-71
3,D2,A,BLE,-81
3,D2,A,BLE,-70
3,D2,A,BLE,-70
3,D2,A,BLE,-70
3,D2,A,BLE,-82
3,D2,A,BLE,-83
3,D2,A,BLE,-67
3,D2,A,BLE,-63
3,D2,A,BLE,-77
3,D2,A,BLE,-62
3,D2,A,BLE,-69
3,D2,A,BLE,-70
3,D2,A,BLE,-67
3,D2,A,BLE,-66
3,D2,A,BLE,-67
3,D2,A,BLE,-71
3,D2,A,BLE,-69
3,D2,A,BLE,-62
3,D2,A,BLE,-81
3,D2,A,LoRaWAN,-32
3,D2,A,LoRaWAN,-30
3,D2,A,LoRaWAN,-30
3,D2,A,LoRaWAN,-30
3,D2,A,LoRaWAN,-30
3,D2,A,LoRaWAN,-30
3,D2,A,LoRaWAN,-30
3,D2,A,LoRaWAN,-30
3,D2,A,LoRaWAN,-31
3,D2,A,LoRaWAN,-31
3,D2,A,LoRaWAN,-31
3,D2,A,LoRaWAN,-31
3,D2,A,LoRaWAN,-31
3,D2,A,LoRaWAN,-31
3,D2,A,LoRaWAN,-31
3,D2,A,LoRaWAN,-31
3,D2,A,LoRaWAN,-31
3,D2,A,LoRaWAN,-31
3,D2,A,LoRaWAN,-31
3,D2,A,LoRaWAN,-30
3,D2,A,LoRaWAN,-30
3,D2,A,LoRaWAN,-31
3,D2,A,LoRaWAN,-31
3,D2,A,LoRaWAN,-30
3,D2,A,LoRaWAN,-30
3,D2,A,LoRaWAN,-31
3,D2,A,LoRaWAN,-31
3,D2,A,LoRaWAN,-31
3,D2,A,LoRaWAN,-31
3,D2,A,LoRaWAN,-32
3,D2,A,LoRaWAN,-31
3,D2,A,LoRaWAN,-30
3,D2,A,LoRaWAN,-30
3,D2,A,LoRaWAN,-31
3,D2,A,LoRaWAN,-31
3,D2,A,LoRaWAN,-30
3,D2,A,LoRaWAN,-30
3,D2,A,LoRaWAN,-30
3,D2,A,LoRaWAN,-31
3,D2,A,LoRaWAN,-30
3,D2,A,LoRaWAN,-30
3,D2,A,LoRaWAN,-30
3,D2,A,LoRaWAN,-30
3,D2,A,LoRaWAN,-31
3,D2,A,LoRaWAN,-31
3,D2,A,LoRaWAN,-30
3,D2,A,LoRaWAN,-30
3,D2,A,LoRaWAN,-30
3,D2,A,LoRaWAN,-31
3,D2,A,LoRaWAN,-30
3,D2,A,LoRaWAN,-30
3,D2,A,LoRaWAN,-30
3,D2,A,LoRaWAN,-30
3,D2,A,LoRaWAN,-30
3,D2,A,LoRaWAN,-30
3,D2,A,LoRaWAN,-30
3,D2,A,LoRaWAN,-30
3,D2,A,LoRaWAN,-31
3,D2,A,LoRaWAN,-31
3,D2,A,LoRaWAN,-31
3,D2,A,LoRaWAN,-30
3,D2,A,LoRaWAN,-30
3,D2,A,LoRaWAN,-30
3,D2,A,LoRaWAN,-30
3,D2,A,LoRaWAN,-31
3,D2,A,LoRaWAN,-30
3,D2,A,LoRaWAN,-30
3,D2,A,LoRaWAN,-31
3,D2,A,LoRaWAN,-31
3,D2,A,LoRaWAN,-30
3,D2,A,LoRaWAN,-30
3,D2,A,LoRaWAN,-30
3,D2,A,LoRaWAN,-30
3,D2,A,LoRaWAN,-31
3,D2,A,LoRaWAN,-31
3,D2,A,LoRaWAN,-31
3,D2,A,LoRaWAN,-30
3,D2,A,LoRaWAN,-30
3,D2,A,LoRaWAN,-30
3,D2,A,LoRaWAN,-30
3,D2,A,LoRaWAN,-30
3,D2,A,LoRaWAN,-31
3,D2,A,LoRaWAN,-31
3,D2,A,LoRaWAN,-31
3,D2,A,LoRaWAN,-31
3,D2,A,LoRaWAN,-30
3,D2,A,LoRaWAN,-30
3,D2,A,LoRaWAN,-30
3,D2,A,LoRaWAN,-30
3,D2,A,LoRaWAN,-30
3,D2,A,LoRaWAN,-30
3,D2,A,LoRaWAN,-30
3,D2,A,LoRaWAN,-30
3,D2,A,LoRaWAN,-30
3,D2,A,LoRaWAN,-30
3,D2,A,LoRaWAN,-31
3,D2,A,LoRaWAN,-29
3,D2,A,LoRaWAN,-30
3,D2,A,LoRaWAN,-30
3,D2,A,LoRaWAN,-30
3,D2,A,LoRaWAN,-31
3,D2,A,LoRaWAN,-30
3,D2,A,LoRaWAN,-30
3,D2,A,LoRaWAN,-30
3,D2,A,LoRaWAN,-30
3,D2,A,LoRaWAN,-30
3,D2,A,WiFi,-49
3,D2,A,WiFi,-51
3,D2,A,WiFi,-51
3,D2,A,WiFi,-50
3,D2,A,WiFi,-49
3,D2,A,WiFi,-52
3,D2,A,WiFi,-50
3,D2,A,WiFi,-50
3,D2,A,WiFi,-49
3,D2,A,WiFi,-49
3,D2,A,WiFi,-49
3,D2,A,WiFi,-47
3,D2,A,WiFi,-52
3,D2,A,WiFi,-51
3,D2,A,WiFi,-50
3,D2,A,WiFi,-52
3,D2,A,WiFi,-49
3,D2,A,WiFi,-52
3,D2,A,WiFi,-49
3,D2,A,WiFi,-48
3,D2,A,WiFi,-53
3,D2,A,WiFi,-51
3,D2,A,WiFi,-48
3,D2,A,WiFi,-50
3,D2,A,WiFi,-47
3,D2,A,WiFi,-52
3,D2,A,WiFi,-52
3,D2,A,WiFi,-47
3,D2,A,WiFi,-50
3,D2,A,WiFi,-50
3,D2,A,WiFi,-49
3,D2,A,WiFi,-50
3,D2,A,WiFi,-50
3,D2,A,WiFi,-49
3,D2,A,WiFi,-49
3,D2,A,WiFi,-52
3,D2,A,WiFi,-47
3,D2,A,WiFi,-49
3,D2,A,WiFi,-47
3,D2,A,WiFi,-49
3,D2,A,WiFi,-48
3,D2,A,WiFi,-47
3,D2,A,WiFi,-47
3,D2,A,WiFi,-47
3,D2,A,WiFi,-47
3,D2,A,WiFi,-51
3,D2,A,WiFi,-47
3,D2,A,WiFi,-49
3,D2,A,WiFi,-50
3,D2,A,WiFi,-49
3,D2,A,WiFi,-51
3,D2,A,WiFi,-50
3,D2,A,WiFi,-50
3,D2,A,WiFi,-52
3,D2,A,WiFi,-51
3,D2,A,WiFi,-50
3,D2,A,WiFi,-49
3,D2,A,WiFi,-51
3,D2,A,WiFi,-51
3,D2,A,WiFi,-50
3,D2,A,WiFi,-51
3,D2,A,WiFi,-51
3,D2,A,WiFi,-51
3,D2,A,WiFi,-47
3,D2,A,WiFi,-48
3,D2,A,WiFi,-49
3,D2,A,WiFi,-48
3,D2,A,WiFi,-50
3,D2,A,WiFi,-50
3,D2,A,WiFi,-47
3,D2,A,WiFi,-47
3,D2,A,WiFi,-51
3,D2,A,WiFi,-47
3,D2,A,WiFi,-49
3,D2,A,WiFi,-52
3,D2,A,WiFi,-49
3,D2,A,WiFi,-51
3,D2,A,WiFi,-50
3,D2,A,WiFi,-51
3,D2,A,WiFi,-51
3,D2,A,WiFi,-47
3,D2,A,WiFi,-47
3,D2,A,WiFi,-50
3,D2,A,WiFi,-50
3,D2,A,WiFi,-48
3,D2,A,WiFi,-48
3,D2,A,WiFi,-47
3,D2,A,WiFi,-50
3,D2,A,WiFi,-48
3,D2,A,WiFi,-48
3,D2,A,WiFi,-48
3,D2,A,WiFi,-51
3,D2,A,WiFi,-50
3,D2,A,WiFi,-50
3,D2,A,WiFi,-49
3,D2,A,WiFi,-51
3,D2,A,WiFi,-48
3,D2,A,WiFi,-49
3,D2,A,WiFi,-49
3,D2,A,WiFi,-49
3,D2,A,WiFi,-51
3,D2,A,WiFi,-48
3,D2,A,WiFi,-46
3,D2,A,WiFi,-46
3,D2,A,WiFi,-49
3,D2,A,WiFi,-50
3,D2,A,WiFi,-49
3,D2,A,Zigbee,-57
3,D2,A,Zigbee,-57
3,D2,A,Zigbee,-57
3,D2,A,Zigbee,-57
3,D2,A,Zigbee,-57
3,D2,A,Zigbee,-57
3,D2,A,Zigbee,-57
3,D2,A,Zigbee,-56
3,D2,A,Zigbee,-56
3,D2,A,Zigbee,-57
3,D2,A,Zigbee,-57
3,D2,A,Zigbee,-57
3,D2,A,Zigbee,-57
3,D2,A,Zigbee,-57
3,D2,A,Zigbee,-57
3,D2,A,Zigbee,-57
3,D2,A,Zigbee,-57
3,D2,A,Zigbee,-56
3,D2,A,Zigbee,-56
3,D2,A,Zigbee,-56
3,D2,A,Zigbee,-56
3,D2,A,Zigbee,-57
3,D2,A,Zigbee,-56
3,D2,A,Zigbee,-57
3,D2,A,Zigbee,-56
3,D2,A,Zigbee,-56
3,D2,A,Zigbee,-57
3,D2,A,Zigbee,-57
3,D2,A,Zigbee,-57
3,D2,A,Zigbee,-57
3,D2,A,Zigbee,-56
3,D2,A,Zigbee,-56
3,D2,A,Zigbee,-56
3,D2,A,Zigbee,-56
3,D2,A,Zigbee,-56
3,D2,A,Zigbee,-56
3,D2,A,Zigbee,-57
3,D2,A,Zigbee,-57
3,D2,A,Zigbee,-57
3,D2,A,Zigbee,-57
3,D2,A,Zigbee,-57
3,D2,A,Zigbee,-57
3,D2,A,Zigbee,-57
3,D2,A,Zigbee,-57
3,D2,A,Zigbee,-57
3,D2,A,Zigbee,-55
3,D2,A,Zigbee,-57
3,D2,A,Zigbee,-57
3,D2,A,Zigbee,-57
3,D2,A,Zigbee,-57
3,D2,A,Zigbee,-57
3,D2,A,Zigbee,-57
3,D2,A,Zigbee,-56
3,D2,A,Zigbee,-55
3,D2,A,Zigbee,-57
3,D2,A,Zigbee,-57
3,D2,A,Zigbee,-56
3,D2,A,Zigbee,-57
3,D2,A,Zigbee,-56
3,D2,A,Zigbee,-56
3,D2,A,Zigbee,-56
3,D2,A,Zigbee,-56
3,D2,A,Zigbee,-56
3,D2,A,Zigbee,-56
3,D2,A,Zigbee,-56
3,D2,A,Zigbee,-56
3,D2,A,Zigbee,-56
3,D2,A,Zigbee,-56
3,D2,A,Zigbee,-56
3,D2,A,Zigbee,-56
3,D2,A,Zigbee,-56
3,D2,A,Zigbee,-56
3,D2,A,Zigbee,-56
3,D2,A,Zigbee,-56
3,D2,A,Zigbee,-57
3,D2,A,Zigbee,-56
3,D2,A,Zigbee,-56
3,D2,A,Zigbee,-56
3,D2,A,Zigbee,-56
3,D2,A,Zigbee,-56
3,D2,A,Zigbee,-56
3,D2,A,Zigbee,-56
3,D2,A,Zigbee,-56
3,D2,A,Zigbee,-56
3,D2,A,Zigbee,-57
3,D2,A,Zigbee,-56
3,D2,A,Zigbee,-56
3,D2,A,Zigbee,-56
3,D2,A,Zigbee,-56
3,D2,A,Zigbee,-56
3,D2,A,Zigbee,-56
3,D2,A,Zigbee,-56
3,D2,A,Zigbee,-56
3,D2,A,Zigbee,-56
3,D2,A,Zigbee,-56
3,D2,A,Zigbee,-56
3,D2,A,Zigbee,-56
3,D2,A,Zigbee,-56
3,D2,A,Zigbee,-56
3,D2,A,Zigbee,-56
3,D2,A,Zigbee,-56
3,D2,A,Zigbee,-57
3,D2,A,Zigbee,-56
3,D2,A,Zigbee,-54
3,D2,A,Zigbee,-56
3,D2,A,Zigbee,-56
3,D2,A,Zigbee,-57
3,D2,B,BLE,-61
3,D2,B,BLE,-72
3,D2,B,BLE,-83
3,D2,B,BLE,-65
3,D2,B,BLE,-71
3,D2,B,BLE,-65
3,D2,B,BLE,-78
3,D2,B,BLE,-71
3,D2,B,BLE,-69
3,D2,B,BLE,-64
3,D2,B,BLE,-68
3,D2,B,BLE,-71
3,D2,B,BLE,-69
3,D2,B,BLE,-68
3,D2,B,BLE,-80
3,D2,B,BLE,-83
3,D2,B,BLE,-83
3,D2,B,BLE,-71
3,D2,B,BLE,-69
3,D2,B,BLE,-73
3,D2,B,BLE,-66
3,D2,B,BLE,-82
3,D2,B,BLE,-64
3,D2,B,BLE,-65
3,D2,B,BLE,-64
3,D2,B,BLE,-73
3,D2,B,BLE,-83
3,D2,B,BLE,-70
3,D2,B,BLE,-85
3,D2,B,BLE,-66
3,D2,B,BLE,-83
3,D2,B,BLE,-67
3,D2,B,BLE,-82
3,D2,B,BLE,-84
3,D2,B,BLE,-64
3,D2,B,BLE,-84
3,D2,B,BLE,-70
3,D2,B,BLE,-81
3,D2,B,BLE,-68
3,D2,B,BLE,-73
3,D2,B,BLE,-73
3,D2,B,BLE,-73
3,D2,B,BLE,-70
3,D2,B,BLE,-79
3,D2,B,BLE,-64
3,D2,B,BLE,-79
3,D2,B,BLE,-65
3,D2,B,BLE,-72
3,D2,B,BLE,-84
3,D2,B,BLE,-72
3,D2,B,BLE,-69
3,D2,B,BLE,-65
3,D2,B,BLE,-83
3,D2,B,BLE,-85
3,D2,B,BLE,-73
3,D2,B,BLE,-65
3,D2,B,BLE,-84
3,D2,B,BLE,-85
3,D2,B,BLE,-69
3,D2,B,BLE,-68
3,D2,B,BLE,-68
3,D2,B,BLE,-72
3,D2,B,BLE,-82
3,D2,B,BLE,-72
3,D2,B,BLE,-79
3,D2,B,BLE,-79
3,D2,B,BLE,-65
3,D2,B,BLE,-68
3,D2,B,BLE,-84
3,D2,B,BLE,-71
3,D2,B,BLE,-81
3,D2,B,BLE,-67
3,D2,B,BLE,-69
3,D2,B,BLE,-72
3,D2,B,BLE,-69
3,D2,B,BLE,-64
3,D2,B,BLE,-67
3,D2,B,BLE,-79
3,D2,B,BLE,-71
3,D2,B,BLE,-83
3,D2,B,BLE,-68
3,D2,B,BLE,-65
3,D2,B,BLE,-72
3,D2,B,BLE,-72
3,D2,B,BLE,-72
3,D2,B,BLE,-85
3,D2,B,BLE,-68
3,D2,B,BLE,-68
3,D2,B,BLE,-69
3,D2,B,BLE,-69
3,D2,B,BLE,-85
3,D2,B,BLE,-68
3,D2,B,BLE,-82
3,D2,B,BLE,-68
3,D2,B,LoRaWAN,-34
3,D2,B,LoRaWAN,-34
3,D2,B,LoRaWAN,-34
3,D2,B,LoRaWAN,-34
3,D2,B,LoRaWAN,-33
3,D2,B,LoRaWAN,-33
3,D2,B,LoRaWAN,-34
3,D2,B,LoRaWAN,-33
3,D2,B,LoRaWAN,-33
3,D2,B,LoRaWAN,-34
3,D2,B,LoRaWAN,-34
3,D2,B,LoRaWAN,-34
3,D2,B,LoRaWAN,-33
3,D2,B,LoRaWAN,-34
3,D2,B,LoRaWAN,-33
3,D2,B,LoRaWAN,-34
3,D2,B,LoRaWAN,-34
3,D2,B,LoRaWAN,-34
3,D2,B,LoRaWAN,-33
3,D2,B,LoRaWAN,-33
3,D2,B,LoRaWAN,-33
3,D2,B,LoRaWAN,-34
3,D2,B,LoRaWAN,-33
3,D2,B,LoRaWAN,-34
3,D2,B,LoRaWAN,-33
3,D2,B,LoRaWAN,-34
3,D2,B,LoRaWAN,-33
3,D2,B,LoRaWAN,-34
3,D2,B,LoRaWAN,-34
3,D2,B,LoRaWAN,-34
3,D2,B,LoRaWAN,-34
3,D2,B,LoRaWAN,-34
3,D2,B,LoRaWAN,-33
3,D2,B,LoRaWAN,-34
3,D2,B,LoRaWAN,-33
3,D2,B,LoRaWAN,-34
3,D2,B,LoRaWAN,-34
3,D2,B,LoRaWAN,-34
3,D2,B,LoRaWAN,-33
3,D2,B,LoRaWAN,-34
3,D2,B,LoRaWAN,-33
3,D2,B,LoRaWAN,-34
3,D2,B,LoRaWAN,-33
3,D2,B,LoRaWAN,-34
3,D2,B,LoRaWAN,-34
3,D2,B,LoRaWAN,-34
3,D2,B,LoRaWAN,-33
3,D2,B,LoRaWAN,-34
3,D2,B,LoRaWAN,-33
3,D2,B,LoRaWAN,-34
3,D2,B,LoRaWAN,-33
3,D2,B,LoRaWAN,-34
3,D2,B,LoRaWAN,-33
3,D2,B,LoRaWAN,-34
3,D2,B,LoRaWAN,-33
3,D2,B,LoRaWAN,-34
3,D2,B,LoRaWAN,-34
3,D2,B,LoRaWAN,-33
3,D2,B,LoRaWAN,-33
3,D2,B,LoRaWAN,-33
3,D2,B,LoRaWAN,-34
3,D2,B,LoRaWAN,-33
3,D2,B,LoRaWAN,-34
3,D2,B,LoRaWAN,-34
3,D2,B,LoRaWAN,-34
3,D2,B,LoRaWAN,-34
3,D2,B,LoRaWAN,-34
3,D2,B,LoRaWAN,-34
3,D2,B,LoRaWAN,-34
3,D2,B,LoRaWAN,-33
3,D2,B,LoRaWAN,-34
3,D2,B,LoRaWAN,-33
3,D2,B,LoRaWAN,-33
3,D2,B,LoRaWAN,-34
3,D2,B,LoRaWAN,-34
3,D2,B,LoRaWAN,-34
3,D2,B,LoRaWAN,-34
3,D2,B,LoRaWAN,-34
3,D2,B,LoRaWAN,-34
3,D2,B,LoRaWAN,-34
3,D2,B,LoRaWAN,-33
3,D2,B,LoRaWAN,-34
3,D2,B,LoRaWAN,-33
3,D2,B,LoRaWAN,-33
3,D2,B,LoRaWAN,-33
3,D2,B,LoRaWAN,-34
3,D2,B,LoRaWAN,-34
3,D2,B,LoRaWAN,-33
3,D2,B,LoRaWAN,-33
3,D2,B,LoRaWAN,-34
3,D2,B,LoRaWAN,-33
3,D2,B,LoRaWAN,-33
3,D2,B,LoRaWAN,-33
3,D2,B,LoRaWAN,-33
3,D2,B,LoRaWAN,-34
3,D2,B,LoRaWAN,-33
3,D2,B,LoRaWAN,-34
3,D2,B,LoRaWAN,-34
3,D2,B,LoRaWAN,-34
3,D2,B,LoRaWAN,-33
3,D2,B,LoRaWAN,-33
3,D2,B,LoRaWAN,-34
3,D2,B,LoRaWAN,-34
3,D2,B,LoRaWAN,-34
3,D2,B,LoRaWAN,-34
3,D2,B,LoRaWAN,-34
3,D2,B,LoRaWAN,-34
3,D2,B,WiFi,-53
3,D2,B,WiFi,-55
3,D2,B,WiFi,-54
3,D2,B,WiFi,-54
3,D2,B,WiFi,-52
3,D2,B,WiFi,-52
3,D2,B,WiFi,-50
3,D2,B,WiFi,-53
3,D2,B,WiFi,-52
3,D2,B,WiFi,-54
3,D2,B,WiFi,-53
3,D2,B,WiFi,-53
3,D2,B,WiFi,-54
3,D2,B,WiFi,-54
3,D2,B,WiFi,-53
3,D2,B,WiFi,-53
3,D2,B,WiFi,-54
3,D2,B,WiFi,-54
3,D2,B,WiFi,-54
3,D2,B,WiFi,-52
3,D2,B,WiFi,-52
3,D2,B,WiFi,-55
3,D2,B,WiFi,-54
3,D2,B,WiFi,-52
3,D2,B,WiFi,-53
3,D2,B,WiFi,-53
3,D2,B,WiFi,-54
3,D2,B,WiFi,-50
3,D2,B,WiFi,-53
3,D2,B,WiFi,-50
3,D2,B,WiFi,-51
3,D2,B,WiFi,-52
3,D2,B,WiFi,-50
3,D2,B,WiFi,-50
3,D2,B,WiFi,-53
3,D2,B,WiFi,-52
3,D2,B,WiFi,-53
3,D2,B,WiFi,-53
3,D2,B,WiFi,-54
3,D2,B,WiFi,-51
3,D2,B,WiFi,-53
3,D2,B,WiFi,-51
3,D2,B,WiFi,-54
3,D2,B,WiFi,-53
3,D2,B,WiFi,-54
3,D2,B,WiFi,-54
3,D2,B,WiFi,-55
3,D2,B,WiFi,-55
3,D2,B,WiFi,-55
3,D2,B,WiFi,-53
3,D2,B,WiFi,-51
3,D2,B,WiFi,-52
3,D2,B,WiFi,-51
3,D2,B,WiFi,-54
3,D2,B,WiFi,-54
3,D2,B,WiFi,-52
3,D2,B,WiFi,-53
3,D2,B,WiFi,-54
3,D2,B,WiFi,-54
3,D2,B,WiFi,-54
3,D2,B,WiFi,-54
3,D2,B,WiFi,-53
3,D2,B,WiFi,-53
3,D2,B,WiFi,-55
3,D2,B,WiFi,-57
3,D2,B,WiFi,-55
3,D2,B,WiFi,-53
3,D2,B,WiFi,-52
3,D2,B,WiFi,-53
3,D2,B,WiFi,-53
3,D2,B,WiFi,-55
3,D2,B,WiFi,-55
3,D2,B,WiFi,-54
3,D2,B,WiFi,-54
3,D2,B,WiFi,-57
3,D2,B,WiFi,-55
3,D2,B,WiFi,-55
3,D2,B,WiFi,-54
3,D2,B,WiFi,-56
3,D2,B,WiFi,-55
3,D2,B,WiFi,-53
3,D2,B,WiFi,-58
3,D2,B,WiFi,-56
3,D2,B,WiFi,-54
3,D2,B,WiFi,-53
3,D2,B,WiFi,-55
3,D2,B,WiFi,-52
3,D2,B,WiFi,-54
3,D2,B,WiFi,-56
3,D2,B,WiFi,-54
3,D2,B,WiFi,-53
3,D2,B,WiFi,-56
3,D2,B,WiFi,-53
3,D2,B,WiFi,-55
3,D2,B,WiFi,-56
3,D2,B,WiFi,-54
3,D2,B,WiFi,-54
3,D2,B,WiFi,-51
3,D2,B,WiFi,-54
3,D2,B,WiFi,-52
3,D2,B,WiFi,-54
3,D2,B,WiFi,-53
3,D2,B,WiFi,-51
3,D2,B,WiFi,-55
3,D2,B,WiFi,-54
3,D2,B,WiFi,-53
3,D2,B,WiFi,-52
3,D2,B,Zigbee,-56
3,D2,B,Zigbee,-56
3,D2,B,Zigbee,-56
3,D2,B,Zigbee,-56
3,D2,B,Zigbee,-56
3,D2,B,Zigbee,-56
3,D2,B,Zigbee,-56
3,D2,B,Zigbee,-56
3,D2,B,Zigbee,-55
3,D2,B,Zigbee,-56
3,D2,B,Zigbee,-56
3,D2,B,Zigbee,-56
3,D2,B,Zigbee,-56
3,D2,B,Zigbee,-56
3,D2,B,Zigbee,-56
3,D2,B,Zigbee,-56
3,D2,B,Zigbee,-56
3,D2,B,Zigbee,-56
3,D2,B,Zigbee,-56
3,D2,B,Zigbee,-56
3,D2,B,Zigbee,-56
3,D2,B,Zigbee,-56
3,D2,B,Zigbee,-56
3,D2,B,Zigbee,-56
3,D2,B,Zigbee,-56
3,D2,B,Zigbee,-56
3,D2,B,Zigbee,-56
3,D2,B,Zigbee,-56
3,D2,B,Zigbee,-56
3,D2,B,Zigbee,-56
3,D2,B,Zigbee,-56
3,D2,B,Zigbee,-56
3,D2,B,Zigbee,-56
3,D2,B,Zigbee,-56
3,D2,B,Zigbee,-56
3,D2,B,Zigbee,-56
3,D2,B,Zigbee,-56
3,D2,B,Zigbee,-56
3,D2,B,Zigbee,-56
3,D2,B,Zigbee,-56
3,D2,B,Zigbee,-56
3,D2,B,Zigbee,-56
3,D2,B,Zigbee,-56
3,D2,B,Zigbee,-56
3,D2,B,Zigbee,-56
3,D2,B,Zigbee,-56
3,D2,B,Zigbee,-56
3,D2,B,Zigbee,-56
3,D2,B,Zigbee,-56
3,D2,B,Zigbee,-56
3,D2,B,Zigbee,-56
3,D2,B,Zigbee,-56
3,D2,B,Zigbee,-56
3,D2,B,Zigbee,-56
3,D2,B,Zigbee,-56
3,D2,B,Zigbee,-56
3,D2,B,Zigbee,-56
3,D2,B,Zigbee,-56
3,D2,B,Zigbee,-56
3,D2,B,Zigbee,-56
3,D2,B,Zigbee,-56
3,D2,B,Zigbee,-56
3,D2,B,Zigbee,-56
3,D2,B,Zigbee,-56
3,D2,B,Zigbee,-56
3,D2,B,Zigbee,-56
3,D2,B,Zigbee,-56
3,D2,B,Zigbee,-56
3,D2,B,Zigbee,-56
3,D2,B,Zigbee,-56
3,D2,B,Zigbee,-56
3,D2,B,Zigbee,-56
3,D2,B,Zigbee,-56
3,D2,B,Zigbee,-56
3,D2,B,Zigbee,-56
3,D2,B,Zigbee,-56
3,D2,B,Zigbee,-55
3,D2,B,Zigbee,-55
3,D2,B,Zigbee,-55
3,D2,B,Zigbee,-55
3,D2,B,Zigbee,-56
3,D2,B,Zigbee,-56
3,D2,B,Zigbee,-56
3,D2,B,Zigbee,-56
3,D2,B,Zigbee,-56
3,D2,B,Zigbee,-56
3,D2,B,Zigbee,-56
3,D2,B,Zigbee,-56
3,D2,B,Zigbee,-56
3,D2,B,Zigbee,-56
3,D2,B,Zigbee,-56
3,D2,B,Zigbee,-56
3,D2,B,Zigbee,-56
3,D2,B,Zigbee,-56
3,D2,B,Zigbee,-56
3,D2,B,Zigbee,-56
3,D2,B,Zigbee,-56
3,D2,B,Zigbee,-56
3,D2,B,Zigbee,-56
3,D2,B,Zigbee,-56
3,D2,B,Zigbee,-56
3,D2,B,Zigbee,-56
3,D2,B,Zigbee,-56
3,D2,B,Zigbee,-56
3,D2,B,Zigbee,-56
3,D2,B,Zigbee,-56
3,D2,B,Zigbee,-56
3,D2,C,BLE,-63
3,D2,C,BLE,-71
3,D2,C,BLE,-71
3,D2,C,BLE,-87
3,D2,C,BLE,-77
3,D2,C,BLE,-62
3,D2,C,BLE,-63
3,D2,C,BLE,-62
3,D2,C,BLE,-72
3,D2,C,BLE,-75
3,D2,C,BLE,-88
3,D2,C,BLE,-71
3,D2,C,BLE,-63
3,D2,C,BLE,-63
3,D2,C,BLE,-72
3,D2,C,BLE,-70
3,D2,C,BLE,-67
3,D2,C,BLE,-71
3,D2,C,BLE,-71
3,D2,C,BLE,-82
3,D2,C,BLE,-88
3,D2,C,BLE,-85
3,D2,C,BLE,-72
3,D2,C,BLE,-76
3,D2,C,BLE,-88
3,D2,C,BLE,-62
3,D2,C,BLE,-73
3,D2,C,BLE,-84
3,D2,C,BLE,-89
3,D2,C,BLE,-63
3,D2,C,BLE,-63
3,D2,C,BLE,-74
3,D2,C,BLE,-89
3,D2,C,BLE,-63
3,D2,C,BLE,-73
3,D2,C,BLE,-74
3,D2,C,BLE,-63
3,D2,C,BLE,-62
3,D2,C,BLE,-62
3,D2,C,BLE,-62
3,D2,C,BLE,-85
3,D2,C,BLE,-74
3,D2,C,BLE,-77
3,D2,C,BLE,-77
3,D2,C,BLE,-65
3,D2,C,BLE,-77
3,D2,C,BLE,-62
3,D2,C,BLE,-74
3,D2,C,BLE,-75
3,D2,C,BLE,-90
3,D2,C,BLE,-65
3,D2,C,BLE,-84
3,D2,C,BLE,-74
3,D2,C,BLE,-77
3,D2,C,BLE,-63
3,D2,C,BLE,-77
3,D2,C,BLE,-84
3,D2,C,BLE,-70
3,D2,C,BLE,-77
3,D2,C,BLE,-63
3,D2,C,BLE,-74
3,D2,C,BLE,-85
3,D2,C,BLE,-74
3,D2,C,BLE,-91
3,D2,C,BLE,-62
3,D2,C,BLE,-74
3,D2,C,BLE,-85
3,D2,C,BLE,-91
3,D2,C,BLE,-76
3,D2,C,BLE,-76
3,D2,C,BLE,-91
3,D2,C,BLE,-66
3,D2,C,BLE,-62
3,D2,C,BLE,-74
3,D2,C,BLE,-73
3,D2,C,BLE,-77
3,D2,C,BLE,-92
3,D2,C,BLE,-92
3,D2,C,BLE,-63
3,D2,C,BLE,-66
3,D2,C,BLE,-73
3,D2,C,BLE,-70
3,D2,C,BLE,-85
3,D2,C,BLE,-77
3,D2,C,BLE,-77
3,D2,C,BLE,-85
3,D2,C,BLE,-73
3,D2,C,BLE,-84
3,D2,C,BLE,-90
3,D2,C,BLE,-62
3,D2,C,BLE,-74
3,D2,C,BLE,-91
3,D2,C,BLE,-75
3,D2,C,BLE,-91
3,D2,C,BLE,-75
3,D2,C,BLE,-77
3,D2,C,BLE,-85
3,D2,C,BLE,-79
3,D2,C,BLE,-77
3,D2,C,BLE,-62
3,D2,C,BLE,-77
3,D2,C,BLE,-63
3,D2,C,BLE,-77
3,D2,C,BLE,-63
3,D2,C,LoRaWAN,-33
3,D2,C,LoRaWAN,-33
3,D2,C,LoRaWAN,-33
3,D2,C,LoRaWAN,-32
3,D2,C,LoRaWAN,-33
3,D2,C,LoRaWAN,-33
3,D2,C,LoRaWAN,-33
3,D2,C,LoRaWAN,-33
3,D2,C,LoRaWAN,-33
3,D2,C,LoRaWAN,-33
3,D2,C,LoRaWAN,-33
3,D2,C,LoRaWAN,-33
3,D2,C,LoRaWAN,-34
3,D2,C,LoRaWAN,-33
3,D2,C,LoRaWAN,-34
3,D2,C,LoRaWAN,-34
3,D2,C,LoRaWAN,-34
3,D2,C,LoRaWAN,-33
3,D2,C,LoRaWAN,-34
3,D2,C,LoRaWAN,-34
3,D2,C,LoRaWAN,-33
3,D2,C,LoRaWAN,-34
3,D2,C,LoRaWAN,-34
3,D2,C,LoRaWAN,-34
3,D2,C,LoRaWAN,-33
3,D2,C,LoRaWAN,-33
3,D2,C,LoRaWAN,-33
3,D2,C,LoRaWAN,-34
3,D2,C,LoRaWAN,-33
3,D2,C,LoRaWAN,-33
3,D2,C,LoRaWAN,-34
3,D2,C,LoRaWAN,-34
3,D2,C,LoRaWAN,-33
3,D2,C,LoRaWAN,-33
3,D2,C,LoRaWAN,-33
3,D2,C,LoRaWAN,-34
3,D2,C,LoRaWAN,-33
3,D2,C,LoRaWAN,-33
3,D2,C,LoRaWAN,-33
3,D2,C,LoRaWAN,-33
3,D2,C,LoRaWAN,-34
3,D2,C,LoRaWAN,-33
3,D2,C,LoRaWAN,-33
3,D2,C,LoRaWAN,-33
3,D2,C,LoRaWAN,-33
3,D2,C,LoRaWAN,-33
3,D2,C,LoRaWAN,-33
3,D2,C,LoRaWAN,-33
3,D2,C,LoRaWAN,-33
3,D2,C,LoRaWAN,-33
3,D2,C,LoRaWAN,-33
3,D2,C,LoRaWAN,-33
3,D2,C,LoRaWAN,-34
3,D2,C,LoRaWAN,-34
3,D2,C,LoRaWAN,-33
3,D2,C,LoRaWAN,-33
3,D2,C,LoRaWAN,-34
3,D2,C,LoRaWAN,-33
3,D2,C,LoRaWAN,-33
3,D2,C,LoRaWAN,-33
3,D2,C,LoRaWAN,-33
3,D2,C,LoRaWAN,-34
3,D2,C,LoRaWAN,-33
3,D2,C,LoRaWAN,-33
3,D2,C,LoRaWAN,-33
3,D2,C,LoRaWAN,-34
3,D2,C,LoRaWAN,-33
3,D2,C,LoRaWAN,-33
3,D2,C,LoRaWAN,-33
3,D2,C,LoRaWAN,-34
3,D2,C,LoRaWAN,-33
3,D2,C,LoRaWAN,-33
3,D2,C,LoRaWAN,-34
3,D2,C,LoRaWAN,-34
3,D2,C,LoRaWAN,-33
3,D2,C,LoRaWAN,-34
3,D2,C,LoRaWAN,-33
3,D2,C,LoRaWAN,-33
3,D2,C,LoRaWAN,-33
3,D2,C,LoRaWAN,-33
3,D2,C,LoRaWAN,-33
3,D2,C,LoRaWAN,-33
3,D2,C,LoRaWAN,-34
3,D2,C,LoRaWAN,-34
3,D2,C,LoRaWAN,-33
3,D2,C,LoRaWAN,-33
3,D2,C,LoRaWAN,-33
3,D2,C,LoRaWAN,-33
3,D2,C,LoRaWAN,-33
3,D2,C,LoRaWAN,-33
3,D2,C,LoRaWAN,-33
3,D2,C,LoRaWAN,-34
3,D2,C,LoRaWAN,-33
3,D2,C,LoRaWAN,-33
3,D2,C,LoRaWAN,-34
3,D2,C,LoRaWAN,-34
3,D2,C,LoRaWAN,-33
3,D2,C,LoRaWAN,-33
3,D2,C,LoRaWAN,-33
3,D2,C,LoRaWAN,-33
3,D2,C,LoRaWAN,-33
3,D2,C,LoRaWAN,-33
3,D2,C,LoRaWAN,-33
3,D2,C,LoRaWAN,-34
3,D2,C,LoRaWAN,-33
3,D2,C,LoRaWAN,-33
3,D2,C,LoRaWAN,-33
3,D2,C,WiFi,-48
3,D2,C,WiFi,-51
3,D2,C,WiFi,-47
3,D2,C,WiFi,-50
3,D2,C,WiFi,-50
3,D2,C,WiFi,-51
3,D2,C,WiFi,-49
3,D2,C,WiFi,-49
3,D2,C,WiFi,-49
3,D2,C,WiFi,-52
3,D2,C,WiFi,-49
3,D2,C,WiFi,-51
3,D2,C,WiFi,-48
3,D2,C,WiFi,-48
3,D2,C,WiFi,-46
3,D2,C,WiFi,-48
3,D2,C,WiFi,-46
3,D2,C,WiFi,-46
3,D2,C,WiFi,-47
3,D2,C,WiFi,-49
3,D2,C,WiFi,-48
3,D2,C,WiFi,-49
3,D2,C,WiFi,-47
3,D2,C,WiFi,-50
3,D2,C,WiFi,-48
3,D2,C,WiFi,-48
3,D2,C,WiFi,-50
3,D2,C,WiFi,-48
3,D2,C,WiFi,-46
3,D2,C,WiFi,-48
3,D2,C,WiFi,-46
3,D2,C,WiFi,-49
3,D2,C,WiFi,-49
3,D2,C,WiFi,-49
3,D2,C,WiFi,-48
3,D2,C,WiFi,-49
3,D2,C,WiFi,-48
3,D2,C,WiFi,-48
3,D2,C,WiFi,-51
3,D2,C,WiFi,-47
3,D2,C,WiFi,-49
3,D2,C,WiFi,-48
3,D2,C,WiFi,-49
3,D2,C,WiFi,-47
3,D2,C,WiFi,-50
3,D2,C,WiFi,-47
3,D2,C,WiFi,-47
3,D2,C,WiFi,-46
3,D2,C,WiFi,-48
3,D2,C,WiFi,-49
3,D2,C,WiFi,-46
3,D2,C,WiFi,-49
3,D2,C,WiFi,-47
3,D2,C,WiFi,-50
3,D2,C,WiFi,-47
3,D2,C,WiFi,-46
3,D2,C,WiFi,-48
3,D2,C,WiFi,-49
3,D2,C,WiFi,-48
3,D2,C,WiFi,-49
3,D2,C,WiFi,-48
3,D2,C,WiFi,-47
3,D2,C,WiFi,-48
3,D2,C,WiFi,-50
3,D2,C,WiFi,-51
3,D2,C,WiFi,-48
3,D2,C,WiFi,-50
3,D2,C,WiFi,-50
3,D2,C,WiFi,-49
3,D2,C,WiFi,-49
3,D2,C,WiFi,-52
3,D2,C,WiFi,-49
3,D2,C,WiFi,-50
3,D2,C,WiFi,-49
3,D2,C,WiFi,-48
3,D2,C,WiFi,-50
3,D2,C,WiFi,-51
3,D2,C,WiFi,-51
3,D2,C,WiFi,-51
3,D2,C,WiFi,-52
3,D2,C,WiFi,-51
3,D2,C,WiFi,-49
3,D2,C,WiFi,-47
3,D2,C,WiFi,-49
3,D2,C,WiFi,-50
3,D2,C,WiFi,-48
3,D2,C,WiFi,-50
3,D2,C,WiFi,-51
3,D2,C,WiFi,-50
3,D2,C,WiFi,-49
3,D2,C,WiFi,-50
3,D2,C,WiFi,-48
3,D2,C,WiFi,-48
3,D2,C,WiFi,-49
3,D2,C,WiFi,-49
3,D2,C,WiFi,-51
3,D2,C,WiFi,-50
3,D2,C,WiFi,-50
3,D2,C,WiFi,-51
3,D2,C,WiFi,-50
3,D2,C,WiFi,-51
3,D2,C,WiFi,-49
3,D2,C,WiFi,-47
3,D2,C,WiFi,-50
3,D2,C,WiFi,-49
3,D2,C,WiFi,-48
3,D2,C,WiFi,-50
3,D2,C,Zigbee,-60
3,D2,C,Zigbee,-60
3,D2,C,Zigbee,-60
3,D2,C,Zigbee,-60
3,D2,C,Zigbee,-60
3,D2,C,Zigbee,-60
3,D2,C,Zigbee,-60
3,D2,C,Zigbee,-60
3,D2,C,Zigbee,-60
3,D2,C,Zigbee,-61
3,D2,C,Zigbee,-61
3,D2,C,Zigbee,-60
3,D2,C,Zigbee,-60
3,D2,C,Zigbee,-60
3,D2,C,Zigbee,-60
3,D2,C,Zigbee,-60
3,D2,C,Zigbee,-61
3,D2,C,Zigbee,-60
3,D2,C,Zigbee,-61
3,D2,C,Zigbee,-60
3,D2,C,Zigbee,-60
3,D2,C,Zigbee,-61
3,D2,C,Zigbee,-61
3,D2,C,Zigbee,-61
3,D2,C,Zigbee,-60
3,D2,C,Zigbee,-61
3,D2,C,Zigbee,-61
3,D2,C,Zigbee,-61
3,D2,C,Zigbee,-61
3,D2,C,Zigbee,-61
3,D2,C,Zigbee,-61
3,D2,C,Zigbee,-61
3,D2,C,Zigbee,-61
3,D2,C,Zigbee,-61
3,D2,C,Zigbee,-61
3,D2,C,Zigbee,-61
3,D2,C,Zigbee,-61
3,D2,C,Zigbee,-61
3,D2,C,Zigbee,-61
3,D2,C,Zigbee,-61
3,D2,C,Zigbee,-61
3,D2,C,Zigbee,-61
3,D2,C,Zigbee,-61
3,D2,C,Zigbee,-61
3,D2,C,Zigbee,-61
3,D2,C,Zigbee,-61
3,D2,C,Zigbee,-61
3,D2,C,Zigbee,-61
3,D2,C,Zigbee,-61
3,D2,C,Zigbee,-61
3,D2,C,Zigbee,-61
3,D2,C,Zigbee,-61
3,D2,C,Zigbee,-61
3,D2,C,Zigbee,-61
3,D2,C,Zigbee,-61
3,D2,C,Zigbee,-61
3,D2,C,Zigbee,-60
3,D2,C,Zigbee,-61
3,D2,C,Zigbee,-60
3,D2,C,Zigbee,-60
3,D2,C,Zigbee,-60
3,D2,C,Zigbee,-60
3,D2,C,Zigbee,-60
3,D2,C,Zigbee,-60
3,D2,C,Zigbee,-60
3,D2,C,Zigbee,-61
3,D2,C,Zigbee,-61
3,D2,C,Zigbee,-61
3,D2,C,Zigbee,-60
3,D2,C,Zigbee,-60
3,D2,C,Zigbee,-60
3,D2,C,Zigbee,-60
3,D2,C,Zigbee,-61
3,D2,C,Zigbee,-61
3,D2,C,Zigbee,-61
3,D2,C,Zigbee,-61
3,D2,C,Zigbee,-61
3,D2,C,Zigbee,-61
3,D2,C,Zigbee,-61
3,D2,C,Zigbee,-61
3,D2,C,Zigbee,-60
3,D2,C,Zigbee,-61
3,D2,C,Zigbee,-60
3,D2,C,Zigbee,-61
3,D2,C,Zigbee,-60
3,D2,C,Zigbee,-60
3,D2,C,Zigbee,-61
3,D2,C,Zigbee,-61
3,D2,C,Zigbee,-61
3,D2,C,Zigbee,-61
3,D2,C,Zigbee,-60
3,D2,C,Zigbee,-61
3,D2,C,Zigbee,-61
3,D2,C,Zigbee,-60
3,D2,C,Zigbee,-61
3,D2,C,Zigbee,-61
3,D2,C,Zigbee,-61
3,D2,C,Zigbee,-61
3,D2,C,Zigbee,-61
3,D2,C,Zigbee,-61
3,D2,C,Zigbee,-61
3,D2,C,Zigbee,-60
3,D2,C,Zigbee,-61
3,D2,C,Zigbee,-61
3,D2,C,Zigbee,-61
3,D3,A,BLE,-71
3,D3,A,BLE,-71
3,D3,A,BLE,-86
3,D3,A,BLE,-77
3,D3,A,BLE,-63
3,D3,A,BLE,-66
3,D3,A,BLE,-66
3,D3,A,BLE,-67
3,D3,A,BLE,-82
3,D3,A,BLE,-78
3,D3,A,BLE,-63
3,D3,A,BLE,-64
3,D3,A,BLE,-67
3,D3,A,BLE,-65
3,D3,A,BLE,-62
3,D3,A,BLE,-62
3,D3,A,BLE,-67
3,D3,A,BLE,-77
3,D3,A,BLE,-78
3,D3,A,BLE,-67
3,D3,A,BLE,-77
3,D3,A,BLE,-64
3,D3,A,BLE,-67
3,D3,A,BLE,-67
3,D3,A,BLE,-82
3,D3,A,BLE,-68
3,D3,A,BLE,-67
3,D3,A,BLE,-82
3,D3,A,BLE,-62
3,D3,A,BLE,-62
3,D3,A,BLE,-62
3,D3,A,BLE,-67
3,D3,A,BLE,-67
3,D3,A,BLE,-62
3,D3,A,BLE,-76
3,D3,A,BLE,-62
3,D3,A,BLE,-67
3,D3,A,BLE,-78
3,D3,A,BLE,-62
3,D3,A,BLE,-76
3,D3,A,BLE,-62
3,D3,A,BLE,-78
3,D3,A,BLE,-65
3,D3,A,BLE,-62
3,D3,A,BLE,-62
3,D3,A,BLE,-62
3,D3,A,BLE,-78
3,D3,A,BLE,-68
3,D3,A,BLE,-64
3,D3,A,BLE,-81
3,D3,A,BLE,-69
3,D3,A,BLE,-65
3,D3,A,BLE,-82
3,D3,A,BLE,-62
3,D3,A,BLE,-62
3,D3,A,BLE,-78
3,D3,A,BLE,-82
3,D3,A,BLE,-65
3,D3,A,BLE,-77
3,D3,A,BLE,-62
3,D3,A,BLE,-62
3,D3,A,BLE,-62
3,D3,A,BLE,-67
3,D3,A,BLE,-78
3,D3,A,BLE,-67
3,D3,A,BLE,-81
3,D3,A,BLE,-76
3,D3,A,BLE,-68
3,D3,A,BLE,-80
3,D3,A,BLE,-65
3,D3,A,BLE,-66
3,D3,A,BLE,-77
3,D3,A,BLE,-78
3,D3,A,BLE,-67
3,D3,A,BLE,-66
3,D3,A,BLE,-82
3,D3,A,BLE,-63
3,D3,A,BLE,-63
3,D3,A,BLE,-66
3,D3,A,BLE,-63
3,D3,A,BLE,-65
3,D3,A,BLE,-69
3,D3,A,BLE,-66
3,D3,A,BLE,-77
3,D3,A,BLE,-67
3,D3,A,BLE,-82
3,D3,A,BLE,-66
3,D3,A,BLE,-77
3,D3,A,BLE,-78
3,D3,A,BLE,-78
3,D3,A,BLE,-83
3,D3,A,BLE,-77
3,D3,A,BLE,-78
3,D3,A,BLE,-67
3,D3,A,BLE,-79
3,D3,A,BLE,-77
3,D3,A,BLE,-82
3,D3,A,BLE,-62
3,D3,A,BLE,-67
3,D3,A,BLE,-66
3,D3,A,BLE,-79
3,D3,A,LoRaWAN,-31
3,D3,A,LoRaWAN,-34
3,D3,A,LoRaWAN,-32
3,D3,A,LoRaWAN,-32
3,D3,A,LoRaWAN,-31
3,D3,A,LoRaWAN,-31
3,D3,A,LoRaWAN,-32
3,D3,A,LoRaWAN,-32
3,D3,A,LoRaWAN,-32
3,D3,A,LoRaWAN,-32
3,D3,A,LoRaWAN,-31
3,D3,A,LoRaWAN,-33
3,D3,A,LoRaWAN,-32
3,D3,A,LoRaWAN,-32
3,D3,A,LoRaWAN,-32
3,D3,A,LoRaWAN,-32
3,D3,A,LoRaWAN,-32
3,D3,A,LoRaWAN,-32
3,D3,A,LoRaWAN,-32
3,D3,A,LoRaWAN,-32
3,D3,A,LoRaWAN,-32
3,D3,A,LoRaWAN,-33
3,D3,A,LoRaWAN,-32
3,D3,A,LoRaWAN,-32
3,D3,A,LoRaWAN,-33
3,D3,A,LoRaWAN,-33
3,D3,A,LoRaWAN,-32
3,D3,A,LoRaWAN,-32
3,D3,A,LoRaWAN,-32
3,D3,A,LoRaWAN,-32
3,D3,A,LoRaWAN,-32
3,D3,A,LoRaWAN,-32
3,D3,A,LoRaWAN,-32
3,D3,A,LoRaWAN,-32
3,D3,A,LoRaWAN,-32
3,D3,A,LoRaWAN,-32
3,D3,A,LoRaWAN,-32
3,D3,A,LoRaWAN,-32
3,D3,A,LoRaWAN,-33
3,D3,A,LoRaWAN,-32
3,D3,A,LoRaWAN,-32
3,D3,A,LoRaWAN,-33
3,D3,A,LoRaWAN,-32
3,D3,A,LoRaWAN,-32
3,D3,A,LoRaWAN,-32
3,D3,A,LoRaWAN,-32
3,D3,A,LoRaWAN,-33
3,D3,A,LoRaWAN,-32
3,D3,A,LoRaWAN,-32
3,D3,A,LoRaWAN,-32
3,D3,A,LoRaWAN,-32
3,D3,A,LoRaWAN,-32
3,D3,A,LoRaWAN,-32
3,D3,A,LoRaWAN,-33
3,D3,A,LoRaWAN,-32
3,D3,A,LoRaWAN,-32
3,D3,A,LoRaWAN,-33
3,D3,A,LoRaWAN,-32
3,D3,A,LoRaWAN,-32
3,D3,A,LoRaWAN,-33
3,D3,A,LoRaWAN,-32
3,D3,A,LoRaWAN,-32
3,D3,A,LoRaWAN,-32
3,D3,A,LoRaWAN,-32
3,D3,A,LoRaWAN,-32
3,D3,A,LoRaWAN,-32
3,D3,A,LoRaWAN,-32
3,D3,A,LoRaWAN,-32
3,D3,A,LoRaWAN,-31
3,D3,A,LoRaWAN,-32
3,D3,A,LoRaWAN,-31
3,D3,A,LoRaWAN,-32
3,D3,A,LoRaWAN,-32
3,D3,A,LoRaWAN,-32
3,D3,A,LoRaWAN,-32
3,D3,A,LoRaWAN,-32
3,D3,A,LoRaWAN,-32
3,D3,A,LoRaWAN,-32
3,D3,A,LoRaWAN,-32
3,D3,A,LoRaWAN,-32
3,D3,A,LoRaWAN,-32
3,D3,A,LoRaWAN,-32
3,D3,A,LoRaWAN,-32
3,D3,A,LoRaWAN,-32
3,D3,A,LoRaWAN,-32
3,D3,A,LoRaWAN,-32
3,D3,A,LoRaWAN,-32
3,D3,A,LoRaWAN,-32
3,D3,A,LoRaWAN,-32
3,D3,A,LoRaWAN,-32
3,D3,A,LoRaWAN,-32
3,D3,A,LoRaWAN,-32
3,D3,A,LoRaWAN,-32
3,D3,A,LoRaWAN,-32
3,D3,A,LoRaWAN,-32
3,D3,A,LoRaWAN,-32
3,D3,A,LoRaWAN,-32
3,D3,A,LoRaWAN,-33
3,D3,A,LoRaWAN,-33
3,D3,A,LoRaWAN,-31
3,D3,A,LoRaWAN,-32
3,D3,A,LoRaWAN,-32
3,D3,A,LoRaWAN,-33
3,D3,A,LoRaWAN,-31
3,D3,A,WiFi,-57
3,D3,A,WiFi,-55
3,D3,A,WiFi,-56
3,D3,A,WiFi,-56
3,D3,A,WiFi,-55
3,D3,A,WiFi,-56
3,D3,A,WiFi,-56
3,D3,A,WiFi,-57
3,D3,A,WiFi,-56
3,D3,A,WiFi,-56
3,D3,A,WiFi,-54
3,D3,A,WiFi,-55
3,D3,A,WiFi,-56
3,D3,A,WiFi,-55
3,D3,A,WiFi,-56
3,D3,A,WiFi,-53
3,D3,A,WiFi,-53
3,D3,A,WiFi,-56
3,D3,A,WiFi,-56
3,D3,A,WiFi,-58
3,D3,A,WiFi,-57
3,D3,A,WiFi,-57
3,D3,A,WiFi,-56
3,D3,A,WiFi,-57
3,D3,A,WiFi,-56
3,D3,A,WiFi,-57
3,D3,A,WiFi,-55
3,D3,A,WiFi,-57
3,D3,A,WiFi,-54
3,D3,A,WiFi,-55
3,D3,A,WiFi,-57
3,D3,A,WiFi,-56
3,D3,A,WiFi,-56
3,D3,A,WiFi,-54
3,D3,A,WiFi,-56
3,D3,A,WiFi,-57
3,D3,A,WiFi,-55
3,D3,A,WiFi,-54
3,D3,A,WiFi,-56
3,D3,A,WiFi,-56
3,D3,A,WiFi,-54
3,D3,A,WiFi,-55
3,D3,A,WiFi,-56
3,D3,A,WiFi,-57
3,D3,A,WiFi,-53
3,D3,A,WiFi,-56
3,D3,A,WiFi,-55
3,D3,A,WiFi,-55
3,D3,A,WiFi,-56
3,D3,A,WiFi,-57
3,D3,A,WiFi,-54
3,D3,A,WiFi,-56
3,D3,A,WiFi,-55
3,D3,A,WiFi,-56
3,D3,A,WiFi,-56
3,D3,A,WiFi,-56
3,D3,A,WiFi,-55
3,D3,A,WiFi,-57
3,D3,A,WiFi,-55
3,D3,A,WiFi,-56
3,D3,A,WiFi,-56
3,D3,A,WiFi,-58
3,D3,A,WiFi,-57
3,D3,A,WiFi,-56
3,D3,A,WiFi,-58
3,D3,A,WiFi,-55
3,D3,A,WiFi,-57
3,D3,A,WiFi,-55
3,D3,A,WiFi,-55
3,D3,A,WiFi,-56
3,D3,A,WiFi,-56
3,D3,A,WiFi,-56
3,D3,A,WiFi,-56
3,D3,A,WiFi,-55
3,D3,A,WiFi,-55
3,D3,A,WiFi,-55
3,D3,A,WiFi,-56
3,D3,A,WiFi,-56
3,D3,A,WiFi,-56
3,D3,A,WiFi,-53
3,D3,A,WiFi,-55
3,D3,A,WiFi,-54
3,D3,A,WiFi,-54
3,D3,A,WiFi,-53
3,D3,A,WiFi,-53
3,D3,A,WiFi,-55
3,D3,A,WiFi,-55
3,D3,A,WiFi,-53
3,D3,A,WiFi,-53
3,D3,A,WiFi,-54
3,D3,A,WiFi,-54
3,D3,A,WiFi,-52
3,D3,A,WiFi,-52
3,D3,A,WiFi,-56
3,D3,A,WiFi,-54
3,D3,A,WiFi,-56
3,D3,A,WiFi,-54
3,D3,A,WiFi,-55
3,D3,A,WiFi,-54
3,D3,A,WiFi,-56
3,D3,A,WiFi,-52
3,D3,A,WiFi,-55
3,D3,A,WiFi,-55
3,D3,A,WiFi,-54
3,D3,A,WiFi,-54
3,D3,A,WiFi,-54
3,D3,A,WiFi,-56
3,D3,A,Zigbee,-59
3,D3,A,Zigbee,-60
3,D3,A,Zigbee,-60
3,D3,A,Zigbee,-59
3,D3,A,Zigbee,-60
3,D3,A,Zigbee,-60
3,D3,A,Zigbee,-59
3,D3,A,Zigbee,-60
3,D3,A,Zigbee,-61
3,D3,A,Zigbee,-61
3,D3,A,Zigbee,-60
3,D3,A,Zigbee,-60
3,D3,A,Zigbee,-60
3,D3,A,Zigbee,-60
3,D3,A,Zigbee,-61
3,D3,A,Zigbee,-60
3,D3,A,Zigbee,-60
3,D3,A,Zigbee,-60
3,D3,A,Zigbee,-60
3,D3,A,Zigbee,-60
3,D3,A,Zigbee,-60
3,D3,A,Zigbee,-60
3,D3,A,Zigbee,-60
3,D3,A,Zigbee,-61
3,D3,A,Zigbee,-61
3,D3,A,Zigbee,-61
3,D3,A,Zigbee,-61
3,D3,A,Zigbee,-61
3,D3,A,Zigbee,-61
3,D3,A,Zigbee,-61
3,D3,A,Zigbee,-61
3,D3,A,Zigbee,-61
3,D3,A,Zigbee,-61
3,D3,A,Zigbee,-61
3,D3,A,Zigbee,-61
3,D3,A,Zigbee,-61
3,D3,A,Zigbee,-61
3,D3,A,Zigbee,-61
3,D3,A,Zigbee,-61
3,D3,A,Zigbee,-60
3,D3,A,Zigbee,-60
3,D3,A,Zigbee,-60
3,D3,A,Zigbee,-60
3,D3,A,Zigbee,-60
3,D3,A,Zigbee,-60
3,D3,A,Zigbee,-61
3,D3,A,Zigbee,-61
3,D3,A,Zigbee,-61
3,D3,A,Zigbee,-61
3,D3,A,Zigbee,-61
3,D3,A,Zigbee,-61
3,D3,A,Zigbee,-61
3,D3,A,Zigbee,-60
3,D3,A,Zigbee,-60
3,D3,A,Zigbee,-60
3,D3,A,Zigbee,-61
3,D3,A,Zigbee,-60
3,D3,A,Zigbee,-61
3,D3,A,Zigbee,-61
3,D3,A,Zigbee,-61
3,D3,A,Zigbee,-60
3,D3,A,Zigbee,-61
3,D3,A,Zigbee,-60
3,D3,A,Zigbee,-61
3,D3,A,Zigbee,-60
3,D3,A,Zigbee,-61
3,D3,A,Zigbee,-61
3,D3,A,Zigbee,-61
3,D3,A,Zigbee,-61
3,D3,A,Zigbee,-61
3,D3,A,Zigbee,-61
3,D3,A,Zigbee,-61
3,D3,A,Zigbee,-60
3,D3,A,Zigbee,-60
3,D3,A,Zigbee,-60
3,D3,A,Zigbee,-60
3,D3,A,Zigbee,-61
3,D3,A,Zigbee,-61
3,D3,A,Zigbee,-61
3,D3,A,Zigbee,-61
3,D3,A,Zigbee,-61
3,D3,A,Zigbee,-61
3,D3,A,Zigbee,-61
3,D3,A,Zigbee,-61
3,D3,A,Zigbee,-61
3,D3,A,Zigbee,-61
3,D3,A,Zigbee,-60
3,D3,A,Zigbee,-60
3,D3,A,Zigbee,-60
3,D3,A,Zigbee,-60
3,D3,A,Zigbee,-60
3,D3,A,Zigbee,-60
3,D3,A,Zigbee,-60
3,D3,A,Zigbee,-60
3,D3,A,Zigbee,-60
3,D3,A,Zigbee,-60
3,D3,A,Zigbee,-60
3,D3,A,Zigbee,-60
3,D3,A,Zigbee,-60
3,D3,A,Zigbee,-60
3,D3,A,Zigbee,-60
3,D3,A,Zigbee,-60
3,D3,A,Zigbee,-60
3,D3,A,Zigbee,-60
3,D3,A,Zigbee,-60
3,D3,A,Zigbee,-61
3,D3,A,Zigbee,-60
3,D3,A,Zigbee,-60
3,D3,A,Zigbee,-61
3,D3,A,Zigbee,-60
3,D3,A,Zigbee,-59
3,D3,A,Zigbee,-61
3,D3,A,Zigbee,-60
3,D3,A,Zigbee,-58
3,D3,A,Zigbee,-59
3,D3,A,Zigbee,-58
3,D3,A,Zigbee,-58
3,D3,A,Zigbee,-58
3,D3,A,Zigbee,-58
3,D3,A,Zigbee,-59
3,D3,A,Zigbee,-58
3,D3,A,Zigbee,-59
3,D3,A,Zigbee,-59
3,D3,A,Zigbee,-58
3,D3,A,Zigbee,-58
3,D3,A,Zigbee,-59
3,D3,A,Zigbee,-59
3,D3,A,Zigbee,-58
3,D3,A,Zigbee,-59
3,D3,A,Zigbee,-59
3,D3,A,Zigbee,-59
3,D3,A,Zigbee,-59
3,D3,A,Zigbee,-59
3,D3,B,BLE,-62
3,D3,B,BLE,-84
3,D3,B,BLE,-89
3,D3,B,BLE,-61
3,D3,B,BLE,-75
3,D3,B,BLE,-61
3,D3,B,BLE,-85
3,D3,B,BLE,-73
3,D3,B,BLE,-62
3,D3,B,BLE,-84
3,D3,B,BLE,-69
3,D3,B,BLE,-77
3,D3,B,BLE,-78
3,D3,B,BLE,-74
3,D3,B,BLE,-61
3,D3,B,BLE,-61
3,D3,B,BLE,-71
3,D3,B,BLE,-76
3,D3,B,BLE,-77
3,D3,B,BLE,-61
3,D3,B,BLE,-67
3,D3,B,BLE,-90
3,D3,B,BLE,-71
3,D3,B,BLE,-91
3,D3,B,BLE,-76
3,D3,B,BLE,-88
3,D3,B,BLE,-75
3,D3,B,BLE,-61
3,D3,B,BLE,-92
3,D3,B,BLE,-80
3,D3,B,BLE,-79
3,D3,B,BLE,-75
3,D3,B,BLE,-61
3,D3,B,BLE,-68
3,D3,B,BLE,-90
3,D3,B,BLE,-75
3,D3,B,BLE,-62
3,D3,B,BLE,-67
3,D3,B,BLE,-78
3,D3,B,BLE,-76
3,D3,B,BLE,-61
3,D3,B,BLE,-61
3,D3,B,BLE,-83
3,D3,B,BLE,-74
3,D3,B,BLE,-74
3,D3,B,BLE,-61
3,D3,B,BLE,-68
3,D3,B,BLE,-84
3,D3,B,BLE,-73
3,D3,B,BLE,-84
3,D3,B,BLE,-61
3,D3,B,BLE,-76
3,D3,B,BLE,-84
3,D3,B,BLE,-61
3,D3,B,BLE,-67
3,D3,B,BLE,-84
3,D3,B,BLE,-68
3,D3,B,BLE,-83
3,D3,B,BLE,-90
3,D3,B,BLE,-61
3,D3,B,BLE,-75
3,D3,B,BLE,-66
3,D3,B,BLE,-78
3,D3,B,BLE,-76
3,D3,B,BLE,-61
3,D3,B,BLE,-84
3,D3,B,BLE,-71
3,D3,B,BLE,-68
3,D3,B,BLE,-88
3,D3,B,BLE,-76
3,D3,B,BLE,-62
3,D3,B,BLE,-62
3,D3,B,BLE,-83
3,D3,B,BLE,-83
3,D3,B,BLE,-73
3,D3,B,BLE,-76
3,D3,B,BLE,-76
3,D3,B,BLE,-67
3,D3,B,BLE,-72
3,D3,B,BLE,-62
3,D3,B,BLE,-76
3,D3,B,BLE,-66
3,D3,B,BLE,-82
3,D3,B,BLE,-89
3,D3,B,BLE,-76
3,D3,B,BLE,-76
3,D3,B,BLE,-66
3,D3,B,BLE,-69
3,D3,B,BLE,-83
3,D3,B,BLE,-66
3,D3,B,BLE,-75
3,D3,B,BLE,-75
3,D3,B,BLE,-61
3,D3,B,BLE,-68
3,D3,B,BLE,-83
3,D3,B,LoRaWAN,-29
3,D3,B,LoRaWAN,-29
3,D3,B,LoRaWAN,-30
3,D3,B,LoRaWAN,-30
3,D3,B,LoRaWAN,-29
3,D3,B,LoRaWAN,-29
3,D3,B,LoRaWAN,-29
3,D3,B,LoRaWAN,-28
3,D3,B,LoRaWAN,-29
3,D3,B,LoRaWAN,-29
3,D3,B,LoRaWAN,-29
3,D3,B,LoRaWAN,-30
3,D3,B,LoRaWAN,-29
3,D3,B,LoRaWAN,-29
3,D3,B,LoRaWAN,-29
3,D3,B,LoRaWAN,-29
3,D3,B,LoRaWAN,-29
3,D3,B,LoRaWAN,-29
3,D3,B,LoRaWAN,-28
3,D3,B,LoRaWAN,-29
3,D3,B,LoRaWAN,-29
3,D3,B,LoRaWAN,-29
3,D3,B,LoRaWAN,-29
3,D3,B,LoRaWAN,-29
3,D3,B,LoRaWAN,-29
3,D3,B,LoRaWAN,-29
3,D3,B,LoRaWAN,-28
3,D3,B,LoRaWAN,-29
3,D3,B,LoRaWAN,-29
3,D3,B,LoRaWAN,-28
3,D3,B,LoRaWAN,-28
3,D3,B,LoRaWAN,-30
3,D3,B,LoRaWAN,-29
3,D3,B,LoRaWAN,-29
3,D3,B,LoRaWAN,-28
3,D3,B,LoRaWAN,-29
3,D3,B,LoRaWAN,-29
3,D3,B,LoRaWAN,-30
3,D3,B,LoRaWAN,-29
3,D3,B,LoRaWAN,-28
3,D3,B,LoRaWAN,-28
3,D3,B,LoRaWAN,-29
3,D3,B,LoRaWAN,-29
3,D3,B,LoRaWAN,-29
3,D3,B,LoRaWAN,-28
3,D3,B,LoRaWAN,-29
3,D3,B,LoRaWAN,-29
3,D3,B,LoRaWAN,-29
3,D3,B,LoRaWAN,-29
3,D3,B,LoRaWAN,-29
3,D3,B,LoRaWAN,-28
3,D3,B,LoRaWAN,-29
3,D3,B,LoRaWAN,-29
3,D3,B,LoRaWAN,-29
3,D3,B,LoRaWAN,-29
3,D3,B,LoRaWAN,-29
3,D3,B,LoRaWAN,-28
3,D3,B,LoRaWAN,-29
3,D3,B,LoRaWAN,-29
3,D3,B,LoRaWAN,-29
3,D3,B,LoRaWAN,-29
3,D3,B,LoRaWAN,-30
3,D3,B,LoRaWAN,-30
3,D3,B,LoRaWAN,-29
3,D3,B,LoRaWAN,-28
3,D3,B,LoRaWAN,-29
3,D3,B,LoRaWAN,-29
3,D3,B,LoRaWAN,-29
3,D3,B,LoRaWAN,-29
3,D3,B,LoRaWAN,-29
3,D3,B,LoRaWAN,-29
3,D3,B,LoRaWAN,-29
3,D3,B,LoRaWAN,-29
3,D3,B,LoRaWAN,-29
3,D3,B,LoRaWAN,-30
3,D3,B,LoRaWAN,-29
3,D3,B,LoRaWAN,-29
3,D3,B,LoRaWAN,-29
3,D3,B,LoRaWAN,-30
3,D3,B,LoRaWAN,-29
3,D3,B,LoRaWAN,-29
3,D3,B,LoRaWAN,-29
3,D3,B,LoRaWAN,-29
3,D3,B,LoRaWAN,-29
3,D3,B,LoRaWAN,-30
3,D3,B,LoRaWAN,-29
3,D3,B,LoRaWAN,-30
3,D3,B,LoRaWAN,-28
3,D3,B,LoRaWAN,-28
3,D3,B,LoRaWAN,-30
3,D3,B,LoRaWAN,-30
3,D3,B,LoRaWAN,-29
3,D3,B,LoRaWAN,-29
3,D3,B,LoRaWAN,-30
3,D3,B,LoRaWAN,-29
3,D3,B,LoRaWAN,-29
3,D3,B,LoRaWAN,-30
3,D3,B,LoRaWAN,-29
3,D3,B,LoRaWAN,-29
3,D3,B,LoRaWAN,-30
3,D3,B,LoRaWAN,-29
3,D3,B,LoRaWAN,-29
3,D3,B,LoRaWAN,-29
3,D3,B,LoRaWAN,-29
3,D3,B,LoRaWAN,-29
3,D3,B,LoRaWAN,-28
3,D3,B,LoRaWAN,-29
3,D3,B,LoRaWAN,-30
3,D3,B,WiFi,-52
3,D3,B,WiFi,-54
3,D3,B,WiFi,-52
3,D3,B,WiFi,-53
3,D3,B,WiFi,-51
3,D3,B,WiFi,-53
3,D3,B,WiFi,-51
3,D3,B,WiFi,-51
3,D3,B,WiFi,-51
3,D3,B,WiFi,-52
3,D3,B,WiFi,-52
3,D3,B,WiFi,-51
3,D3,B,WiFi,-54
3,D3,B,WiFi,-56
3,D3,B,WiFi,-52
3,D3,B,WiFi,-49
3,D3,B,WiFi,-54
3,D3,B,WiFi,-54
3,D3,B,WiFi,-52
3,D3,B,WiFi,-52
3,D3,B,WiFi,-53
3,D3,B,WiFi,-53
3,D3,B,WiFi,-53
3,D3,B,WiFi,-52
3,D3,B,WiFi,-53
3,D3,B,WiFi,-56
3,D3,B,WiFi,-51
3,D3,B,WiFi,-51
3,D3,B,WiFi,-55
3,D3,B,WiFi,-51
3,D3,B,WiFi,-53
3,D3,B,WiFi,-52
3,D3,B,WiFi,-54
3,D3,B,WiFi,-53
3,D3,B,WiFi,-54
3,D3,B,WiFi,-54
3,D3,B,WiFi,-52
3,D3,B,WiFi,-55
3,D3,B,WiFi,-53
3,D3,B,WiFi,-54
3,D3,B,WiFi,-53
3,D3,B,WiFi,-54
3,D3,B,WiFi,-52
3,D3,B,WiFi,-55
3,D3,B,WiFi,-54
3,D3,B,WiFi,-56
3,D3,B,WiFi,-53
3,D3,B,WiFi,-52
3,D3,B,WiFi,-53
3,D3,B,WiFi,-53
3,D3,B,WiFi,-55
3,D3,B,WiFi,-53
3,D3,B,WiFi,-54
3,D3,B,WiFi,-55
3,D3,B,WiFi,-55
3,D3,B,WiFi,-52
3,D3,B,WiFi,-55
3,D3,B,WiFi,-54
3,D3,B,WiFi,-55
3,D3,B,WiFi,-53
3,D3,B,WiFi,-54
3,D3,B,WiFi,-54
3,D3,B,WiFi,-54
3,D3,B,WiFi,-54
3,D3,B,WiFi,-53
3,D3,B,WiFi,-51
3,D3,B,WiFi,-55
3,D3,B,WiFi,-54
3,D3,B,WiFi,-54
3,D3,B,WiFi,-51
3,D3,B,WiFi,-54
3,D3,B,WiFi,-52
3,D3,B,WiFi,-51
3,D3,B,WiFi,-56
3,D3,B,WiFi,-55
3,D3,B,WiFi,-56
3,D3,B,WiFi,-54
3,D3,B,WiFi,-52
3,D3,B,WiFi,-53
3,D3,B,WiFi,-56
3,D3,B,WiFi,-54
3,D3,B,WiFi,-54
3,D3,B,WiFi,-53
3,D3,B,WiFi,-56
3,D3,B,WiFi,-54
3,D3,B,WiFi,-54
3,D3,B,WiFi,-55
3,D3,B,WiFi,-53
3,D3,B,WiFi,-55
3,D3,B,WiFi,-55
3,D3,B,WiFi,-55
3,D3,B,WiFi,-55
3,D3,B,WiFi,-55
3,D3,B,WiFi,-55
3,D3,B,WiFi,-54
3,D3,B,WiFi,-53
3,D3,B,WiFi,-54
3,D3,B,WiFi,-54
3,D3,B,WiFi,-54
3,D3,B,WiFi,-52
3,D3,B,WiFi,-56
3,D3,B,WiFi,-53
3,D3,B,WiFi,-53
3,D3,B,WiFi,-55
3,D3,B,WiFi,-56
3,D3,B,WiFi,-54
3,D3,B,WiFi,-53
3,D3,B,Zigbee,-47
3,D3,B,Zigbee,-59
3,D3,B,Zigbee,-47
3,D3,B,Zigbee,-47
3,D3,B,Zigbee,-47
3,D3,B,Zigbee,-47
3,D3,B,Zigbee,-47
3,D3,B,Zigbee,-47
3,D3,B,Zigbee,-47
3,D3,B,Zigbee,-47
3,D3,B,Zigbee,-47
3,D3,B,Zigbee,-47
3,D3,B,Zigbee,-47
3,D3,B,Zigbee,-47
3,D3,B,Zigbee,-47
3,D3,B,Zigbee,-47
3,D3,B,Zigbee,-47
3,D3,B,Zigbee,-47
3,D3,B,Zigbee,-47
3,D3,B,Zigbee,-47
3,D3,B,Zigbee,-47
3,D3,B,Zigbee,-47
3,D3,B,Zigbee,-60
3,D3,B,Zigbee,-61
3,D3,B,Zigbee,-47
3,D3,B,Zigbee,-47
3,D3,B,Zigbee,-47
3,D3,B,Zigbee,-47
3,D3,B,Zigbee,-47
3,D3,B,Zigbee,-47
3,D3,B,Zigbee,-47
3,D3,B,Zigbee,-61
3,D3,B,Zigbee,-47
3,D3,B,Zigbee,-47
3,D3,B,Zigbee,-61
3,D3,B,Zigbee,-47
3,D3,B,Zigbee,-47
3,D3,B,Zigbee,-47
3,D3,B,Zigbee,-47
3,D3,B,Zigbee,-47
3,D3,B,Zigbee,-47
3,D3,B,Zigbee,-47
3,D3,B,Zigbee,-47
3,D3,B,Zigbee,-47
3,D3,B,Zigbee,-47
3,D3,B,Zigbee,-61
3,D3,B,Zigbee,-47
3,D3,B,Zigbee,-61
3,D3,B,Zigbee,-47
3,D3,B,Zigbee,-47
3,D3,B,Zigbee,-47
3,D3,B,Zigbee,-60
3,D3,B,Zigbee,-47
3,D3,B,Zigbee,-60
3,D3,B,Zigbee,-61
3,D3,B,Zigbee,-47
3,D3,B,Zigbee,-47
3,D3,B,Zigbee,-60
3,D3,B,Zigbee,-60
3,D3,B,Zigbee,-47
3,D3,B,Zigbee,-47
3,D3,B,Zigbee,-61
3,D3,B,Zigbee,-61
3,D3,B,Zigbee,-61
3,D3,B,Zigbee,-61
3,D3,B,Zigbee,-61
3,D3,B,Zigbee,-60
3,D3,B,Zigbee,-60
3,D3,B,Zigbee,-60
3,D3,B,Zigbee,-61
3,D3,B,Zigbee,-61
3,D3,B,Zigbee,-61
3,D3,B,Zigbee,-47
3,D3,B,Zigbee,-61
3,D3,B,Zigbee,-61
3,D3,B,Zigbee,-47
3,D3,B,Zigbee,-60
3,D3,B,Zigbee,-60
3,D3,B,Zigbee,-60
3,D3,B,Zigbee,-60
3,D3,B,Zigbee,-60
3,D3,B,Zigbee,-47
3,D3,B,Zigbee,-60
3,D3,B,Zigbee,-47
3,D3,B,Zigbee,-59
3,D3,B,Zigbee,-58
3,D3,B,Zigbee,-59
3,D3,B,Zigbee,-59
3,D3,B,Zigbee,-58
3,D3,B,Zigbee,-58
3,D3,B,Zigbee,-59
3,D3,C,BLE,-67
3,D3,C,BLE,-67
3,D3,C,BLE,-85
3,D3,C,BLE,-67
3,D3,C,BLE,-77
3,D3,C,BLE,-60
3,D3,C,BLE,-60
3,D3,C,BLE,-83
3,D3,C,BLE,-68
3,D3,C,BLE,-63
3,D3,C,BLE,-60
3,D3,C,BLE,-69
3,D3,C,BLE,-70
3,D3,C,BLE,-78
3,D3,C,BLE,-77
3,D3,C,BLE,-74
3,D3,C,BLE,-83
3,D3,C,BLE,-67
3,D3,C,BLE,-63
3,D3,C,BLE,-74
3,D3,C,BLE,-66
3,D3,C,BLE,-77
3,D3,C,BLE,-74
3,D3,C,BLE,-60
3,D3,C,BLE,-83
3,D3,C,BLE,-77
3,D3,C,BLE,-66
3,D3,C,BLE,-63
3,D3,C,BLE,-74
3,D3,C,BLE,-60
3,D3,C,BLE,-83
3,D3,C,BLE,-77
3,D3,C,BLE,-60
3,D3,C,BLE,-84
3,D3,C,BLE,-78
3,D3,C,BLE,-60
3,D3,C,BLE,-60
3,D3,C,BLE,-68
3,D3,C,BLE,-85
3,D3,C,BLE,-68
3,D3,C,BLE,-63
3,D3,C,BLE,-79
3,D3,C,BLE,-66
3,D3,C,BLE,-74
3,D3,C,BLE,-67
3,D3,C,BLE,-63
3,D3,C,BLE,-64
3,D3,C,BLE,-74
3,D3,C,BLE,-74
3,D3,C,BLE,-83
3,D3,C,BLE,-63
3,D3,C,BLE,-77
3,D3,C,BLE,-60
3,D3,C,BLE,-60
3,D3,C,BLE,-68
3,D3,C,BLE,-78
3,D3,C,BLE,-63
3,D3,C,BLE,-60
3,D3,C,BLE,-74
3,D3,C,BLE,-60
3,D3,C,BLE,-67
3,D3,C,BLE,-78
3,D3,C,BLE,-63
3,D3,C,BLE,-63
3,D3,C,BLE,-60
3,D3,C,BLE,-60
3,D3,C,BLE,-67
3,D3,C,BLE,-79
3,D3,C,BLE,-60
3,D3,C,BLE,-74
3,D3,C,BLE,-74
3,D3,C,BLE,-67
3,D3,C,BLE,-66
3,D3,C,BLE,-74
3,D3,C,BLE,-68
3,D3,C,BLE,-63
3,D3,C,BLE,-77
3,D3,C,BLE,-63
3,D3,C,BLE,-60
3,D3,C,BLE,-60
3,D3,C,BLE,-71
3,D3,C,BLE,-84
3,D3,C,BLE,-66
3,D3,C,BLE,-60
3,D3,C,BLE,-60
3,D3,C,BLE,-85
3,D3,C,BLE,-68
3,D3,C,BLE,-69
3,D3,C,BLE,-76
3,D3,C,BLE,-63
3,D3,C,BLE,-74
3,D3,C,BLE,-60
3,D3,C,BLE,-83
3,D3,C,BLE,-69
3,D3,C,BLE,-78
3,D3,C,BLE,-60
3,D3,C,BLE,-74
3,D3,C,BLE,-70
3,D3,C,BLE,-70
3,D3,C,BLE,-78
3,D3,C,BLE,-60
3,D3,C,BLE,-85
3,D3,C,BLE,-71
3,D3,C,BLE,-68
3,D3,C,BLE,-63
3,D3,C,LoRaWAN,-37
3,D3,C,LoRaWAN,-37
3,D3,C,LoRaWAN,-38
3,D3,C,LoRaWAN,-37
3,D3,C,LoRaWAN,-37
3,D3,C,LoRaWAN,-37
3,D3,C,LoRaWAN,-37
3,D3,C,LoRaWAN,-38
3,D3,C,LoRaWAN,-38
3,D3,C,LoRaWAN,-37
3,D3,C,LoRaWAN,-38
3,D3,C,LoRaWAN,-38
3,D3,C,LoRaWAN,-37
3,D3,C,LoRaWAN,-37
3,D3,C,LoRaWAN,-36
3,D3,C,LoRaWAN,-37
3,D3,C,LoRaWAN,-37
3,D3,C,LoRaWAN,-38
3,D3,C,LoRaWAN,-37
3,D3,C,LoRaWAN,-37
3,D3,C,LoRaWAN,-38
3,D3,C,LoRaWAN,-38
3,D3,C,LoRaWAN,-38
3,D3,C,LoRaWAN,-38
3,D3,C,LoRaWAN,-38
3,D3,C,LoRaWAN,-38
3,D3,C,LoRaWAN,-38
3,D3,C,LoRaWAN,-37
3,D3,C,LoRaWAN,-37
3,D3,C,LoRaWAN,-38
3,D3,C,LoRaWAN,-37
3,D3,C,LoRaWAN,-37
3,D3,C,LoRaWAN,-38
3,D3,C,LoRaWAN,-37
3,D3,C,LoRaWAN,-37
3,D3,C,LoRaWAN,-37
3,D3,C,LoRaWAN,-38
3,D3,C,LoRaWAN,-38
3,D3,C,LoRaWAN,-38
3,D3,C,LoRaWAN,-37
3,D3,C,LoRaWAN,-38
3,D3,C,LoRaWAN,-37
3,D3,C,LoRaWAN,-37
3,D3,C,LoRaWAN,-37
3,D3,C,LoRaWAN,-37
3,D3,C,LoRaWAN,-37
3,D3,C,LoRaWAN,-37
3,D3,C,LoRaWAN,-37
3,D3,C,LoRaWAN,-37
3,D3,C,LoRaWAN,-37
3,D3,C,LoRaWAN,-37
3,D3,C,LoRaWAN,-37
3,D3,C,LoRaWAN,-37
3,D3,C,LoRaWAN,-37
3,D3,C,LoRaWAN,-37
3,D3,C,LoRaWAN,-37
3,D3,C,LoRaWAN,-37
3,D3,C,LoRaWAN,-38
3,D3,C,LoRaWAN,-37
3,D3,C,LoRaWAN,-37
3,D3,C,LoRaWAN,-38
3,D3,C,LoRaWAN,-38
3,D3,C,LoRaWAN,-37
3,D3,C,LoRaWAN,-37
3,D3,C,LoRaWAN,-37
3,D3,C,LoRaWAN,-37
3,D3,C,LoRaWAN,-37
3,D3,C,LoRaWAN,-37
3,D3,C,LoRaWAN,-37
3,D3,C,LoRaWAN,-37
3,D3,C,LoRaWAN,-37
3,D3,C,LoRaWAN,-37
3,D3,C,LoRaWAN,-37
3,D3,C,LoRaWAN,-37
3,D3,C,LoRaWAN,-37
3,D3,C,LoRaWAN,-37
3,D3,C,LoRaWAN,-37
3,D3,C,LoRaWAN,-37
3,D3,C,LoRaWAN,-38
3,D3,C,LoRaWAN,-38
3,D3,C,LoRaWAN,-37
3,D3,C,LoRaWAN,-37
3,D3,C,LoRaWAN,-37
3,D3,C,LoRaWAN,-36
3,D3,C,LoRaWAN,-37
3,D3,C,LoRaWAN,-37
3,D3,C,LoRaWAN,-37
3,D3,C,LoRaWAN,-38
3,D3,C,LoRaWAN,-37
3,D3,C,LoRaWAN,-37
3,D3,C,LoRaWAN,-37
3,D3,C,LoRaWAN,-37
3,D3,C,LoRaWAN,-36
3,D3,C,LoRaWAN,-37
3,D3,C,LoRaWAN,-37
3,D3,C,LoRaWAN,-37
3,D3,C,LoRaWAN,-37
3,D3,C,LoRaWAN,-36
3,D3,C,LoRaWAN,-38
3,D3,C,LoRaWAN,-38
3,D3,C,LoRaWAN,-36
3,D3,C,LoRaWAN,-37
3,D3,C,LoRaWAN,-37
3,D3,C,LoRaWAN,-37
3,D3,C,LoRaWAN,-36
3,D3,C,LoRaWAN,-38
3,D3,C,LoRaWAN,-35
3,D3,C,LoRaWAN,-35
3,D3,C,WiFi,-56
3,D3,C,WiFi,-59
3,D3,C,WiFi,-58
3,D3,C,WiFi,-58
3,D3,C,WiFi,-60
3,D3,C,WiFi,-59
3,D3,C,WiFi,-57
3,D3,C,WiFi,-58
3,D3,C,WiFi,-57
3,D3,C,WiFi,-57
3,D3,C,WiFi,-57
3,D3,C,WiFi,-59
3,D3,C,WiFi,-56
3,D3,C,WiFi,-55
3,D3,C,WiFi,-58
3,D3,C,WiFi,-58
3,D3,C,WiFi,-60
3,D3,C,WiFi,-59
3,D3,C,WiFi,-59
3,D3,C,WiFi,-59
3,D3,C,WiFi,-59
3,D3,C,WiFi,-59
3,D3,C,WiFi,-56
3,D3,C,WiFi,-58
3,D3,C,WiFi,-59
3,D3,C,WiFi,-58
3,D3,C,WiFi,-60
3,D3,C,WiFi,-61
3,D3,C,WiFi,-59
3,D3,C,WiFi,-60
3,D3,C,WiFi,-60
3,D3,C,WiFi,-57
3,D3,C,WiFi,-61
3,D3,C,WiFi,-59
3,D3,C,WiFi,-58
3,D3,C,WiFi,-59
3,D3,C,WiFi,-60
3,D3,C,WiFi,-57
3,D3,C,WiFi,-59
3,D3,C,WiFi,-58
3,D3,C,WiFi,-58
3,D3,C,WiFi,-60
3,D3,C,WiFi,-59
3,D3,C,WiFi,-60
3,D3,C,WiFi,-59
3,D3,C,WiFi,-59
3,D3,C,WiFi,-60
3,D3,C,WiFi,-61
3,D3,C,WiFi,-58
3,D3,C,WiFi,-60
3,D3,C,WiFi,-61
3,D3,C,WiFi,-59
3,D3,C,WiFi,-59
3,D3,C,WiFi,-60
3,D3,C,WiFi,-60
3,D3,C,WiFi,-58
3,D3,C,WiFi,-56
3,D3,C,WiFi,-61
3,D3,C,WiFi,-60
3,D3,C,WiFi,-55
3,D3,C,WiFi,-59
3,D3,C,WiFi,-56
3,D3,C,WiFi,-58
3,D3,C,WiFi,-59
3,D3,C,WiFi,-58
3,D3,C,WiFi,-58
3,D3,C,WiFi,-57
3,D3,C,WiFi,-56
3,D3,C,WiFi,-59
3,D3,C,WiFi,-57
3,D3,C,WiFi,-59
3,D3,C,WiFi,-58
3,D3,C,WiFi,-58
3,D3,C,WiFi,-58
3,D3,C,WiFi,-59
3,D3,C,WiFi,-59
3,D3,C,WiFi,-61
3,D3,C,WiFi,-59
3,D3,C,WiFi,-58
3,D3,C,WiFi,-56
3,D3,C,WiFi,-57
3,D3,C,WiFi,-57
3,D3,C,WiFi,-59
3,D3,C,WiFi,-59
3,D3,C,WiFi,-61
3,D3,C,WiFi,-61
3,D3,C,WiFi,-61
3,D3,C,WiFi,-59
3,D3,C,WiFi,-60
3,D3,C,WiFi,-62
3,D3,C,WiFi,-60
3,D3,C,WiFi,-59
3,D3,C,WiFi,-61
3,D3,C,WiFi,-60
3,D3,C,WiFi,-59
3,D3,C,WiFi,-60
3,D3,C,WiFi,-58
3,D3,C,WiFi,-59
3,D3,C,WiFi,-60
3,D3,C,WiFi,-60
3,D3,C,WiFi,-60
3,D3,C,WiFi,-60
3,D3,C,WiFi,-59
3,D3,C,WiFi,-58
3,D3,C,WiFi,-59
3,D3,C,WiFi,-58
3,D3,C,WiFi,-56
3,D3,C,Zigbee,-52
3,D3,C,Zigbee,-52
3,D3,C,Zigbee,-52
3,D3,C,Zigbee,-52
3,D3,C,Zigbee,-52
3,D3,C,Zigbee,-52
3,D3,C,Zigbee,-52
3,D3,C,Zigbee,-52
3,D3,C,Zigbee,-52
3,D3,C,Zigbee,-52
3,D3,C,Zigbee,-52
3,D3,C,Zigbee,-47
3,D3,C,Zigbee,-52
3,D3,C,Zigbee,-52
3,D3,C,Zigbee,-52
3,D3,C,Zigbee,-52
3,D3,C,Zigbee,-52
3,D3,C,Zigbee,-52
3,D3,C,Zigbee,-52
3,D3,C,Zigbee,-52
3,D3,C,Zigbee,-52
3,D3,C,Zigbee,-52
3,D3,C,Zigbee,-47
3,D3,C,Zigbee,-52
3,D3,C,Zigbee,-52
3,D3,C,Zigbee,-52
3,D3,C,Zigbee,-52
3,D3,C,Zigbee,-52
3,D3,C,Zigbee,-52
3,D3,C,Zigbee,-52
3,D3,C,Zigbee,-52
3,D3,C,Zigbee,-52
3,D3,C,Zigbee,-47
3,D3,C,Zigbee,-52
3,D3,C,Zigbee,-52
3,D3,C,Zigbee,-52
3,D3,C,Zigbee,-52
3,D3,C,Zigbee,-52
3,D3,C,Zigbee,-52
3,D3,C,Zigbee,-52
3,D3,C,Zigbee,-52
3,D3,C,Zigbee,-52
3,D3,C,Zigbee,-52
3,D3,C,Zigbee,-52
3,D3,C,Zigbee,-47
3,D3,C,Zigbee,-52
3,D3,C,Zigbee,-52
3,D3,C,Zigbee,-52
3,D3,C,Zigbee,-52
3,D3,C,Zigbee,-52
3,D3,C,Zigbee,-52
3,D3,C,Zigbee,-47
3,D3,C,Zigbee,-52
3,D3,C,Zigbee,-52
3,D3,C,Zigbee,-47
3,D3,C,Zigbee,-47
3,D3,C,Zigbee,-47
3,D3,C,Zigbee,-47
3,D3,C,Zigbee,-47
3,D3,C,Zigbee,-47
3,D3,C,Zigbee,-47
3,D3,C,Zigbee,-52
3,D3,C,Zigbee,-47
3,D3,C,Zigbee,-52
3,D3,C,Zigbee,-47
3,D3,C,Zigbee,-47
3,D3,C,Zigbee,-47
3,D3,C,Zigbee,-47
3,D3,C,Zigbee,-47
3,D3,C,Zigbee,-47
3,D3,C,Zigbee,-52
3,D3,C,Zigbee,-47
3,D3,C,Zigbee,-47
3,D3,C,Zigbee,-47
3,D3,C,Zigbee,-47
3,D3,C,Zigbee,-47
3,D3,C,Zigbee,-47
3,D3,C,Zigbee,-47
3,D3,C,Zigbee,-47
3,D3,C,Zigbee,-47
3,D3,C,Zigbee,-47
3,D3,C,Zigbee,-47
3,D3,C,Zigbee,-52
3,D3,C,Zigbee,-47
3,D3,C,Zigbee,-47
3,D3,C,Zigbee,-47
3,D3,C,Zigbee,-47
3,D3,C,Zigbee,-47
3,D3,C,Zigbee,-47
3,D3,C,Zigbee,-47
3,D3,C,Zigbee,-47
3,D3,C,Zigbee,-59
3,D3,C,Zigbee,-47
3,D3,C,Zigbee,-47
3,D3,C,Zigbee,-47
3,D3,C,Zigbee,-47
5,D1,A,BLE,-77
5,D1,A,BLE,-79
5,D1,A,BLE,-75
5,D1,A,BLE,-77
5,D1,A,BLE,-62
5,D1,A,BLE,-78
5,D1,A,BLE,-78
5,D1,A,BLE,-69
5,D1,A,BLE,-68
5,D1,A,BLE,-91
5,D1,A,BLE,-98
5,D1,A,BLE,-76
5,D1,A,BLE,-78
5,D1,A,BLE,-79
5,D1,A,BLE,-76
5,D1,A,BLE,-63
5,D1,A,BLE,-63
5,D1,A,BLE,-67
5,D1,A,BLE,-91
5,D1,A,BLE,-77
5,D1,A,BLE,-67
5,D1,A,BLE,-68
5,D1,A,BLE,-93
5,D1,A,BLE,-93
5,D1,A,BLE,-63
5,D1,A,BLE,-67
5,D1,A,BLE,-68
5,D1,A,BLE,-79
5,D1,A,BLE,-98
5,D1,A,BLE,-84
5,D1,A,BLE,-77
5,D1,A,BLE,-63
5,D1,A,BLE,-63
5,D1,A,BLE,-63
5,D1,A,BLE,-63
5,D1,A,BLE,-68
5,D1,A,BLE,-79
5,D1,A,BLE,-77
5,D1,A,BLE,-77
5,D1,A,BLE,-63
5,D1,A,BLE,-64
5,D1,A,BLE,-85
5,D1,A,BLE,-62
5,D1,A,BLE,-67
5,D1,A,BLE,-65
5,D1,A,BLE,-79
5,D1,A,BLE,-85
5,D1,A,BLE,-99
5,D1,A,BLE,-63
5,D1,A,BLE,-63
5,D1,A,BLE,-63
5,D1,A,BLE,-68
5,D1,A,BLE,-67
5,D1,A,BLE,-96
5,D1,A,BLE,-98
5,D1,A,BLE,-78
5,D1,A,BLE,-66
5,D1,A,BLE,-68
5,D1,A,BLE,-100
5,D1,A,BLE,-100
5,D1,A,BLE,-68
5,D1,A,BLE,-102
5,D1,A,BLE,-80
5,D1,A,BLE,-63
5,D1,A,BLE,-63
5,D1,A,BLE,-65
5,D1,A,BLE,-79
5,D1,A,BLE,-100
5,D1,A,BLE,-104
5,D1,A,BLE,-63
5,D1,A,BLE,-65
5,D1,A,BLE,-96
5,D1,A,BLE,-81
5,D1,A,BLE,-79
5,D1,A,BLE,-68
5,D1,A,BLE,-65
5,D1,A,BLE,-86
5,D1,A,BLE,-78
5,D1,A,BLE,-63
5,D1,A,BLE,-63
5,D1,A,BLE,-67
5,D1,A,BLE,-79
5,D1,A,BLE,-78
5,D1,A,BLE,-78
5,D1,A,BLE,-63
5,D1,A,BLE,-67
5,D1,A,BLE,-83
5,D1,A,BLE,-78
5,D1,A,BLE,-78
5,D1,A,BLE,-78
5,D1,A,BLE,-98
5,D1,A,BLE,-86
5,D1,A,BLE,-63
5,D1,A,BLE,-77
5,D1,A,BLE,-77
5,D1,A,BLE,-79
5,D1,A,BLE,-78
5,D1,A,LoRaWAN,-38
5,D1,A,LoRaWAN,-36
5,D1,A,LoRaWAN,-35
5,D1,A,LoRaWAN,-36
5,D1,A,LoRaWAN,-36
5,D1,A,LoRaWAN,-36
5,D1,A,LoRaWAN,-36
5,D1,A,LoRaWAN,-37
5,D1,A,LoRaWAN,-37
5,D1,A,LoRaWAN,-37
5,D1,A,LoRaWAN,-37
5,D1,A,LoRaWAN,-37
5,D1,A,LoRaWAN,-37
5,D1,A,LoRaWAN,-37
5,D1,A,LoRaWAN,-37
5,D1,A,LoRaWAN,-37
5,D1,A,LoRaWAN,-37
5,D1,A,LoRaWAN,-37
5,D1,A,LoRaWAN,-37
5,D1,A,LoRaWAN,-37
5,D1,A,LoRaWAN,-37
5,D1,A,LoRaWAN,-37
5,D1,A,LoRaWAN,-37
5,D1,A,LoRaWAN,-37
5,D1,A,LoRaWAN,-37
5,D1,A,LoRaWAN,-37
5,D1,A,LoRaWAN,-36
5,D1,A,LoRaWAN,-37
5,D1,A,LoRaWAN,-37
5,D1,A,LoRaWAN,-37
5,D1,A,LoRaWAN,-37
5,D1,A,LoRaWAN,-37
5,D1,A,LoRaWAN,-37
5,D1,A,LoRaWAN,-37
5,D1,A,LoRaWAN,-37
5,D1,A,LoRaWAN,-37
5,D1,A,LoRaWAN,-37
5,D1,A,LoRaWAN,-37
5,D1,A,LoRaWAN,-37
5,D1,A,LoRaWAN,-37
5,D1,A,LoRaWAN,-37
5,D1,A,LoRaWAN,-37
5,D1,A,LoRaWAN,-37
5,D1,A,LoRaWAN,-37
5,D1,A,LoRaWAN,-37
5,D1,A,LoRaWAN,-37
5,D1,A,LoRaWAN,-37
5,D1,A,LoRaWAN,-37
5,D1,A,LoRaWAN,-37
5,D1,A,LoRaWAN,-37
5,D1,A,LoRaWAN,-37
5,D1,A,LoRaWAN,-38
5,D1,A,LoRaWAN,-37
5,D1,A,LoRaWAN,-37
5,D1,A,LoRaWAN,-37
5,D1,A,LoRaWAN,-37
5,D1,A,LoRaWAN,-37
5,D1,A,LoRaWAN,-37
5,D1,A,LoRaWAN,-36
5,D1,A,LoRaWAN,-37
5,D1,A,LoRaWAN,-37
5,D1,A,LoRaWAN,-37
5,D1,A,LoRaWAN,-37
5,D1,A,LoRaWAN,-37
5,D1,A,LoRaWAN,-37
5,D1,A,LoRaWAN,-37
5,D1,A,LoRaWAN,-37
5,D1,A,LoRaWAN,-37
5,D1,A,LoRaWAN,-37
5,D1,A,LoRaWAN,-38
5,D1,A,LoRaWAN,-38
5,D1,A,LoRaWAN,-37
5,D1,A,LoRaWAN,-37
5,D1,A,LoRaWAN,-37
5,D1,A,LoRaWAN,-37
5,D1,A,LoRaWAN,-38
5,D1,A,LoRaWAN,-37
5,D1,A,LoRaWAN,-37
5,D1,A,LoRaWAN,-37
5,D1,A,LoRaWAN,-37
5,D1,A,LoRaWAN,-38
5,D1,A,LoRaWAN,-38
5,D1,A,LoRaWAN,-38
5,D1,A,LoRaWAN,-38
5,D1,A,LoRaWAN,-38
5,D1,A,LoRaWAN,-37
5,D1,A,LoRaWAN,-37
5,D1,A,LoRaWAN,-37
5,D1,A,LoRaWAN,-37
5,D1,A,LoRaWAN,-37
5,D1,A,LoRaWAN,-37
5,D1,A,LoRaWAN,-38
5,D1,A,LoRaWAN,-38
5,D1,A,LoRaWAN,-37
5,D1,A,LoRaWAN,-37
5,D1,A,LoRaWAN,-37
5,D1,A,LoRaWAN,-37
5,D1,A,LoRaWAN,-38
5,D1,A,LoRaWAN,-37
5,D1,A,LoRaWAN,-37
5,D1,A,LoRaWAN,-37
5,D1,A,LoRaWAN,-37
5,D1,A,LoRaWAN,-37
5,D1,A,LoRaWAN,-38
5,D1,A,LoRaWAN,-37
5,D1,A,LoRaWAN,-37
5,D1,A,WiFi,-46
5,D1,A,WiFi,-48
5,D1,A,WiFi,-48
5,D1,A,WiFi,-49
5,D1,A,WiFi,-47
5,D1,A,WiFi,-49
5,D1,A,WiFi,-49
5,D1,A,WiFi,-48
5,D1,A,WiFi,-46
5,D1,A,WiFi,-47
5,D1,A,WiFi,-48
5,D1,A,WiFi,-49
5,D1,A,WiFi,-48
5,D1,A,WiFi,-48
5,D1,A,WiFi,-46
5,D1,A,WiFi,-49
5,D1,A,WiFi,-47
5,D1,A,WiFi,-48
5,D1,A,WiFi,-49
5,D1,A,WiFi,-49
5,D1,A,WiFi,-49
5,D1,A,WiFi,-48
5,D1,A,WiFi,-48
5,D1,A,WiFi,-48
5,D1,A,WiFi,-49
5,D1,A,WiFi,-49
5,D1,A,WiFi,-47
5,D1,A,WiFi,-49
5,D1,A,WiFi,-47
5,D1,A,WiFi,-49
5,D1,A,WiFi,-49
5,D1,A,WiFi,-49
5,D1,A,WiFi,-46
5,D1,A,WiFi,-49
5,D1,A,WiFi,-47
5,D1,A,WiFi,-49
5,D1,A,WiFi,-49
5,D1,A,WiFi,-48
5,D1,A,WiFi,-49
5,D1,A,WiFi,-47
5,D1,A,WiFi,-48
5,D1,A,WiFi,-47
5,D1,A,WiFi,-47
5,D1,A,WiFi,-46
5,D1,A,WiFi,-49
5,D1,A,WiFi,-49
5,D1,A,WiFi,-49
5,D1,A,WiFi,-46
5,D1,A,WiFi,-46
5,D1,A,WiFi,-50
5,D1,A,WiFi,-45
5,D1,A,WiFi,-46
5,D1,A,WiFi,-46
5,D1,A,WiFi,-49
5,D1,A,WiFi,-49
5,D1,A,WiFi,-49
5,D1,A,WiFi,-47
5,D1,A,WiFi,-48
5,D1,A,WiFi,-46
5,D1,A,WiFi,-47
5,D1,A,WiFi,-48
5,D1,A,WiFi,-47
5,D1,A,WiFi,-47
5,D1,A,WiFi,-49
5,D1,A,WiFi,-47
5,D1,A,WiFi,-47
5,D1,A,WiFi,-49
5,D1,A,WiFi,-48
5,D1,A,WiFi,-49
5,D1,A,WiFi,-47
5,D1,A,WiFi,-48
5,D1,A,WiFi,-49
5,D1,A,WiFi,-48
5,D1,A,WiFi,-46
5,D1,A,WiFi,-49
5,D1,A,WiFi,-49
5,D1,A,WiFi,-48
5,D1,A,WiFi,-48
5,D1,A,WiFi,-47
5,D1,A,WiFi,-47
5,D1,A,WiFi,-48
5,D1,A,WiFi,-49
5,D1,A,WiFi,-46
5,D1,A,WiFi,-46
5,D1,A,WiFi,-47
5,D1,A,WiFi,-47
5,D1,A,WiFi,-46
5,D1,A,WiFi,-50
5,D1,A,WiFi,-48
5,D1,A,WiFi,-47
5,D1,A,WiFi,-48
5,D1,A,WiFi,-45
5,D1,A,WiFi,-49
5,D1,A,WiFi,-49
5,D1,A,WiFi,-47
5,D1,A,WiFi,-45
5,D1,A,WiFi,-47
5,D1,A,WiFi,-49
5,D1,A,WiFi,-46
5,D1,A,WiFi,-47
5,D1,A,WiFi,-48
5,D1,A,WiFi,-48
5,D1,A,WiFi,-46
5,D1,A,WiFi,-48
5,D1,A,WiFi,-47
5,D1,A,WiFi,-46
5,D1,A,WiFi,-48
5,D1,A,WiFi,-47
5,D1,A,Zigbee,-59
5,D1,A,Zigbee,-59
5,D1,A,Zigbee,-59
5,D1,A,Zigbee,-59
5,D1,A,Zigbee,-59
5,D1,A,Zigbee,-59
5,D1,A,Zigbee,-59
5,D1,A,Zigbee,-59
5,D1,A,Zigbee,-59
5,D1,A,Zigbee,-59
5,D1,A,Zigbee,-58
5,D1,A,Zigbee,-58
5,D1,A,Zigbee,-58
5,D1,A,Zigbee,-58
5,D1,A,Zigbee,-58
5,D1,A,Zigbee,-59
5,D1,A,Zigbee,-58
5,D1,A,Zigbee,-58
5,D1,A,Zigbee,-58
5,D1,A,Zigbee,-60
5,D1,A,Zigbee,-60
5,D1,A,Zigbee,-60
5,D1,A,Zigbee,-62
5,D1,A,Zigbee,-59
5,D1,A,Zigbee,-60
5,D1,A,Zigbee,-60
5,D1,A,Zigbee,-60
5,D1,A,Zigbee,-59
5,D1,A,Zigbee,-60
5,D1,A,Zigbee,-60
5,D1,A,Zigbee,-60
5,D1,A,Zigbee,-60
5,D1,A,Zigbee,-60
5,D1,A,Zigbee,-61
5,D1,A,Zigbee,-61
5,D1,A,Zigbee,-61
5,D1,A,Zigbee,-61
5,D1,A,Zigbee,-60
5,D1,A,Zigbee,-60
5,D1,A,Zigbee,-60
5,D1,A,Zigbee,-60
5,D1,A,Zigbee,-59
5,D1,A,Zigbee,-59
5,D1,A,Zigbee,-59
5,D1,A,Zigbee,-60
5,D1,A,Zigbee,-59
5,D1,A,Zigbee,-59
5,D1,A,Zigbee,-58
5,D1,A,Zigbee,-58
5,D1,A,Zigbee,-58
5,D1,A,Zigbee,-57
5,D1,A,Zigbee,-58
5,D1,A,Zigbee,-58
5,D1,A,Zigbee,-58
5,D1,A,Zigbee,-58
5,D1,A,Zigbee,-58
5,D1,A,Zigbee,-58
5,D1,A,Zigbee,-58
5,D1,A,Zigbee,-58
5,D1,A,Zigbee,-58
5,D1,A,Zigbee,-58
5,D1,A,Zigbee,-58
5,D1,A,Zigbee,-58
5,D1,A,Zigbee,-58
5,D1,A,Zigbee,-58
5,D1,A,Zigbee,-58
5,D1,A,Zigbee,-58
5,D1,A,Zigbee,-58
5,D1,A,Zigbee,-58
5,D1,A,Zigbee,-58
5,D1,A,Zigbee,-59
5,D1,A,Zigbee,-59
5,D1,A,Zigbee,-58
5,D1,A,Zigbee,-59
5,D1,A,Zigbee,-59
5,D1,A,Zigbee,-59
5,D1,A,Zigbee,-60
5,D1,A,Zigbee,-61
5,D1,A,Zigbee,-60
5,D1,A,Zigbee,-60
5,D1,A,Zigbee,-59
5,D1,A,Zigbee,-59
5,D1,A,Zigbee,-59
5,D1,A,Zigbee,-59
5,D1,A,Zigbee,-58
5,D1,A,Zigbee,-58
5,D1,A,Zigbee,-59
5,D1,A,Zigbee,-59
5,D1,A,Zigbee,-59
5,D1,A,Zigbee,-59
5,D1,A,Zigbee,-60
5,D1,A,Zigbee,-60
5,D1,A,Zigbee,-62
5,D1,A,Zigbee,-62
5,D1,A,Zigbee,-62
5,D1,A,Zigbee,-62
5,D1,A,Zigbee,-62
5,D1,A,Zigbee,-63
5,D1,A,Zigbee,-61
5,D1,A,Zigbee,-62
5,D1,A,Zigbee,-62
5,D1,B,BLE,-83
5,D1,B,BLE,-69
5,D1,B,BLE,-72
5,D1,B,BLE,-86
5,D1,B,BLE,-78
5,D1,B,BLE,-62
5,D1,B,BLE,-71
5,D1,B,BLE,-68
5,D1,B,BLE,-67
5,D1,B,BLE,-67
5,D1,B,BLE,-66
5,D1,B,BLE,-70
5,D1,B,BLE,-69
5,D1,B,BLE,-69
5,D1,B,BLE,-82
5,D1,B,BLE,-82
5,D1,B,BLE,-78
5,D1,B,BLE,-63
5,D1,B,BLE,-72
5,D1,B,BLE,-69
5,D1,B,BLE,-82
5,D1,B,BLE,-67
5,D1,B,BLE,-67
5,D1,B,BLE,-77
5,D1,B,BLE,-66
5,D1,B,BLE,-72
5,D1,B,BLE,-68
5,D1,B,BLE,-70
5,D1,B,BLE,-82
5,D1,B,BLE,-77
5,D1,B,BLE,-63
5,D1,B,BLE,-63
5,D1,B,BLE,-86
5,D1,B,BLE,-69
5,D1,B,BLE,-77
5,D1,B,BLE,-85
5,D1,B,BLE,-71
5,D1,B,BLE,-71
5,D1,B,BLE,-77
5,D1,B,BLE,-69
5,D1,B,BLE,-83
5,D1,B,BLE,-84
5,D1,B,BLE,-66
5,D1,B,BLE,-66
5,D1,B,BLE,-63
5,D1,B,BLE,-63
5,D1,B,BLE,-77
5,D1,B,BLE,-85
5,D1,B,BLE,-70
5,D1,B,BLE,-85
5,D1,B,BLE,-68
5,D1,B,BLE,-83
5,D1,B,BLE,-63
5,D1,B,BLE,-86
5,D1,B,BLE,-83
5,D1,B,BLE,-68
5,D1,B,BLE,-68
5,D1,B,BLE,-68
5,D1,B,BLE,-66
5,D1,B,BLE,-78
5,D1,B,BLE,-66
5,D1,B,BLE,-70
5,D1,B,BLE,-70
5,D1,B,BLE,-67
5,D1,B,BLE,-77
5,D1,B,BLE,-66
5,D1,B,BLE,-78
5,D1,B,BLE,-63
5,D1,B,BLE,-86
5,D1,B,BLE,-70
5,D1,B,BLE,-66
5,D1,B,BLE,-86
5,D1,B,BLE,-68
5,D1,B,BLE,-64
5,D1,B,BLE,-78
5,D1,B,BLE,-64
5,D1,B,BLE,-64
5,D1,B,BLE,-70
5,D1,B,BLE,-86
5,D1,B,BLE,-67
5,D1,B,BLE,-84
5,D1,B,BLE,-71
5,D1,B,BLE,-67
5,D1,B,BLE,-64
5,D1,B,BLE,-71
5,D1,B,BLE,-67
5,D1,B,BLE,-68
5,D1,B,BLE,-78
5,D1,B,BLE,-63
5,D1,B,BLE,-68
5,D1,B,BLE,-70
5,D1,B,BLE,-68
5,D1,B,BLE,-77
5,D1,B,BLE,-66
5,D1,B,BLE,-83
5,D1,B,BLE,-67
5,D1,B,BLE,-72
5,D1,B,BLE,-70
5,D1,B,BLE,-83
5,D1,B,BLE,-66
5,D1,B,BLE,-77
5,D1,B,BLE,-63
5,D1,B,BLE,-70
5,D1,B,LoRaWAN,-38
5,D1,B,LoRaWAN,-35
5,D1,B,LoRaWAN,-36
5,D1,B,LoRaWAN,-36
5,D1,B,LoRaWAN,-36
5,D1,B,LoRaWAN,-36
5,D1,B,LoRaWAN,-36
5,D1,B,LoRaWAN,-37
5,D1,B,LoRaWAN,-37
5,D1,B,LoRaWAN,-37
5,D1,B,LoRaWAN,-37
5,D1,B,LoRaWAN,-37
5,D1,B,LoRaWAN,-37
5,D1,B,LoRaWAN,-37
5,D1,B,LoRaWAN,-37
5,D1,B,LoRaWAN,-37
5,D1,B,LoRaWAN,-37
5,D1,B,LoRaWAN,-37
5,D1,B,LoRaWAN,-37
5,D1,B,LoRaWAN,-37
5,D1,B,LoRaWAN,-37
5,D1,B,LoRaWAN,-37
5,D1,B,LoRaWAN,-37
5,D1,B,LoRaWAN,-37
5,D1,B,LoRaWAN,-37
5,D1,B,LoRaWAN,-37
5,D1,B,LoRaWAN,-37
5,D1,B,LoRaWAN,-37
5,D1,B,LoRaWAN,-37
5,D1,B,LoRaWAN,-37
5,D1,B,LoRaWAN,-37
5,D1,B,LoRaWAN,-37
5,D1,B,LoRaWAN,-37
5,D1,B,LoRaWAN,-37
5,D1,B,LoRaWAN,-37
5,D1,B,LoRaWAN,-37
5,D1,B,LoRaWAN,-37
5,D1,B,LoRaWAN,-37
5,D1,B,LoRaWAN,-37
5,D1,B,LoRaWAN,-36
5,D1,B,LoRaWAN,-37
5,D1,B,LoRaWAN,-37
5,D1,B,LoRaWAN,-37
5,D1,B,LoRaWAN,-37
5,D1,B,LoRaWAN,-37
5,D1,B,LoRaWAN,-36
5,D1,B,LoRaWAN,-37
5,D1,B,LoRaWAN,-37
5,D1,B,LoRaWAN,-37
5,D1,B,LoRaWAN,-37
5,D1,B,LoRaWAN,-36
5,D1,B,LoRaWAN,-37
5,D1,B,LoRaWAN,-37
5,D1,B,LoRaWAN,-37
5,D1,B,LoRaWAN,-37
5,D1,B,LoRaWAN,-37
5,D1,B,LoRaWAN,-37
5,D1,B,LoRaWAN,-37
5,D1,B,LoRaWAN,-36
5,D1,B,LoRaWAN,-37
5,D1,B,LoRaWAN,-36
5,D1,B,LoRaWAN,-36
5,D1,B,LoRaWAN,-37
5,D1,B,LoRaWAN,-37
5,D1,B,LoRaWAN,-37
5,D1,B,LoRaWAN,-37
5,D1,B,LoRaWAN,-37
5,D1,B,LoRaWAN,-37
5,D1,B,LoRaWAN,-37
5,D1,B,LoRaWAN,-37
5,D1,B,LoRaWAN,-37
5,D1,B,LoRaWAN,-37
5,D1,B,LoRaWAN,-37
5,D1,B,LoRaWAN,-37
5,D1,B,LoRaWAN,-37
5,D1,B,LoRaWAN,-37
5,D1,B,LoRaWAN,-37
5,D1,B,LoRaWAN,-37
5,D1,B,LoRaWAN,-37
5,D1,B,LoRaWAN,-37
5,D1,B,LoRaWAN,-37
5,D1,B,LoRaWAN,-36
5,D1,B,LoRaWAN,-37
5,D1,B,LoRaWAN,-37
5,D1,B,LoRaWAN,-37
5,D1,B,LoRaWAN,-37
5,D1,B,LoRaWAN,-37
5,D1,B,LoRaWAN,-37
5,D1,B,LoRaWAN,-37
5,D1,B,LoRaWAN,-37
5,D1,B,LoRaWAN,-37
5,D1,B,LoRaWAN,-37
5,D1,B,LoRaWAN,-37
5,D1,B,LoRaWAN,-37
5,D1,B,LoRaWAN,-37
5,D1,B,LoRaWAN,-37
5,D1,B,LoRaWAN,-37
5,D1,B,LoRaWAN,-37
5,D1,B,LoRaWAN,-37
5,D1,B,LoRaWAN,-37
5,D1,B,LoRaWAN,-37
5,D1,B,LoRaWAN,-37
5,D1,B,LoRaWAN,-37
5,D1,B,LoRaWAN,-37
5,D1,B,LoRaWAN,-37
5,D1,B,LoRaWAN,-37
5,D1,B,LoRaWAN,-37
5,D1,B,WiFi,-53
5,D1,B,WiFi,-56
5,D1,B,WiFi,-56
5,D1,B,WiFi,-55
5,D1,B,WiFi,-55
5,D1,B,WiFi,-53
5,D1,B,WiFi,-55
5,D1,B,WiFi,-54
5,D1,B,WiFi,-56
5,D1,B,WiFi,-55
5,D1,B,WiFi,-56
5,D1,B,WiFi,-57
5,D1,B,WiFi,-54
5,D1,B,WiFi,-57
5,D1,B,WiFi,-57
5,D1,B,WiFi,-56
5,D1,B,WiFi,-56
5,D1,B,WiFi,-53
5,D1,B,WiFi,-57
5,D1,B,WiFi,-57
5,D1,B,WiFi,-56
5,D1,B,WiFi,-55
5,D1,B,WiFi,-57
5,D1,B,WiFi,-55
5,D1,B,WiFi,-55
5,D1,B,WiFi,-55
5,D1,B,WiFi,-52
5,D1,B,WiFi,-57
5,D1,B,WiFi,-58
5,D1,B,WiFi,-56
5,D1,B,WiFi,-58
5,D1,B,WiFi,-56
5,D1,B,WiFi,-53
5,D1,B,WiFi,-53
5,D1,B,WiFi,-54
5,D1,B,WiFi,-57
5,D1,B,WiFi,-56
5,D1,B,WiFi,-53
5,D1,B,WiFi,-56
5,D1,B,WiFi,-54
5,D1,B,WiFi,-56
5,D1,B,WiFi,-54
5,D1,B,WiFi,-55
5,D1,B,WiFi,-53
5,D1,B,WiFi,-55
5,D1,B,WiFi,-54
5,D1,B,WiFi,-55
5,D1,B,WiFi,-56
5,D1,B,WiFi,-56
5,D1,B,WiFi,-54
5,D1,B,WiFi,-56
5,D1,B,WiFi,-53
5,D1,B,WiFi,-53
5,D1,B,WiFi,-54
5,D1,B,WiFi,-56
5,D1,B,WiFi,-56
5,D1,B,WiFi,-53
5,D1,B,WiFi,-56
5,D1,B,WiFi,-57
5,D1,B,WiFi,-56
5,D1,B,WiFi,-54
5,D1,B,WiFi,-55
5,D1,B,WiFi,-56
5,D1,B,WiFi,-56
5,D1,B,WiFi,-54
5,D1,B,WiFi,-53
5,D1,B,WiFi,-55
5,D1,B,WiFi,-56
5,D1,B,WiFi,-56
5,D1,B,WiFi,-57
5,D1,B,WiFi,-54
5,D1,B,WiFi,-56
5,D1,B,WiFi,-57
5,D1,B,WiFi,-57
5,D1,B,WiFi,-57
5,D1,B,WiFi,-56
5,D1,B,WiFi,-57
5,D1,B,WiFi,-57
5,D1,B,WiFi,-55
5,D1,B,WiFi,-57
5,D1,B,WiFi,-55
5,D1,B,WiFi,-56
5,D1,B,WiFi,-56
5,D1,B,WiFi,-53
5,D1,B,WiFi,-55
5,D1,B,WiFi,-56
5,D1,B,WiFi,-56
5,D1,B,WiFi,-57
5,D1,B,WiFi,-56
5,D1,B,WiFi,-55
5,D1,B,WiFi,-54
5,D1,B,WiFi,-55
5,D1,B,WiFi,-56
5,D1,B,WiFi,-55
5,D1,B,WiFi,-54
5,D1,B,WiFi,-56
5,D1,B,WiFi,-57
5,D1,B,WiFi,-56
5,D1,B,WiFi,-53
5,D1,B,WiFi,-55
5,D1,B,WiFi,-55
5,D1,B,WiFi,-54
5,D1,B,WiFi,-54
5,D1,B,WiFi,-54
5,D1,B,WiFi,-53
5,D1,B,WiFi,-56
5,D1,B,WiFi,-56
5,D1,B,Zigbee,-60
5,D1,B,Zigbee,-60
5,D1,B,Zigbee,-60
5,D1,B,Zigbee,-60
5,D1,B,Zigbee,-60
5,D1,B,Zigbee,-60
5,D1,B,Zigbee,-60
5,D1,B,Zigbee,-60
5,D1,B,Zigbee,-59
5,D1,B,Zigbee,-60
5,D1,B,Zigbee,-60
5,D1,B,Zigbee,-60
5,D1,B,Zigbee,-60
5,D1,B,Zigbee,-60
5,D1,B,Zigbee,-60
5,D1,B,Zigbee,-60
5,D1,B,Zigbee,-60
5,D1,B,Zigbee,-60
5,D1,B,Zigbee,-60
5,D1,B,Zigbee,-60
5,D1,B,Zigbee,-59
5,D1,B,Zigbee,-61
5,D1,B,Zigbee,-60
5,D1,B,Zigbee,-61
5,D1,B,Zigbee,-60
5,D1,B,Zigbee,-60
5,D1,B,Zigbee,-60
5,D1,B,Zigbee,-60
5,D1,B,Zigbee,-60
5,D1,B,Zigbee,-60
5,D1,B,Zigbee,-60
5,D1,B,Zigbee,-60
5,D1,B,Zigbee,-60
5,D1,B,Zigbee,-60
5,D1,B,Zigbee,-60
5,D1,B,Zigbee,-60
5,D1,B,Zigbee,-60
5,D1,B,Zigbee,-60
5,D1,B,Zigbee,-60
5,D1,B,Zigbee,-60
5,D1,B,Zigbee,-60
5,D1,B,Zigbee,-60
5,D1,B,Zigbee,-60
5,D1,B,Zigbee,-61
5,D1,B,Zigbee,-60
5,D1,B,Zigbee,-61
5,D1,B,Zigbee,-60
5,D1,B,Zigbee,-61
5,D1,B,Zigbee,-60
5,D1,B,Zigbee,-60
5,D1,B,Zigbee,-60
5,D1,B,Zigbee,-60
5,D1,B,Zigbee,-60
5,D1,B,Zigbee,-60
5,D1,B,Zigbee,-60
5,D1,B,Zigbee,-60
5,D1,B,Zigbee,-60
5,D1,B,Zigbee,-60
5,D1,B,Zigbee,-59
5,D1,B,Zigbee,-59
5,D1,B,Zigbee,-60
5,D1,B,Zigbee,-60
5,D1,B,Zigbee,-60
5,D1,B,Zigbee,-60
5,D1,B,Zigbee,-59
5,D1,B,Zigbee,-60
5,D1,B,Zigbee,-60
5,D1,B,Zigbee,-60
5,D1,B,Zigbee,-60
5,D1,B,Zigbee,-60
5,D1,B,Zigbee,-60
5,D1,B,Zigbee,-60
5,D1,B,Zigbee,-61
5,D1,B,Zigbee,-60
5,D1,B,Zigbee,-60
5,D1,B,Zigbee,-60
5,D1,B,Zigbee,-60
5,D1,B,Zigbee,-60
5,D1,B,Zigbee,-60
5,D1,B,Zigbee,-59
5,D1,B,Zigbee,-59
5,D1,B,Zigbee,-59
5,D1,B,Zigbee,-60
5,D1,B,Zigbee,-60
5,D1,B,Zigbee,-60
5,D1,B,Zigbee,-60
5,D1,B,Zigbee,-60
5,D1,B,Zigbee,-61
5,D1,B,Zigbee,-62
5,D1,B,Zigbee,-62
5,D1,B,Zigbee,-61
5,D1,B,Zigbee,-61
5,D1,B,Zigbee,-62
5,D1,B,Zigbee,-62
5,D1,B,Zigbee,-63
5,D1,B,Zigbee,-63
5,D1,B,Zigbee,-63
5,D1,B,Zigbee,-62
5,D1,B,Zigbee,-63
5,D1,C,BLE,-70
5,D1,C,BLE,-69
5,D1,C,BLE,-75
5,D1,C,BLE,-90
5,D1,C,BLE,-70
5,D1,C,BLE,-71
5,D1,C,BLE,-82
5,D1,C,BLE,-90
5,D1,C,BLE,-76
5,D1,C,BLE,-72
5,D1,C,BLE,-74
5,D1,C,BLE,-89
5,D1,C,BLE,-71
5,D1,C,BLE,-67
5,D1,C,BLE,-81
5,D1,C,BLE,-91
5,D1,C,BLE,-88
5,D1,C,BLE,-77
5,D1,C,BLE,-73
5,D1,C,BLE,-68
5,D1,C,BLE,-67
5,D1,C,BLE,-82
5,D1,C,BLE,-68
5,D1,C,BLE,-91
5,D1,C,BLE,-80
5,D1,C,BLE,-77
5,D1,C,BLE,-76
5,D1,C,BLE,-89
5,D1,C,BLE,-67
5,D1,C,BLE,-77
5,D1,C,BLE,-90
5,D1,C,BLE,-73
5,D1,C,BLE,-82
5,D1,C,BLE,-91
5,D1,C,BLE,-73
5,D1,C,BLE,-82
5,D1,C,BLE,-80
5,D1,C,BLE,-79
5,D1,C,BLE,-75
5,D1,C,BLE,-73
5,D1,C,BLE,-83
5,D1,C,BLE,-67
5,D1,C,BLE,-78
5,D1,C,BLE,-89
5,D1,C,BLE,-75
5,D1,C,BLE,-89
5,D1,C,BLE,-72
5,D1,C,BLE,-82
5,D1,C,BLE,-68
5,D1,C,BLE,-89
5,D1,C,BLE,-88
5,D1,C,BLE,-68
5,D1,C,BLE,-68
5,D1,C,BLE,-76
5,D1,C,BLE,-73
5,D1,C,BLE,-83
5,D1,C,BLE,-71
5,D1,C,BLE,-85
5,D1,C,BLE,-91
5,D1,C,BLE,-77
5,D1,C,BLE,-74
5,D1,C,BLE,-68
5,D1,C,BLE,-73
5,D1,C,BLE,-73
5,D1,C,BLE,-67
5,D1,C,BLE,-67
5,D1,C,BLE,-90
5,D1,C,BLE,-75
5,D1,C,BLE,-72
5,D1,C,BLE,-75
5,D1,C,BLE,-82
5,D1,C,BLE,-80
5,D1,C,BLE,-76
5,D1,C,BLE,-76
5,D1,C,BLE,-85
5,D1,C,BLE,-82
5,D1,C,BLE,-67
5,D1,C,BLE,-79
5,D1,C,BLE,-76
5,D1,C,BLE,-88
5,D1,C,BLE,-67
5,D1,C,BLE,-79
5,D1,C,BLE,-74
5,D1,C,BLE,-68
5,D1,C,BLE,-91
5,D1,C,BLE,-72
5,D1,C,BLE,-67
5,D1,C,BLE,-67
5,D1,C,BLE,-92
5,D1,C,BLE,-78
5,D1,C,BLE,-72
5,D1,C,BLE,-82
5,D1,C,BLE,-76
5,D1,C,BLE,-76
5,D1,C,BLE,-89
5,D1,C,BLE,-82
5,D1,C,BLE,-79
5,D1,C,BLE,-78
5,D1,C,BLE,-89
5,D1,C,BLE,-89
5,D1,C,BLE,-73
5,D1,C,LoRaWAN,-44
5,D1,C,LoRaWAN,-41
5,D1,C,LoRaWAN,-39
5,D1,C,LoRaWAN,-40
5,D1,C,LoRaWAN,-40
5,D1,C,LoRaWAN,-40
5,D1,C,LoRaWAN,-40
5,D1,C,LoRaWAN,-39
5,D1,C,LoRaWAN,-38
5,D1,C,LoRaWAN,-38
5,D1,C,LoRaWAN,-38
5,D1,C,LoRaWAN,-38
5,D1,C,LoRaWAN,-38
5,D1,C,LoRaWAN,-38
5,D1,C,LoRaWAN,-38
5,D1,C,LoRaWAN,-38
5,D1,C,LoRaWAN,-38
5,D1,C,LoRaWAN,-38
5,D1,C,LoRaWAN,-38
5,D1,C,LoRaWAN,-38
5,D1,C,LoRaWAN,-38
5,D1,C,LoRaWAN,-38
5,D1,C,LoRaWAN,-38
5,D1,C,LoRaWAN,-38
5,D1,C,LoRaWAN,-38
5,D1,C,LoRaWAN,-38
5,D1,C,LoRaWAN,-38
5,D1,C,LoRaWAN,-38
5,D1,C,LoRaWAN,-38
5,D1,C,LoRaWAN,-38
5,D1,C,LoRaWAN,-38
5,D1,C,LoRaWAN,-38
5,D1,C,LoRaWAN,-38
5,D1,C,LoRaWAN,-38
5,D1,C,LoRaWAN,-38
5,D1,C,LoRaWAN,-38
5,D1,C,LoRaWAN,-38
5,D1,C,LoRaWAN,-38
5,D1,C,LoRaWAN,-38
5,D1,C,LoRaWAN,-38
5,D1,C,LoRaWAN,-38
5,D1,C,LoRaWAN,-38
5,D1,C,LoRaWAN,-38
5,D1,C,LoRaWAN,-38
5,D1,C,LoRaWAN,-38
5,D1,C,LoRaWAN,-38
5,D1,C,LoRaWAN,-38
5,D1,C,LoRaWAN,-38
5,D1,C,LoRaWAN,-38
5,D1,C,LoRaWAN,-38
5,D1,C,LoRaWAN,-38
5,D1,C,LoRaWAN,-38
5,D1,C,LoRaWAN,-38
5,D1,C,LoRaWAN,-38
5,D1,C,LoRaWAN,-38
5,D1,C,LoRaWAN,-38
5,D1,C,LoRaWAN,-38
5,D1,C,LoRaWAN,-38
5,D1,C,LoRaWAN,-38
5,D1,C,LoRaWAN,-38
5,D1,C,LoRaWAN,-38
5,D1,C,LoRaWAN,-38
5,D1,C,LoRaWAN,-38
5,D1,C,LoRaWAN,-38
5,D1,C,LoRaWAN,-38
5,D1,C,LoRaWAN,-38
5,D1,C,LoRaWAN,-38
5,D1,C,LoRaWAN,-38
5,D1,C,LoRaWAN,-38
5,D1,C,LoRaWAN,-38
5,D1,C,LoRaWAN,-38
5,D1,C,LoRaWAN,-38
5,D1,C,LoRaWAN,-38
5,D1,C,LoRaWAN,-38
5,D1,C,LoRaWAN,-38
5,D1,C,LoRaWAN,-38
5,D1,C,LoRaWAN,-38
5,D1,C,LoRaWAN,-38
5,D1,C,LoRaWAN,-38
5,D1,C,LoRaWAN,-38
5,D1,C,LoRaWAN,-38
5,D1,C,LoRaWAN,-38
5,D1,C,LoRaWAN,-38
5,D1,C,LoRaWAN,-38
5,D1,C,LoRaWAN,-38
5,D1,C,LoRaWAN,-38
5,D1,C,LoRaWAN,-38
5,D1,C,LoRaWAN,-38
5,D1,C,LoRaWAN,-38
5,D1,C,LoRaWAN,-38
5,D1,C,LoRaWAN,-38
5,D1,C,LoRaWAN,-38
5,D1,C,LoRaWAN,-38
5,D1,C,LoRaWAN,-38
5,D1,C,LoRaWAN,-38
5,D1,C,LoRaWAN,-38
5,D1,C,LoRaWAN,-38
5,D1,C,LoRaWAN,-38
5,D1,C,LoRaWAN,-38
5,D1,C,LoRaWAN,-38
5,D1,C,LoRaWAN,-38
5,D1,C,LoRaWAN,-38
5,D1,C,LoRaWAN,-38
5,D1,C,LoRaWAN,-38
5,D1,C,LoRaWAN,-38
5,D1,C,LoRaWAN,-38
5,D1,C,LoRaWAN,-38
5,D1,C,WiFi,-61
5,D1,C,WiFi,-64
5,D1,C,WiFi,-64
5,D1,C,WiFi,-64
5,D1,C,WiFi,-62
5,D1,C,WiFi,-63
5,D1,C,WiFi,-62
5,D1,C,WiFi,-61
5,D1,C,WiFi,-62
5,D1,C,WiFi,-63
5,D1,C,WiFi,-63
5,D1,C,WiFi,-60
5,D1,C,WiFi,-62
5,D1,C,WiFi,-60
5,D1,C,WiFi,-62
5,D1,C,WiFi,-61
5,D1,C,WiFi,-62
5,D1,C,WiFi,-62
5,D1,C,WiFi,-62
5,D1,C,WiFi,-63
5,D1,C,WiFi,-61
5,D1,C,WiFi,-60
5,D1,C,WiFi,-64
5,D1,C,WiFi,-63
5,D1,C,WiFi,-62
5,D1,C,WiFi,-63
5,D1,C,WiFi,-62
5,D1,C,WiFi,-61
5,D1,C,WiFi,-61
5,D1,C,WiFi,-63
5,D1,C,WiFi,-62
5,D1,C,WiFi,-64
5,D1,C,WiFi,-63
5,D1,C,WiFi,-60
5,D1,C,WiFi,-64
5,D1,C,WiFi,-65
5,D1,C,WiFi,-62
5,D1,C,WiFi,-61
5,D1,C,WiFi,-61
5,D1,C,WiFi,-64
5,D1,C,WiFi,-62
5,D1,C,WiFi,-62
5,D1,C,WiFi,-61
5,D1,C,WiFi,-60
5,D1,C,WiFi,-61
5,D1,C,WiFi,-64
5,D1,C,WiFi,-62
5,D1,C,WiFi,-61
5,D1,C,WiFi,-61
5,D1,C,WiFi,-61
5,D1,C,WiFi,-58
5,D1,C,WiFi,-61
5,D1,C,WiFi,-61
5,D1,C,WiFi,-62
5,D1,C,WiFi,-61
5,D1,C,WiFi,-61
5,D1,C,WiFi,-63
5,D1,C,WiFi,-62
5,D1,C,WiFi,-60
5,D1,C,WiFi,-61
5,D1,C,WiFi,-60
5,D1,C,WiFi,-62
5,D1,C,WiFi,-61
5,D1,C,WiFi,-61
5,D1,C,WiFi,-59
5,D1,C,WiFi,-62
5,D1,C,WiFi,-61
5,D1,C,WiFi,-63
5,D1,C,WiFi,-61
5,D1,C,WiFi,-61
5,D1,C,WiFi,-63
5,D1,C,WiFi,-61
5,D1,C,WiFi,-65
5,D1,C,WiFi,-62
5,D1,C,WiFi,-63
5,D1,C,WiFi,-65
5,D1,C,WiFi,-62
5,D1,C,WiFi,-62
5,D1,C,WiFi,-62
5,D1,C,WiFi,-62
5,D1,C,WiFi,-62
5,D1,C,WiFi,-63
5,D1,C,WiFi,-61
5,D1,C,WiFi,-62
5,D1,C,WiFi,-64
5,D1,C,WiFi,-61
5,D1,C,WiFi,-61
5,D1,C,WiFi,-63
5,D1,C,WiFi,-61
5,D1,C,WiFi,-62
5,D1,C,WiFi,-62
5,D1,C,WiFi,-61
5,D1,C,WiFi,-63
5,D1,C,WiFi,-63
5,D1,C,WiFi,-64
5,D1,C,WiFi,-62
5,D1,C,WiFi,-62
5,D1,C,WiFi,-62
5,D1,C,WiFi,-62
5,D1,C,WiFi,-62
5,D1,C,WiFi,-61
5,D1,C,WiFi,-62
5,D1,C,WiFi,-62
5,D1,C,WiFi,-59
5,D1,C,WiFi,-60
5,D1,C,WiFi,-61
5,D1,C,Zigbee,-69
5,D1,C,Zigbee,-68
5,D1,C,Zigbee,-68
5,D1,C,Zigbee,-68
5,D1,C,Zigbee,-67
5,D1,C,Zigbee,-68
5,D1,C,Zigbee,-67
5,D1,C,Zigbee,-67
5,D1,C,Zigbee,-67
5,D1,C,Zigbee,-67
5,D1,C,Zigbee,-67
5,D1,C,Zigbee,-67
5,D1,C,Zigbee,-67
5,D1,C,Zigbee,-67
5,D1,C,Zigbee,-67
5,D1,C,Zigbee,-67
5,D1,C,Zigbee,-67
5,D1,C,Zigbee,-67
5,D1,C,Zigbee,-67
5,D1,C,Zigbee,-67
5,D1,C,Zigbee,-67
5,D1,C,Zigbee,-68
5,D1,C,Zigbee,-67
5,D1,C,Zigbee,-67
5,D1,C,Zigbee,-67
5,D1,C,Zigbee,-67
5,D1,C,Zigbee,-67
5,D1,C,Zigbee,-67
5,D1,C,Zigbee,-67
5,D1,C,Zigbee,-67
5,D1,C,Zigbee,-67
5,D1,C,Zigbee,-67
5,D1,C,Zigbee,-67
5,D1,C,Zigbee,-67
5,D1,C,Zigbee,-66
5,D1,C,Zigbee,-66
5,D1,C,Zigbee,-67
5,D1,C,Zigbee,-67
5,D1,C,Zigbee,-67
5,D1,C,Zigbee,-66
5,D1,C,Zigbee,-67
5,D1,C,Zigbee,-68
5,D1,C,Zigbee,-68
5,D1,C,Zigbee,-68
5,D1,C,Zigbee,-67
5,D1,C,Zigbee,-67
5,D1,C,Zigbee,-67
5,D1,C,Zigbee,-66
5,D1,C,Zigbee,-66
5,D1,C,Zigbee,-67
5,D1,C,Zigbee,-68
5,D1,C,Zigbee,-68
5,D1,C,Zigbee,-67
5,D1,C,Zigbee,-67
5,D1,C,Zigbee,-67
5,D1,C,Zigbee,-67
5,D1,C,Zigbee,-67
5,D1,C,Zigbee,-67
5,D1,C,Zigbee,-67
5,D1,C,Zigbee,-67
5,D1,C,Zigbee,-67
5,D1,C,Zigbee,-67
5,D1,C,Zigbee,-67
5,D1,C,Zigbee,-67
5,D1,C,Zigbee,-67
5,D1,C,Zigbee,-67
5,D1,C,Zigbee,-67
5,D1,C,Zigbee,-67
5,D1,C,Zigbee,-67
5,D1,C,Zigbee,-68
5,D1,C,Zigbee,-68
5,D1,C,Zigbee,-68
5,D1,C,Zigbee,-68
5,D1,C,Zigbee,-67
5,D1,C,Zigbee,-68
5,D1,C,Zigbee,-67
5,D1,C,Zigbee,-67
5,D1,C,Zigbee,-68
5,D1,C,Zigbee,-68
5,D1,C,Zigbee,-67
5,D1,C,Zigbee,-67
5,D1,C,Zigbee,-68
5,D1,C,Zigbee,-69
5,D1,C,Zigbee,-70
5,D1,C,Zigbee,-69
5,D1,C,Zigbee,-70
5,D1,C,Zigbee,-69
5,D1,C,Zigbee,-70
5,D1,C,Zigbee,-70
5,D1,C,Zigbee,-71
5,D1,C,Zigbee,-70
5,D1,C,Zigbee,-70
5,D1,C,Zigbee,-71
5,D1,C,Zigbee,-70
5,D1,C,Zigbee,-71
5,D1,C,Zigbee,-72
5,D1,C,Zigbee,-72
5,D1,C,Zigbee,-73
5,D1,C,Zigbee,-73
5,D1,C,Zigbee,-72
5,D2,A,BLE,-83
5,D2,A,BLE,-83
5,D2,A,BLE,-83
5,D2,A,BLE,-83
5,D2,A,BLE,-90
5,D2,A,BLE,-78
5,D2,A,BLE,-74
5,D2,A,BLE,-72
5,D2,A,BLE,-83
5,D2,A,BLE,-75
5,D2,A,BLE,-71
5,D2,A,BLE,-67
5,D2,A,BLE,-83
5,D2,A,BLE,-71
5,D2,A,BLE,-78
5,D2,A,BLE,-74
5,D2,A,BLE,-85
5,D2,A,BLE,-70
5,D2,A,BLE,-78
5,D2,A,BLE,-76
5,D2,A,BLE,-75
5,D2,A,BLE,-83
5,D2,A,BLE,-75
5,D2,A,BLE,-76
5,D2,A,BLE,-71
5,D2,A,BLE,-83
5,D2,A,BLE,-67
5,D2,A,BLE,-78
5,D2,A,BLE,-75
5,D2,A,BLE,-73
5,D2,A,BLE,-87
5,D2,A,BLE,-70
5,D2,A,BLE,-83
5,D2,A,BLE,-74
5,D2,A,BLE,-87
5,D2,A,BLE,-83
5,D2,A,BLE,-83
5,D2,A,BLE,-67
5,D2,A,BLE,-74
5,D2,A,BLE,-75
5,D2,A,BLE,-67
5,D2,A,BLE,-77
5,D2,A,BLE,-75
5,D2,A,BLE,-76
5,D2,A,BLE,-76
5,D2,A,BLE,-88
5,D2,A,BLE,-71
5,D2,A,BLE,-71
5,D2,A,BLE,-89
5,D2,A,BLE,-73
5,D2,A,BLE,-67
5,D2,A,BLE,-83
5,D2,A,BLE,-83
5,D2,A,BLE,-70
5,D2,A,BLE,-87
5,D2,A,BLE,-84
5,D2,A,BLE,-74
5,D2,A,BLE,-75
5,D2,A,BLE,-87
5,D2,A,BLE,-67
5,D2,A,BLE,-83
5,D2,A,BLE,-92
5,D2,A,BLE,-78
5,D2,A,BLE,-88
5,D2,A,BLE,-82
5,D2,A,BLE,-76
5,D2,A,BLE,-70
5,D2,A,BLE,-69
5,D2,A,BLE,-82
5,D2,A,BLE,-72
5,D2,A,BLE,-73
5,D2,A,BLE,-71
5,D2,A,BLE,-85
5,D2,A,BLE,-87
5,D2,A,BLE,-74
5,D2,A,BLE,-74
5,D2,A,BLE,-71
5,D2,A,BLE,-87
5,D2,A,BLE,-72
5,D2,A,BLE,-86
5,D2,A,BLE,-77
5,D2,A,BLE,-83
5,D2,A,BLE,-83
5,D2,A,BLE,-86
5,D2,A,BLE,-83
5,D2,A,BLE,-72
5,D2,A,BLE,-73
5,D2,A,BLE,-83
5,D2,A,BLE,-67
5,D2,A,BLE,-86
5,D2,A,BLE,-73
5,D2,A,BLE,-83
5,D2,A,BLE,-67
5,D2,A,BLE,-70
5,D2,A,BLE,-70
5,D2,A,BLE,-72
5,D2,A,BLE,-67
5,D2,A,BLE,-83
5,D2,A,BLE,-70
5,D2,A,BLE,-70
5,D2,A,BLE,-82
5,D2,A,BLE,-70
5,D2,A,BLE,-68
5,D2,A,LoRaWAN,-35
5,D2,A,LoRaWAN,-36
5,D2,A,LoRaWAN,-36
5,D2,A,LoRaWAN,-36
5,D2,A,LoRaWAN,-36
5,D2,A,LoRaWAN,-36
5,D2,A,LoRaWAN,-36
5,D2,A,LoRaWAN,-36
5,D2,A,LoRaWAN,-36
5,D2,A,LoRaWAN,-36
5,D2,A,LoRaWAN,-35
5,D2,A,LoRaWAN,-37
5,D2,A,LoRaWAN,-36
5,D2,A,LoRaWAN,-36
5,D2,A,LoRaWAN,-35
5,D2,A,LoRaWAN,-35
5,D2,A,LoRaWAN,-35
5,D2,A,LoRaWAN,-36
5,D2,A,LoRaWAN,-36
5,D2,A,LoRaWAN,-37
5,D2,A,LoRaWAN,-36
5,D2,A,LoRaWAN,-36
5,D2,A,LoRaWAN,-36
5,D2,A,LoRaWAN,-36
5,D2,A,LoRaWAN,-36
5,D2,A,LoRaWAN,-36
5,D2,A,LoRaWAN,-37
5,D2,A,LoRaWAN,-36
5,D2,A,LoRaWAN,-37
5,D2,A,LoRaWAN,-36
5,D2,A,LoRaWAN,-36
5,D2,A,LoRaWAN,-36
5,D2,A,LoRaWAN,-36
5,D2,A,LoRaWAN,-36
5,D2,A,LoRaWAN,-36
5,D2,A,LoRaWAN,-37
5,D2,A,LoRaWAN,-37
5,D2,A,LoRaWAN,-37
5,D2,A,LoRaWAN,-37
5,D2,A,LoRaWAN,-37
5,D2,A,LoRaWAN,-37
5,D2,A,LoRaWAN,-37
5,D2,A,LoRaWAN,-37
5,D2,A,LoRaWAN,-36
5,D2,A,LoRaWAN,-37
5,D2,A,LoRaWAN,-36
5,D2,A,LoRaWAN,-36
5,D2,A,LoRaWAN,-36
5,D2,A,LoRaWAN,-36
5,D2,A,LoRaWAN,-37
5,D2,A,LoRaWAN,-36
5,D2,A,LoRaWAN,-37
5,D2,A,LoRaWAN,-37
5,D2,A,LoRaWAN,-36
5,D2,A,LoRaWAN,-37
5,D2,A,LoRaWAN,-37
5,D2,A,LoRaWAN,-37
5,D2,A,LoRaWAN,-36
5,D2,A,LoRaWAN,-37
5,D2,A,LoRaWAN,-37
5,D2,A,LoRaWAN,-36
5,D2,A,LoRaWAN,-36
5,D2,A,LoRaWAN,-36
5,D2,A,LoRaWAN,-37
5,D2,A,LoRaWAN,-37
5,D2,A,LoRaWAN,-37
5,D2,A,LoRaWAN,-37
5,D2,A,LoRaWAN,-37
5,D2,A,LoRaWAN,-36
5,D2,A,LoRaWAN,-37
5,D2,A,LoRaWAN,-37
5,D2,A,LoRaWAN,-37
5,D2,A,LoRaWAN,-37
5,D2,A,LoRaWAN,-36
5,D2,A,LoRaWAN,-37
5,D2,A,LoRaWAN,-37
5,D2,A,LoRaWAN,-37
5,D2,A,LoRaWAN,-37
5,D2,A,LoRaWAN,-36
5,D2,A,LoRaWAN,-36
5,D2,A,LoRaWAN,-37
5,D2,A,LoRaWAN,-37
5,D2,A,LoRaWAN,-37
5,D2,A,LoRaWAN,-37
5,D2,A,LoRaWAN,-37
5,D2,A,LoRaWAN,-37
5,D2,A,LoRaWAN,-36
5,D2,A,LoRaWAN,-36
5,D2,A,LoRaWAN,-37
5,D2,A,LoRaWAN,-37
5,D2,A,LoRaWAN,-37
5,D2,A,LoRaWAN,-37
5,D2,A,LoRaWAN,-37
5,D2,A,LoRaWAN,-37
5,D2,A,LoRaWAN,-36
5,D2,A,LoRaWAN,-37
5,D2,A,LoRaWAN,-37
5,D2,A,LoRaWAN,-36
5,D2,A,LoRaWAN,-37
5,D2,A,LoRaWAN,-37
5,D2,A,LoRaWAN,-36
5,D2,A,LoRaWAN,-38
5,D2,A,LoRaWAN,-37
5,D2,A,LoRaWAN,-37
5,D2,A,LoRaWAN,-37
5,D2,A,LoRaWAN,-37
5,D2,A,WiFi,-54
5,D2,A,WiFi,-57
5,D2,A,WiFi,-53
5,D2,A,WiFi,-52
5,D2,A,WiFi,-55
5,D2,A,WiFi,-53
5,D2,A,WiFi,-53
5,D2,A,WiFi,-51
5,D2,A,WiFi,-49
5,D2,A,WiFi,-51
5,D2,A,WiFi,-49
5,D2,A,WiFi,-50
5,D2,A,WiFi,-51
5,D2,A,WiFi,-53
5,D2,A,WiFi,-50
5,D2,A,WiFi,-50
5,D2,A,WiFi,-55
5,D2,A,WiFi,-55
5,D2,A,WiFi,-53
5,D2,A,WiFi,-55
5,D2,A,WiFi,-60
5,D2,A,WiFi,-51
5,D2,A,WiFi,-56
5,D2,A,WiFi,-58
5,D2,A,WiFi,-58
5,D2,A,WiFi,-55
5,D2,A,WiFi,-55
5,D2,A,WiFi,-55
5,D2,A,WiFi,-53
5,D2,A,WiFi,-55
5,D2,A,WiFi,-50
5,D2,A,WiFi,-52
5,D2,A,WiFi,-53
5,D2,A,WiFi,-53
5,D2,A,WiFi,-55
5,D2,A,WiFi,-52
5,D2,A,WiFi,-52
5,D2,A,WiFi,-53
5,D2,A,WiFi,-52
5,D2,A,WiFi,-52
5,D2,A,WiFi,-53
5,D2,A,WiFi,-53
5,D2,A,WiFi,-53
5,D2,A,WiFi,-52
5,D2,A,WiFi,-52
5,D2,A,WiFi,-52
5,D2,A,WiFi,-52
5,D2,A,WiFi,-53
5,D2,A,WiFi,-52
5,D2,A,WiFi,-53
5,D2,A,WiFi,-54
5,D2,A,WiFi,-53
5,D2,A,WiFi,-52
5,D2,A,WiFi,-52
5,D2,A,WiFi,-53
5,D2,A,WiFi,-52
5,D2,A,WiFi,-54
5,D2,A,WiFi,-52
5,D2,A,WiFi,-52
5,D2,A,WiFi,-53
5,D2,A,WiFi,-53
5,D2,A,WiFi,-52
5,D2,A,WiFi,-52
5,D2,A,WiFi,-51
5,D2,A,WiFi,-53
5,D2,A,WiFi,-52
5,D2,A,WiFi,-54
5,D2,A,WiFi,-52
5,D2,A,WiFi,-52
5,D2,A,WiFi,-53
5,D2,A,WiFi,-52
5,D2,A,WiFi,-53
5,D2,A,WiFi,-53
5,D2,A,WiFi,-52
5,D2,A,WiFi,-52
5,D2,A,WiFi,-52
5,D2,A,WiFi,-53
5,D2,A,WiFi,-53
5,D2,A,WiFi,-54
5,D2,A,WiFi,-53
5,D2,A,WiFi,-53
5,D2,A,WiFi,-52
5,D2,A,WiFi,-53
5,D2,A,WiFi,-54
5,D2,A,WiFi,-53
5,D2,A,WiFi,-53
5,D2,A,WiFi,-54
5,D2,A,WiFi,-57
5,D2,A,WiFi,-64
5,D2,A,WiFi,-63
5,D2,A,WiFi,-61
5,D2,A,WiFi,-63
5,D2,A,WiFi,-63
5,D2,A,WiFi,-62
5,D2,A,WiFi,-62
5,D2,A,WiFi,-60
5,D2,A,WiFi,-59
5,D2,A,WiFi,-59
5,D2,A,WiFi,-60
5,D2,A,WiFi,-59
5,D2,A,WiFi,-54
5,D2,A,WiFi,-54
5,D2,A,WiFi,-54
5,D2,A,WiFi,-54
5,D2,A,WiFi,-53
5,D2,A,WiFi,-58
5,D2,A,WiFi,-54
5,D2,A,Zigbee,-54
5,D2,A,Zigbee,-54
5,D2,A,Zigbee,-54
5,D2,A,Zigbee,-54
5,D2,A,Zigbee,-54
5,D2,A,Zigbee,-54
5,D2,A,Zigbee,-54
5,D2,A,Zigbee,-54
5,D2,A,Zigbee,-54
5,D2,A,Zigbee,-54
5,D2,A,Zigbee,-54
5,D2,A,Zigbee,-54
5,D2,A,Zigbee,-53
5,D2,A,Zigbee,-54
5,D2,A,Zigbee,-54
5,D2,A,Zigbee,-54
5,D2,A,Zigbee,-54
5,D2,A,Zigbee,-54
5,D2,A,Zigbee,-54
5,D2,A,Zigbee,-54
5,D2,A,Zigbee,-54
5,D2,A,Zigbee,-54
5,D2,A,Zigbee,-54
5,D2,A,Zigbee,-54
5,D2,A,Zigbee,-54
5,D2,A,Zigbee,-54
5,D2,A,Zigbee,-54
5,D2,A,Zigbee,-53
5,D2,A,Zigbee,-54
5,D2,A,Zigbee,-54
5,D2,A,Zigbee,-54
5,D2,A,Zigbee,-54
5,D2,A,Zigbee,-54
5,D2,A,Zigbee,-54
5,D2,A,Zigbee,-54
5,D2,A,Zigbee,-54
5,D2,A,Zigbee,-54
5,D2,A,Zigbee,-54
5,D2,A,Zigbee,-54
5,D2,A,Zigbee,-54
5,D2,A,Zigbee,-54
5,D2,A,Zigbee,-54
5,D2,A,Zigbee,-54
5,D2,A,Zigbee,-54
5,D2,A,Zigbee,-54
5,D2,A,Zigbee,-54
5,D2,A,Zigbee,-54
5,D2,A,Zigbee,-54
5,D2,A,Zigbee,-54
5,D2,A,Zigbee,-54
5,D2,A,Zigbee,-54
5,D2,A,Zigbee,-54
5,D2,A,Zigbee,-54
5,D2,A,Zigbee,-54
5,D2,A,Zigbee,-54
5,D2,A,Zigbee,-54
5,D2,A,Zigbee,-53
5,D2,A,Zigbee,-54
5,D2,A,Zigbee,-54
5,D2,A,Zigbee,-54
5,D2,A,Zigbee,-54
5,D2,A,Zigbee,-54
5,D2,A,Zigbee,-54
5,D2,A,Zigbee,-54
5,D2,A,Zigbee,-54
5,D2,A,Zigbee,-54
5,D2,A,Zigbee,-54
5,D2,A,Zigbee,-54
5,D2,A,Zigbee,-54
5,D2,A,Zigbee,-54
5,D2,A,Zigbee,-54
5,D2,A,Zigbee,-54
5,D2,A,Zigbee,-54
5,D2,A,Zigbee,-54
5,D2,A,Zigbee,-54
5,D2,A,Zigbee,-54
5,D2,A,Zigbee,-54
5,D2,A,Zigbee,-54
5,D2,A,Zigbee,-54
5,D2,A,Zigbee,-54
5,D2,A,Zigbee,-54
5,D2,A,Zigbee,-54
5,D2,A,Zigbee,-54
5,D2,A,Zigbee,-54
5,D2,A,Zigbee,-54
5,D2,A,Zigbee,-54
5,D2,A,Zigbee,-54
5,D2,A,Zigbee,-54
5,D2,A,Zigbee,-54
5,D2,A,Zigbee,-54
5,D2,A,Zigbee,-54
5,D2,A,Zigbee,-54
5,D2,A,Zigbee,-54
5,D2,A,Zigbee,-54
5,D2,A,Zigbee,-54
5,D2,A,Zigbee,-54
5,D2,A,Zigbee,-54
5,D2,A,Zigbee,-54
5,D2,A,Zigbee,-54
5,D2,A,Zigbee,-54
5,D2,A,Zigbee,-54
5,D2,A,Zigbee,-54
5,D2,A,Zigbee,-54
5,D2,A,Zigbee,-54
5,D2,A,Zigbee,-54
5,D2,A,Zigbee,-54
5,D2,B,BLE,-76
5,D2,B,BLE,-85
5,D2,B,BLE,-68
5,D2,B,BLE,-84
5,D2,B,BLE,-84
5,D2,B,BLE,-65
5,D2,B,BLE,-62
5,D2,B,BLE,-62
5,D2,B,BLE,-84
5,D2,B,BLE,-64
5,D2,B,BLE,-62
5,D2,B,BLE,-69
5,D2,B,BLE,-71
5,D2,B,BLE,-85
5,D2,B,BLE,-79
5,D2,B,BLE,-64
5,D2,B,BLE,-62
5,D2,B,BLE,-66
5,D2,B,BLE,-71
5,D2,B,BLE,-71
5,D2,B,BLE,-79
5,D2,B,BLE,-66
5,D2,B,BLE,-66
5,D2,B,BLE,-66
5,D2,B,BLE,-72
5,D2,B,BLE,-70
5,D2,B,BLE,-79
5,D2,B,BLE,-64
5,D2,B,BLE,-62
5,D2,B,BLE,-62
5,D2,B,BLE,-67
5,D2,B,BLE,-78
5,D2,B,BLE,-76
5,D2,B,BLE,-76
5,D2,B,BLE,-67
5,D2,B,BLE,-76
5,D2,B,BLE,-62
5,D2,B,BLE,-61
5,D2,B,BLE,-84
5,D2,B,BLE,-64
5,D2,B,BLE,-76
5,D2,B,BLE,-62
5,D2,B,BLE,-68
5,D2,B,BLE,-81
5,D2,B,BLE,-64
5,D2,B,BLE,-64
5,D2,B,BLE,-76
5,D2,B,BLE,-62
5,D2,B,BLE,-70
5,D2,B,BLE,-67
5,D2,B,BLE,-67
5,D2,B,BLE,-79
5,D2,B,BLE,-76
5,D2,B,BLE,-71
5,D2,B,BLE,-79
5,D2,B,BLE,-65
5,D2,B,BLE,-76
5,D2,B,BLE,-71
5,D2,B,BLE,-85
5,D2,B,BLE,-68
5,D2,B,BLE,-65
5,D2,B,BLE,-62
5,D2,B,BLE,-68
5,D2,B,BLE,-79
5,D2,B,BLE,-65
5,D2,B,BLE,-62
5,D2,B,BLE,-76
5,D2,B,BLE,-76
5,D2,B,BLE,-71
5,D2,B,BLE,-71
5,D2,B,BLE,-79
5,D2,B,BLE,-62
5,D2,B,BLE,-70
5,D2,B,BLE,-63
5,D2,B,BLE,-64
5,D2,B,BLE,-64
5,D2,B,BLE,-63
5,D2,B,BLE,-76
5,D2,B,BLE,-79
5,D2,B,BLE,-66
5,D2,B,BLE,-77
5,D2,B,BLE,-67
5,D2,B,BLE,-64
5,D2,B,BLE,-79
5,D2,B,BLE,-77
5,D2,B,BLE,-71
5,D2,B,BLE,-67
5,D2,B,BLE,-86
5,D2,B,BLE,-64
5,D2,B,BLE,-62
5,D2,B,BLE,-71
5,D2,B,BLE,-87
5,D2,B,BLE,-69
5,D2,B,BLE,-64
5,D2,B,BLE,-62
5,D2,B,BLE,-86
5,D2,B,BLE,-63
5,D2,B,BLE,-76
5,D2,B,BLE,-61
5,D2,B,LoRaWAN,-36
5,D2,B,LoRaWAN,-36
5,D2,B,LoRaWAN,-36
5,D2,B,LoRaWAN,-36
5,D2,B,LoRaWAN,-37
5,D2,B,LoRaWAN,-36
5,D2,B,LoRaWAN,-36
5,D2,B,LoRaWAN,-36
5,D2,B,LoRaWAN,-37
5,D2,B,LoRaWAN,-37
5,D2,B,LoRaWAN,-37
5,D2,B,LoRaWAN,-36
5,D2,B,LoRaWAN,-37
5,D2,B,LoRaWAN,-37
5,D2,B,LoRaWAN,-37
5,D2,B,LoRaWAN,-37
5,D2,B,LoRaWAN,-36
5,D2,B,LoRaWAN,-36
5,D2,B,LoRaWAN,-36
5,D2,B,LoRaWAN,-36
5,D2,B,LoRaWAN,-36
5,D2,B,LoRaWAN,-35
5,D2,B,LoRaWAN,-36
5,D2,B,LoRaWAN,-36
5,D2,B,LoRaWAN,-36
5,D2,B,LoRaWAN,-36
5,D2,B,LoRaWAN,-36
5,D2,B,LoRaWAN,-37
5,D2,B,LoRaWAN,-37
5,D2,B,LoRaWAN,-37
5,D2,B,LoRaWAN,-37
5,D2,B,LoRaWAN,-36
5,D2,B,LoRaWAN,-36
5,D2,B,LoRaWAN,-36
5,D2,B,LoRaWAN,-36
5,D2,B,LoRaWAN,-36
5,D2,B,LoRaWAN,-36
5,D2,B,LoRaWAN,-36
5,D2,B,LoRaWAN,-36
5,D2,B,LoRaWAN,-36
5,D2,B,LoRaWAN,-35
5,D2,B,LoRaWAN,-35
5,D2,B,LoRaWAN,-35
5,D2,B,LoRaWAN,-35
5,D2,B,LoRaWAN,-36
5,D2,B,LoRaWAN,-35
5,D2,B,LoRaWAN,-36
5,D2,B,LoRaWAN,-36
5,D2,B,LoRaWAN,-35
5,D2,B,LoRaWAN,-35
5,D2,B,LoRaWAN,-36
5,D2,B,LoRaWAN,-36
5,D2,B,LoRaWAN,-36
5,D2,B,LoRaWAN,-37
5,D2,B,LoRaWAN,-35
5,D2,B,LoRaWAN,-36
5,D2,B,LoRaWAN,-36
5,D2,B,LoRaWAN,-36
5,D2,B,LoRaWAN,-36
5,D2,B,LoRaWAN,-36
5,D2,B,LoRaWAN,-37
5,D2,B,LoRaWAN,-37
5,D2,B,LoRaWAN,-36
5,D2,B,LoRaWAN,-36
5,D2,B,LoRaWAN,-36
5,D2,B,LoRaWAN,-36
5,D2,B,LoRaWAN,-36
5,D2,B,LoRaWAN,-36
5,D2,B,LoRaWAN,-36
5,D2,B,LoRaWAN,-36
5,D2,B,LoRaWAN,-35
5,D2,B,LoRaWAN,-36
5,D2,B,LoRaWAN,-36
5,D2,B,LoRaWAN,-36
5,D2,B,LoRaWAN,-36
5,D2,B,LoRaWAN,-36
5,D2,B,LoRaWAN,-37
5,D2,B,LoRaWAN,-37
5,D2,B,LoRaWAN,-36
5,D2,B,LoRaWAN,-36
5,D2,B,LoRaWAN,-36
5,D2,B,LoRaWAN,-36
5,D2,B,LoRaWAN,-36
5,D2,B,LoRaWAN,-36
5,D2,B,LoRaWAN,-36
5,D2,B,LoRaWAN,-37
5,D2,B,LoRaWAN,-36
5,D2,B,LoRaWAN,-36
5,D2,B,LoRaWAN,-36
5,D2,B,LoRaWAN,-35
5,D2,B,LoRaWAN,-36
5,D2,B,LoRaWAN,-36
5,D2,B,LoRaWAN,-36
5,D2,B,LoRaWAN,-37
5,D2,B,LoRaWAN,-36
5,D2,B,LoRaWAN,-36
5,D2,B,LoRaWAN,-36
5,D2,B,LoRaWAN,-35
5,D2,B,LoRaWAN,-36
5,D2,B,LoRaWAN,-36
5,D2,B,LoRaWAN,-36
5,D2,B,LoRaWAN,-36
5,D2,B,LoRaWAN,-36
5,D2,B,LoRaWAN,-36
5,D2,B,LoRaWAN,-37
5,D2,B,LoRaWAN,-37
5,D2,B,LoRaWAN,-36
5,D2,B,WiFi,-53
5,D2,B,WiFi,-49
5,D2,B,WiFi,-51
5,D2,B,WiFi,-54
5,D2,B,WiFi,-54
5,D2,B,WiFi,-52
5,D2,B,WiFi,-51
5,D2,B,WiFi,-51
5,D2,B,WiFi,-51
5,D2,B,WiFi,-50
5,D2,B,WiFi,-50
5,D2,B,WiFi,-50
5,D2,B,WiFi,-50
5,D2,B,WiFi,-54
5,D2,B,WiFi,-50
5,D2,B,WiFi,-53
5,D2,B,WiFi,-51
5,D2,B,WiFi,-52
5,D2,B,WiFi,-50
5,D2,B,WiFi,-52
5,D2,B,WiFi,-52
5,D2,B,WiFi,-49
5,D2,B,WiFi,-49
5,D2,B,WiFi,-49
5,D2,B,WiFi,-51
5,D2,B,WiFi,-52
5,D2,B,WiFi,-51
5,D2,B,WiFi,-51
5,D2,B,WiFi,-51
5,D2,B,WiFi,-49
5,D2,B,WiFi,-51
5,D2,B,WiFi,-51
5,D2,B,WiFi,-50
5,D2,B,WiFi,-49
5,D2,B,WiFi,-51
5,D2,B,WiFi,-50
5,D2,B,WiFi,-51
5,D2,B,WiFi,-50
5,D2,B,WiFi,-51
5,D2,B,WiFi,-52
5,D2,B,WiFi,-52
5,D2,B,WiFi,-51
5,D2,B,WiFi,-50
5,D2,B,WiFi,-51
5,D2,B,WiFi,-53
5,D2,B,WiFi,-53
5,D2,B,WiFi,-52
5,D2,B,WiFi,-51
5,D2,B,WiFi,-52
5,D2,B,WiFi,-51
5,D2,B,WiFi,-50
5,D2,B,WiFi,-49
5,D2,B,WiFi,-50
5,D2,B,WiFi,-49
5,D2,B,WiFi,-51
5,D2,B,WiFi,-52
5,D2,B,WiFi,-52
5,D2,B,WiFi,-51
5,D2,B,WiFi,-52
5,D2,B,WiFi,-52
5,D2,B,WiFi,-53
5,D2,B,WiFi,-50
5,D2,B,WiFi,-51
5,D2,B,WiFi,-49
5,D2,B,WiFi,-51
5,D2,B,WiFi,-51
5,D2,B,WiFi,-51
5,D2,B,WiFi,-51
5,D2,B,WiFi,-49
5,D2,B,WiFi,-51
5,D2,B,WiFi,-49
5,D2,B,WiFi,-50
5,D2,B,WiFi,-50
5,D2,B,WiFi,-51
5,D2,B,WiFi,-50
5,D2,B,WiFi,-51
5,D2,B,WiFi,-51
5,D2,B,WiFi,-51
5,D2,B,WiFi,-51
5,D2,B,WiFi,-49
5,D2,B,WiFi,-52
5,D2,B,WiFi,-51
5,D2,B,WiFi,-51
5,D2,B,WiFi,-52
5,D2,B,WiFi,-53
5,D2,B,WiFi,-52
5,D2,B,WiFi,-51
5,D2,B,WiFi,-50
5,D2,B,WiFi,-49
5,D2,B,WiFi,-52
5,D2,B,WiFi,-52
5,D2,B,WiFi,-53
5,D2,B,WiFi,-53
5,D2,B,WiFi,-53
5,D2,B,WiFi,-52
5,D2,B,WiFi,-53
5,D2,B,WiFi,-54
5,D2,B,WiFi,-54
5,D2,B,WiFi,-52
5,D2,B,WiFi,-52
5,D2,B,WiFi,-50
5,D2,B,WiFi,-50
5,D2,B,WiFi,-52
5,D2,B,WiFi,-51
5,D2,B,WiFi,-52
5,D2,B,WiFi,-48
5,D2,B,WiFi,-55
5,D2,B,Zigbee,-58
5,D2,B,Zigbee,-58
5,D2,B,Zigbee,-58
5,D2,B,Zigbee,-58
5,D2,B,Zigbee,-58
5,D2,B,Zigbee,-58
5,D2,B,Zigbee,-58
5,D2,B,Zigbee,-58
5,D2,B,Zigbee,-58
5,D2,B,Zigbee,-58
5,D2,B,Zigbee,-58
5,D2,B,Zigbee,-58
5,D2,B,Zigbee,-58
5,D2,B,Zigbee,-58
5,D2,B,Zigbee,-58
5,D2,B,Zigbee,-58
5,D2,B,Zigbee,-58
5,D2,B,Zigbee,-59
5,D2,B,Zigbee,-59
5,D2,B,Zigbee,-59
5,D2,B,Zigbee,-59
5,D2,B,Zigbee,-59
5,D2,B,Zigbee,-59
5,D2,B,Zigbee,-59
5,D2,B,Zigbee,-58
5,D2,B,Zigbee,-59
5,D2,B,Zigbee,-59
5,D2,B,Zigbee,-59
5,D2,B,Zigbee,-59
5,D2,B,Zigbee,-58
5,D2,B,Zigbee,-58
5,D2,B,Zigbee,-59
5,D2,B,Zigbee,-58
5,D2,B,Zigbee,-58
5,D2,B,Zigbee,-58
5,D2,B,Zigbee,-58
5,D2,B,Zigbee,-58
5,D2,B,Zigbee,-58
5,D2,B,Zigbee,-58
5,D2,B,Zigbee,-59
5,D2,B,Zigbee,-58
5,D2,B,Zigbee,-58
5,D2,B,Zigbee,-58
5,D2,B,Zigbee,-59
5,D2,B,Zigbee,-59
5,D2,B,Zigbee,-58
5,D2,B,Zigbee,-58
5,D2,B,Zigbee,-58
5,D2,B,Zigbee,-58
5,D2,B,Zigbee,-59
5,D2,B,Zigbee,-58
5,D2,B,Zigbee,-58
5,D2,B,Zigbee,-58
5,D2,B,Zigbee,-58
5,D2,B,Zigbee,-58
5,D2,B,Zigbee,-58
5,D2,B,Zigbee,-58
5,D2,B,Zigbee,-59
5,D2,B,Zigbee,-58
5,D2,B,Zigbee,-58
5,D2,B,Zigbee,-58
5,D2,B,Zigbee,-59
5,D2,B,Zigbee,-59
5,D2,B,Zigbee,-59
5,D2,B,Zigbee,-59
5,D2,B,Zigbee,-59
5,D2,B,Zigbee,-59
5,D2,B,Zigbee,-59
5,D2,B,Zigbee,-59
5,D2,B,Zigbee,-59
5,D2,B,Zigbee,-59
5,D2,B,Zigbee,-59
5,D2,B,Zigbee,-59
5,D2,B,Zigbee,-59
5,D2,B,Zigbee,-59
5,D2,B,Zigbee,-59
5,D2,B,Zigbee,-59
5,D2,B,Zigbee,-59
5,D2,B,Zigbee,-59
5,D2,B,Zigbee,-59
5,D2,B,Zigbee,-59
5,D2,B,Zigbee,-59
5,D2,B,Zigbee,-59
5,D2,B,Zigbee,-59
5,D2,B,Zigbee,-59
5,D2,B,Zigbee,-59
5,D2,B,Zigbee,-59
5,D2,B,Zigbee,-59
5,D2,B,Zigbee,-59
5,D2,B,Zigbee,-59
5,D2,B,Zigbee,-59
5,D2,B,Zigbee,-59
5,D2,B,Zigbee,-59
5,D2,B,Zigbee,-56
5,D2,B,Zigbee,-59
5,D2,B,Zigbee,-59
5,D2,B,Zigbee,-58
5,D2,B,Zigbee,-58
5,D2,B,Zigbee,-58
5,D2,B,Zigbee,-58
5,D2,B,Zigbee,-58
5,D2,B,Zigbee,-59
5,D2,B,Zigbee,-59
5,D2,B,Zigbee,-58
5,D2,B,Zigbee,-58
5,D2,B,Zigbee,-59
5,D2,B,Zigbee,-59
5,D2,C,BLE,-66
5,D2,C,BLE,-69
5,D2,C,BLE,-82
5,D2,C,BLE,-66
5,D2,C,BLE,-75
5,D2,C,BLE,-69
5,D2,C,BLE,-70
5,D2,C,BLE,-74
5,D2,C,BLE,-71
5,D2,C,BLE,-86
5,D2,C,BLE,-80
5,D2,C,BLE,-66
5,D2,C,BLE,-66
5,D2,C,BLE,-69
5,D2,C,BLE,-67
5,D2,C,BLE,-69
5,D2,C,BLE,-66
5,D2,C,BLE,-81
5,D2,C,BLE,-65
5,D2,C,BLE,-86
5,D2,C,BLE,-70
5,D2,C,BLE,-81
5,D2,C,BLE,-85
5,D2,C,BLE,-69
5,D2,C,BLE,-82
5,D2,C,BLE,-74
5,D2,C,BLE,-71
5,D2,C,BLE,-69
5,D2,C,BLE,-68
5,D2,C,BLE,-67
5,D2,C,BLE,-72
5,D2,C,BLE,-70
5,D2,C,BLE,-83
5,D2,C,BLE,-82
5,D2,C,BLE,-87
5,D2,C,BLE,-81
5,D2,C,BLE,-74
5,D2,C,BLE,-70
5,D2,C,BLE,-64
5,D2,C,BLE,-68
5,D2,C,BLE,-70
5,D2,C,BLE,-70
5,D2,C,BLE,-68
5,D2,C,BLE,-68
5,D2,C,BLE,-85
5,D2,C,BLE,-81
5,D2,C,BLE,-82
5,D2,C,BLE,-65
5,D2,C,BLE,-73
5,D2,C,BLE,-69
5,D2,C,BLE,-66
5,D2,C,BLE,-74
5,D2,C,BLE,-71
5,D2,C,BLE,-80
5,D2,C,BLE,-69
5,D2,C,BLE,-82
5,D2,C,BLE,-70
5,D2,C,BLE,-71
5,D2,C,BLE,-70
5,D2,C,BLE,-85
5,D2,C,BLE,-81
5,D2,C,BLE,-69
5,D2,C,BLE,-65
5,D2,C,BLE,-65
5,D2,C,BLE,-71
5,D2,C,BLE,-85
5,D2,C,BLE,-71
5,D2,C,BLE,-71
5,D2,C,BLE,-80
5,D2,C,BLE,-69
5,D2,C,BLE,-72
5,D2,C,BLE,-66
5,D2,C,BLE,-68
5,D2,C,BLE,-71
5,D2,C,BLE,-71
5,D2,C,BLE,-73
5,D2,C,BLE,-85
5,D2,C,BLE,-70
5,D2,C,BLE,-71
5,D2,C,BLE,-85
5,D2,C,BLE,-71
5,D2,C,BLE,-81
5,D2,C,BLE,-81
5,D2,C,BLE,-65
5,D2,C,BLE,-71
5,D2,C,BLE,-85
5,D2,C,BLE,-71
5,D2,C,BLE,-80
5,D2,C,BLE,-69
5,D2,C,BLE,-67
5,D2,C,BLE,-82
5,D2,C,BLE,-71
5,D2,C,BLE,-81
5,D2,C,BLE,-65
5,D2,C,BLE,-74
5,D2,C,BLE,-85
5,D2,C,BLE,-85
5,D2,C,BLE,-81
5,D2,C,BLE,-69
5,D2,C,LoRaWAN,-40
5,D2,C,LoRaWAN,-40
5,D2,C,LoRaWAN,-40
5,D2,C,LoRaWAN,-39
5,D2,C,LoRaWAN,-39
5,D2,C,LoRaWAN,-39
5,D2,C,LoRaWAN,-39
5,D2,C,LoRaWAN,-39
5,D2,C,LoRaWAN,-40
5,D2,C,LoRaWAN,-40
5,D2,C,LoRaWAN,-40
5,D2,C,LoRaWAN,-40
5,D2,C,LoRaWAN,-40
5,D2,C,LoRaWAN,-40
5,D2,C,LoRaWAN,-40
5,D2,C,LoRaWAN,-40
5,D2,C,LoRaWAN,-40
5,D2,C,LoRaWAN,-40
5,D2,C,LoRaWAN,-40
5,D2,C,LoRaWAN,-39
5,D2,C,LoRaWAN,-39
5,D2,C,LoRaWAN,-39
5,D2,C,LoRaWAN,-39
5,D2,C,LoRaWAN,-40
5,D2,C,LoRaWAN,-39
5,D2,C,LoRaWAN,-39
5,D2,C,LoRaWAN,-39
5,D2,C,LoRaWAN,-39
5,D2,C,LoRaWAN,-38
5,D2,C,LoRaWAN,-39
5,D2,C,LoRaWAN,-38
5,D2,C,LoRaWAN,-39
5,D2,C,LoRaWAN,-39
5,D2,C,LoRaWAN,-40
5,D2,C,LoRaWAN,-38
5,D2,C,LoRaWAN,-38
5,D2,C,LoRaWAN,-38
5,D2,C,LoRaWAN,-39
5,D2,C,LoRaWAN,-38
5,D2,C,LoRaWAN,-39
5,D2,C,LoRaWAN,-38
5,D2,C,LoRaWAN,-38
5,D2,C,LoRaWAN,-38
5,D2,C,LoRaWAN,-38
5,D2,C,LoRaWAN,-38
5,D2,C,LoRaWAN,-38
5,D2,C,LoRaWAN,-39
5,D2,C,LoRaWAN,-38
5,D2,C,LoRaWAN,-38
5,D2,C,LoRaWAN,-39
5,D2,C,LoRaWAN,-38
5,D2,C,LoRaWAN,-38
5,D2,C,LoRaWAN,-38
5,D2,C,LoRaWAN,-38
5,D2,C,LoRaWAN,-38
5,D2,C,LoRaWAN,-38
5,D2,C,LoRaWAN,-38
5,D2,C,LoRaWAN,-39
5,D2,C,LoRaWAN,-38
5,D2,C,LoRaWAN,-39
5,D2,C,LoRaWAN,-39
5,D2,C,LoRaWAN,-38
5,D2,C,LoRaWAN,-38
5,D2,C,LoRaWAN,-38
5,D2,C,LoRaWAN,-37
5,D2,C,LoRaWAN,-38
5,D2,C,LoRaWAN,-38
5,D2,C,LoRaWAN,-38
5,D2,C,LoRaWAN,-38
5,D2,C,LoRaWAN,-39
5,D2,C,LoRaWAN,-38
5,D2,C,LoRaWAN,-38
5,D2,C,LoRaWAN,-38
5,D2,C,LoRaWAN,-38
5,D2,C,LoRaWAN,-38
5,D2,C,LoRaWAN,-38
5,D2,C,LoRaWAN,-39
5,D2,C,LoRaWAN,-38
5,D2,C,LoRaWAN,-38
5,D2,C,LoRaWAN,-38
5,D2,C,LoRaWAN,-38
5,D2,C,LoRaWAN,-38
5,D2,C,LoRaWAN,-38
5,D2,C,LoRaWAN,-38
5,D2,C,LoRaWAN,-38
5,D2,C,LoRaWAN,-38
5,D2,C,LoRaWAN,-38
5,D2,C,LoRaWAN,-38
5,D2,C,LoRaWAN,-39
5,D2,C,LoRaWAN,-38
5,D2,C,LoRaWAN,-38
5,D2,C,LoRaWAN,-38
5,D2,C,LoRaWAN,-38
5,D2,C,LoRaWAN,-38
5,D2,C,LoRaWAN,-38
5,D2,C,LoRaWAN,-38
5,D2,C,LoRaWAN,-38
5,D2,C,LoRaWAN,-38
5,D2,C,LoRaWAN,-39
5,D2,C,LoRaWAN,-38
5,D2,C,LoRaWAN,-38
5,D2,C,LoRaWAN,-38
5,D2,C,LoRaWAN,-38
5,D2,C,LoRaWAN,-37
5,D2,C,LoRaWAN,-38
5,D2,C,LoRaWAN,-38
5,D2,C,LoRaWAN,-39
5,D2,C,WiFi,-57
5,D2,C,WiFi,-58
5,D2,C,WiFi,-56
5,D2,C,WiFi,-58
5,D2,C,WiFi,-58
5,D2,C,WiFi,-58
5,D2,C,WiFi,-58
5,D2,C,WiFi,-58
5,D2,C,WiFi,-55
5,D2,C,WiFi,-56
5,D2,C,WiFi,-58
5,D2,C,WiFi,-56
5,D2,C,WiFi,-59
5,D2,C,WiFi,-57
5,D2,C,WiFi,-58
5,D2,C,WiFi,-56
5,D2,C,WiFi,-58
5,D2,C,WiFi,-56
5,D2,C,WiFi,-58
5,D2,C,WiFi,-55
5,D2,C,WiFi,-57
5,D2,C,WiFi,-58
5,D2,C,WiFi,-55
5,D2,C,WiFi,-58
5,D2,C,WiFi,-58
5,D2,C,WiFi,-57
5,D2,C,WiFi,-56
5,D2,C,WiFi,-58
5,D2,C,WiFi,-56
5,D2,C,WiFi,-56
5,D2,C,WiFi,-56
5,D2,C,WiFi,-57
5,D2,C,WiFi,-56
5,D2,C,WiFi,-56
5,D2,C,WiFi,-56
5,D2,C,WiFi,-57
5,D2,C,WiFi,-57
5,D2,C,WiFi,-57
5,D2,C,WiFi,-56
5,D2,C,WiFi,-55
5,D2,C,WiFi,-57
5,D2,C,WiFi,-57
5,D2,C,WiFi,-58
5,D2,C,WiFi,-56
5,D2,C,WiFi,-58
5,D2,C,WiFi,-58
5,D2,C,WiFi,-57
5,D2,C,WiFi,-57
5,D2,C,WiFi,-57
5,D2,C,WiFi,-57
5,D2,C,WiFi,-57
5,D2,C,WiFi,-58
5,D2,C,WiFi,-57
5,D2,C,WiFi,-58
5,D2,C,WiFi,-57
5,D2,C,WiFi,-56
5,D2,C,WiFi,-57
5,D2,C,WiFi,-58
5,D2,C,WiFi,-58
5,D2,C,WiFi,-58
5,D2,C,WiFi,-58
5,D2,C,WiFi,-58
5,D2,C,WiFi,-58
5,D2,C,WiFi,-58
5,D2,C,WiFi,-58
5,D2,C,WiFi,-58
5,D2,C,WiFi,-58
5,D2,C,WiFi,-59
5,D2,C,WiFi,-58
5,D2,C,WiFi,-56
5,D2,C,WiFi,-57
5,D2,C,WiFi,-56
5,D2,C,WiFi,-56
5,D2,C,WiFi,-56
5,D2,C,WiFi,-57
5,D2,C,WiFi,-58
5,D2,C,WiFi,-56
5,D2,C,WiFi,-59
5,D2,C,WiFi,-58
5,D2,C,WiFi,-56
5,D2,C,WiFi,-58
5,D2,C,WiFi,-58
5,D2,C,WiFi,-57
5,D2,C,WiFi,-59
5,D2,C,WiFi,-59
5,D2,C,WiFi,-58
5,D2,C,WiFi,-59
5,D2,C,WiFi,-57
5,D2,C,WiFi,-58
5,D2,C,WiFi,-58
5,D2,C,WiFi,-55
5,D2,C,WiFi,-58
5,D2,C,WiFi,-58
5,D2,C,WiFi,-58
5,D2,C,WiFi,-57
5,D2,C,WiFi,-58
5,D2,C,WiFi,-59
5,D2,C,WiFi,-58
5,D2,C,WiFi,-58
5,D2,C,WiFi,-58
5,D2,C,WiFi,-58
5,D2,C,WiFi,-56
5,D2,C,WiFi,-58
5,D2,C,WiFi,-56
5,D2,C,WiFi,-56
5,D2,C,WiFi,-56
5,D2,C,WiFi,-56
5,D2,C,Zigbee,-55
5,D2,C,Zigbee,-55
5,D2,C,Zigbee,-55
5,D2,C,Zigbee,-55
5,D2,C,Zigbee,-55
5,D2,C,Zigbee,-55
5,D2,C,Zigbee,-55
5,D2,C,Zigbee,-55
5,D2,C,Zigbee,-55
5,D2,C,Zigbee,-55
5,D2,C,Zigbee,-55
5,D2,C,Zigbee,-55
5,D2,C,Zigbee,-55
5,D2,C,Zigbee,-55
5,D2,C,Zigbee,-55
5,D2,C,Zigbee,-55
5,D2,C,Zigbee,-55
5,D2,C,Zigbee,-55
5,D2,C,Zigbee,-55
5,D2,C,Zigbee,-55
5,D2,C,Zigbee,-55
5,D2,C,Zigbee,-55
5,D2,C,Zigbee,-55
5,D2,C,Zigbee,-55
5,D2,C,Zigbee,-55
5,D2,C,Zigbee,-55
5,D2,C,Zigbee,-55
5,D2,C,Zigbee,-55
5,D2,C,Zigbee,-55
5,D2,C,Zigbee,-55
5,D2,C,Zigbee,-55
5,D2,C,Zigbee,-55
5,D2,C,Zigbee,-55
5,D2,C,Zigbee,-55
5,D2,C,Zigbee,-55
5,D2,C,Zigbee,-55
5,D2,C,Zigbee,-55
5,D2,C,Zigbee,-56
5,D2,C,Zigbee,-56
5,D2,C,Zigbee,-55
5,D2,C,Zigbee,-55
5,D2,C,Zigbee,-55
5,D2,C,Zigbee,-56
5,D2,C,Zigbee,-56
5,D2,C,Zigbee,-55
5,D2,C,Zigbee,-56
5,D2,C,Zigbee,-55
5,D2,C,Zigbee,-55
5,D2,C,Zigbee,-55
5,D2,C,Zigbee,-56
5,D2,C,Zigbee,-55
5,D2,C,Zigbee,-55
5,D2,C,Zigbee,-55
5,D2,C,Zigbee,-55
5,D2,C,Zigbee,-55
5,D2,C,Zigbee,-55
5,D2,C,Zigbee,-55
5,D2,C,Zigbee,-55
5,D2,C,Zigbee,-55
5,D2,C,Zigbee,-55
5,D2,C,Zigbee,-55
5,D2,C,Zigbee,-55
5,D2,C,Zigbee,-55
5,D2,C,Zigbee,-55
5,D2,C,Zigbee,-55
5,D2,C,Zigbee,-55
5,D2,C,Zigbee,-55
5,D2,C,Zigbee,-55
5,D2,C,Zigbee,-55
5,D2,C,Zigbee,-55
5,D2,C,Zigbee,-55
5,D2,C,Zigbee,-55
5,D2,C,Zigbee,-55
5,D2,C,Zigbee,-54
5,D2,C,Zigbee,-55
5,D2,C,Zigbee,-55
5,D2,C,Zigbee,-55
5,D2,C,Zigbee,-55
5,D2,C,Zigbee,-55
5,D2,C,Zigbee,-55
5,D2,C,Zigbee,-55
5,D2,C,Zigbee,-55
5,D2,C,Zigbee,-55
5,D2,C,Zigbee,-55
5,D2,C,Zigbee,-54
5,D2,C,Zigbee,-55
5,D2,C,Zigbee,-55
5,D2,C,Zigbee,-55
5,D2,C,Zigbee,-55
5,D2,C,Zigbee,-55
5,D2,C,Zigbee,-55
5,D2,C,Zigbee,-55
5,D2,C,Zigbee,-55
5,D2,C,Zigbee,-55
5,D2,C,Zigbee,-55
5,D2,C,Zigbee,-55
5,D2,C,Zigbee,-55
5,D2,C,Zigbee,-55
5,D2,C,Zigbee,-55
5,D2,C,Zigbee,-55
5,D2,C,Zigbee,-55
5,D2,C,Zigbee,-55
5,D2,C,Zigbee,-55
5,D2,C,Zigbee,-55
5,D2,C,Zigbee,-55
5,D2,C,Zigbee,-55
5,D2,C,Zigbee,-55
5,D3,A,BLE,-79
5,D3,A,BLE,-71
5,D3,A,BLE,-62
5,D3,A,BLE,-62
5,D3,A,BLE,-78
5,D3,A,BLE,-83
5,D3,A,BLE,-76
5,D3,A,BLE,-68
5,D3,A,BLE,-64
5,D3,A,BLE,-83
5,D3,A,BLE,-76
5,D3,A,BLE,-67
5,D3,A,BLE,-67
5,D3,A,BLE,-64
5,D3,A,BLE,-82
5,D3,A,BLE,-70
5,D3,A,BLE,-62
5,D3,A,BLE,-67
5,D3,A,BLE,-78
5,D3,A,BLE,-67
5,D3,A,BLE,-71
5,D3,A,BLE,-83
5,D3,A,BLE,-68
5,D3,A,BLE,-61
5,D3,A,BLE,-61
5,D3,A,BLE,-76
5,D3,A,BLE,-67
5,D3,A,BLE,-67
5,D3,A,BLE,-83
5,D3,A,BLE,-61
5,D3,A,BLE,-62
5,D3,A,BLE,-76
5,D3,A,BLE,-67
5,D3,A,BLE,-64
5,D3,A,BLE,-83
5,D3,A,BLE,-76
5,D3,A,BLE,-67
5,D3,A,BLE,-78
5,D3,A,BLE,-68
5,D3,A,BLE,-76
5,D3,A,BLE,-68
5,D3,A,BLE,-68
5,D3,A,BLE,-83
5,D3,A,BLE,-67
5,D3,A,BLE,-61
5,D3,A,BLE,-68
5,D3,A,BLE,-78
5,D3,A,BLE,-62
5,D3,A,BLE,-61
5,D3,A,BLE,-64
5,D3,A,BLE,-69
5,D3,A,BLE,-62
5,D3,A,BLE,-76
5,D3,A,BLE,-64
5,D3,A,BLE,-71
5,D3,A,BLE,-68
5,D3,A,BLE,-76
5,D3,A,BLE,-61
5,D3,A,BLE,-68
5,D3,A,BLE,-67
5,D3,A,BLE,-77
5,D3,A,BLE,-78
5,D3,A,BLE,-67
5,D3,A,BLE,-66
5,D3,A,BLE,-76
5,D3,A,BLE,-61
5,D3,A,BLE,-68
5,D3,A,BLE,-65
5,D3,A,BLE,-67
5,D3,A,BLE,-66
5,D3,A,BLE,-82
5,D3,A,BLE,-76
5,D3,A,BLE,-78
5,D3,A,BLE,-82
5,D3,A,BLE,-66
5,D3,A,BLE,-82
5,D3,A,BLE,-76
5,D3,A,BLE,-67
5,D3,A,BLE,-78
5,D3,A,BLE,-79
5,D3,A,BLE,-68
5,D3,A,BLE,-66
5,D3,A,BLE,-83
5,D3,A,BLE,-66
5,D3,A,BLE,-61
5,D3,A,BLE,-78
5,D3,A,BLE,-70
5,D3,A,BLE,-61
5,D3,A,BLE,-67
5,D3,A,BLE,-78
5,D3,A,BLE,-67
5,D3,A,BLE,-67
5,D3,A,BLE,-61
5,D3,A,BLE,-78
5,D3,A,BLE,-79
5,D3,A,BLE,-67
5,D3,A,BLE,-70
5,D3,A,BLE,-78
5,D3,A,BLE,-76
5,D3,A,BLE,-67
5,D3,A,BLE,-67
5,D3,A,LoRaWAN,-34
5,D3,A,LoRaWAN,-33
5,D3,A,LoRaWAN,-34
5,D3,A,LoRaWAN,-33
5,D3,A,LoRaWAN,-33
5,D3,A,LoRaWAN,-33
5,D3,A,LoRaWAN,-32
5,D3,A,LoRaWAN,-33
5,D3,A,LoRaWAN,-33
5,D3,A,LoRaWAN,-33
5,D3,A,LoRaWAN,-33
5,D3,A,LoRaWAN,-33
5,D3,A,LoRaWAN,-33
5,D3,A,LoRaWAN,-33
5,D3,A,LoRaWAN,-33
5,D3,A,LoRaWAN,-33
5,D3,A,LoRaWAN,-34
5,D3,A,LoRaWAN,-33
5,D3,A,LoRaWAN,-35
5,D3,A,LoRaWAN,-34
5,D3,A,LoRaWAN,-33
5,D3,A,LoRaWAN,-33
5,D3,A,LoRaWAN,-32
5,D3,A,LoRaWAN,-31
5,D3,A,LoRaWAN,-32
5,D3,A,LoRaWAN,-32
5,D3,A,LoRaWAN,-33
5,D3,A,LoRaWAN,-32
5,D3,A,LoRaWAN,-33
5,D3,A,LoRaWAN,-32
5,D3,A,LoRaWAN,-32
5,D3,A,LoRaWAN,-32
5,D3,A,LoRaWAN,-32
5,D3,A,LoRaWAN,-33
5,D3,A,LoRaWAN,-32
5,D3,A,LoRaWAN,-32
5,D3,A,LoRaWAN,-33
5,D3,A,LoRaWAN,-32
5,D3,A,LoRaWAN,-32
5,D3,A,LoRaWAN,-33
5,D3,A,LoRaWAN,-32
5,D3,A,LoRaWAN,-33
5,D3,A,LoRaWAN,-33
5,D3,A,LoRaWAN,-32
5,D3,A,LoRaWAN,-32
5,D3,A,LoRaWAN,-32
5,D3,A,LoRaWAN,-32
5,D3,A,LoRaWAN,-33
5,D3,A,LoRaWAN,-33
5,D3,A,LoRaWAN,-32
5,D3,A,LoRaWAN,-33
5,D3,A,LoRaWAN,-33
5,D3,A,LoRaWAN,-33
5,D3,A,LoRaWAN,-32
5,D3,A,LoRaWAN,-32
5,D3,A,LoRaWAN,-32
5,D3,A,LoRaWAN,-32
5,D3,A,LoRaWAN,-32
5,D3,A,LoRaWAN,-32
5,D3,A,LoRaWAN,-33
5,D3,A,LoRaWAN,-33
5,D3,A,LoRaWAN,-32
5,D3,A,LoRaWAN,-33
5,D3,A,LoRaWAN,-32
5,D3,A,LoRaWAN,-32
5,D3,A,LoRaWAN,-32
5,D3,A,LoRaWAN,-32
5,D3,A,LoRaWAN,-33
5,D3,A,LoRaWAN,-32
5,D3,A,LoRaWAN,-32
5,D3,A,LoRaWAN,-32
5,D3,A,LoRaWAN,-33
5,D3,A,LoRaWAN,-33
5,D3,A,LoRaWAN,-32
5,D3,A,LoRaWAN,-32
5,D3,A,LoRaWAN,-33
5,D3,A,LoRaWAN,-34
5,D3,A,LoRaWAN,-34
5,D3,A,LoRaWAN,-34
5,D3,A,LoRaWAN,-33
5,D3,A,LoRaWAN,-34
5,D3,A,LoRaWAN,-33
5,D3,A,LoRaWAN,-32
5,D3,A,LoRaWAN,-32
5,D3,A,LoRaWAN,-32
5,D3,A,LoRaWAN,-33
5,D3,A,LoRaWAN,-32
5,D3,A,LoRaWAN,-31
5,D3,A,LoRaWAN,-32
5,D3,A,LoRaWAN,-32
5,D3,A,LoRaWAN,-32
5,D3,A,LoRaWAN,-32
5,D3,A,LoRaWAN,-32
5,D3,A,LoRaWAN,-31
5,D3,A,LoRaWAN,-32
5,D3,A,LoRaWAN,-31
5,D3,A,LoRaWAN,-31
5,D3,A,LoRaWAN,-31
5,D3,A,LoRaWAN,-31
5,D3,A,LoRaWAN,-31
5,D3,A,LoRaWAN,-32
5,D3,A,LoRaWAN,-31
5,D3,A,LoRaWAN,-31
5,D3,A,LoRaWAN,-31
5,D3,A,LoRaWAN,-30
5,D3,A,LoRaWAN,-31
5,D3,A,WiFi,-53
5,D3,A,WiFi,-54
5,D3,A,WiFi,-57
5,D3,A,WiFi,-57
5,D3,A,WiFi,-53
5,D3,A,WiFi,-52
5,D3,A,WiFi,-56
5,D3,A,WiFi,-54
5,D3,A,WiFi,-55
5,D3,A,WiFi,-50
5,D3,A,WiFi,-53
5,D3,A,WiFi,-57
5,D3,A,WiFi,-57
5,D3,A,WiFi,-55
5,D3,A,WiFi,-54
5,D3,A,WiFi,-54
5,D3,A,WiFi,-55
5,D3,A,WiFi,-53
5,D3,A,WiFi,-55
5,D3,A,WiFi,-56
5,D3,A,WiFi,-56
5,D3,A,WiFi,-57
5,D3,A,WiFi,-58
5,D3,A,WiFi,-59
5,D3,A,WiFi,-56
5,D3,A,WiFi,-58
5,D3,A,WiFi,-56
5,D3,A,WiFi,-58
5,D3,A,WiFi,-59
5,D3,A,WiFi,-58
5,D3,A,WiFi,-58
5,D3,A,WiFi,-57
5,D3,A,WiFi,-58
5,D3,A,WiFi,-56
5,D3,A,WiFi,-56
5,D3,A,WiFi,-58
5,D3,A,WiFi,-58
5,D3,A,WiFi,-57
5,D3,A,WiFi,-55
5,D3,A,WiFi,-58
5,D3,A,WiFi,-58
5,D3,A,WiFi,-56
5,D3,A,WiFi,-56
5,D3,A,WiFi,-57
5,D3,A,WiFi,-58
5,D3,A,WiFi,-58
5,D3,A,WiFi,-55
5,D3,A,WiFi,-58
5,D3,A,WiFi,-59
5,D3,A,WiFi,-59
5,D3,A,WiFi,-59
5,D3,A,WiFi,-58
5,D3,A,WiFi,-60
5,D3,A,WiFi,-59
5,D3,A,WiFi,-59
5,D3,A,WiFi,-57
5,D3,A,WiFi,-57
5,D3,A,WiFi,-58
5,D3,A,WiFi,-56
5,D3,A,WiFi,-57
5,D3,A,WiFi,-58
5,D3,A,WiFi,-56
5,D3,A,WiFi,-55
5,D3,A,WiFi,-58
5,D3,A,WiFi,-58
5,D3,A,WiFi,-56
5,D3,A,WiFi,-55
5,D3,A,WiFi,-57
5,D3,A,WiFi,-56
5,D3,A,WiFi,-58
5,D3,A,WiFi,-56
5,D3,A,WiFi,-56
5,D3,A,WiFi,-58
5,D3,A,WiFi,-55
5,D3,A,WiFi,-56
5,D3,A,WiFi,-59
5,D3,A,WiFi,-58
5,D3,A,WiFi,-56
5,D3,A,WiFi,-59
5,D3,A,WiFi,-60
5,D3,A,WiFi,-60
5,D3,A,WiFi,-55
5,D3,A,WiFi,-55
5,D3,A,WiFi,-58
5,D3,A,WiFi,-58
5,D3,A,WiFi,-59
5,D3,A,WiFi,-55
5,D3,A,WiFi,-56
5,D3,A,WiFi,-56
5,D3,A,WiFi,-57
5,D3,A,WiFi,-58
5,D3,A,WiFi,-56
5,D3,A,WiFi,-57
5,D3,A,WiFi,-56
5,D3,A,WiFi,-54
5,D3,A,WiFi,-57
5,D3,A,WiFi,-55
5,D3,A,WiFi,-58
5,D3,A,WiFi,-58
5,D3,A,WiFi,-56
5,D3,A,WiFi,-55
5,D3,A,WiFi,-56
5,D3,A,WiFi,-56
5,D3,A,WiFi,-59
5,D3,A,WiFi,-57
5,D3,A,WiFi,-56
5,D3,A,WiFi,-59
5,D3,A,Zigbee,-66
5,D3,A,Zigbee,-51
5,D3,A,Zigbee,-67
5,D3,A,Zigbee,-70
5,D3,A,Zigbee,-72
5,D3,A,Zigbee,-65
5,D3,A,Zigbee,-65
5,D3,A,Zigbee,-66
5,D3,A,Zigbee,-69
5,D3,A,Zigbee,-67
5,D3,A,Zigbee,-67
5,D3,A,Zigbee,-67
5,D3,A,Zigbee,-50
5,D3,A,Zigbee,-67
5,D3,A,Zigbee,-67
5,D3,A,Zigbee,-67
5,D3,A,Zigbee,-67
5,D3,A,Zigbee,-68
5,D3,A,Zigbee,-50
5,D3,A,Zigbee,-67
5,D3,A,Zigbee,-67
5,D3,A,Zigbee,-67
5,D3,A,Zigbee,-68
5,D3,A,Zigbee,-50
5,D3,A,Zigbee,-68
5,D3,A,Zigbee,-68
5,D3,A,Zigbee,-68
5,D3,A,Zigbee,-68
5,D3,A,Zigbee,-67
5,D3,A,Zigbee,-68
5,D3,A,Zigbee,-68
5,D3,A,Zigbee,-68
5,D3,A,Zigbee,-68
5,D3,A,Zigbee,-68
5,D3,A,Zigbee,-67
5,D3,A,Zigbee,-67
5,D3,A,Zigbee,-67
5,D3,A,Zigbee,-67
5,D3,A,Zigbee,-67
5,D3,A,Zigbee,-67
5,D3,A,Zigbee,-66
5,D3,A,Zigbee,-66
5,D3,A,Zigbee,-66
5,D3,A,Zigbee,-67
5,D3,A,Zigbee,-66
5,D3,A,Zigbee,-66
5,D3,A,Zigbee,-66
5,D3,A,Zigbee,-66
5,D3,A,Zigbee,-66
5,D3,A,Zigbee,-66
5,D3,A,Zigbee,-66
5,D3,A,Zigbee,-66
5,D3,A,Zigbee,-66
5,D3,A,Zigbee,-66
5,D3,A,Zigbee,-66
5,D3,A,Zigbee,-67
5,D3,A,Zigbee,-67
5,D3,A,Zigbee,-67
5,D3,A,Zigbee,-67
5,D3,A,Zigbee,-66
5,D3,A,Zigbee,-67
5,D3,A,Zigbee,-66
5,D3,A,Zigbee,-66
5,D3,A,Zigbee,-67
5,D3,A,Zigbee,-67
5,D3,A,Zigbee,-67
5,D3,A,Zigbee,-66
5,D3,A,Zigbee,-66
5,D3,A,Zigbee,-66
5,D3,A,Zigbee,-66
5,D3,A,Zigbee,-66
5,D3,A,Zigbee,-66
5,D3,A,Zigbee,-66
5,D3,A,Zigbee,-67
5,D3,A,Zigbee,-68
5,D3,A,Zigbee,-68
5,D3,A,Zigbee,-68
5,D3,A,Zigbee,-67
5,D3,A,Zigbee,-69
5,D3,A,Zigbee,-67
5,D3,A,Zigbee,-70
5,D3,A,Zigbee,-66
5,D3,A,Zigbee,-65
5,D3,A,Zigbee,-66
5,D3,A,Zigbee,-66
5,D3,A,Zigbee,-66
5,D3,A,Zigbee,-67
5,D3,A,Zigbee,-66
5,D3,A,Zigbee,-66
5,D3,A,Zigbee,-67
5,D3,A,Zigbee,-67
5,D3,A,Zigbee,-66
5,D3,A,Zigbee,-66
5,D3,A,Zigbee,-66
5,D3,A,Zigbee,-66
5,D3,A,Zigbee,-66
5,D3,A,Zigbee,-67
5,D3,A,Zigbee,-67
5,D3,A,Zigbee,-67
5,D3,A,Zigbee,-67
5,D3,A,Zigbee,-66
5,D3,A,Zigbee,-66
5,D3,A,Zigbee,-66
5,D3,A,Zigbee,-66
5,D3,A,Zigbee,-66
5,D3,B,BLE,-61
5,D3,B,BLE,-76
5,D3,B,BLE,-74
5,D3,B,BLE,-66
5,D3,B,BLE,-66
5,D3,B,BLE,-76
5,D3,B,BLE,-76
5,D3,B,BLE,-74
5,D3,B,BLE,-81
5,D3,B,BLE,-66
5,D3,B,BLE,-76
5,D3,B,BLE,-61
5,D3,B,BLE,-60
5,D3,B,BLE,-60
5,D3,B,BLE,-82
5,D3,B,BLE,-66
5,D3,B,BLE,-65
5,D3,B,BLE,-61
5,D3,B,BLE,-76
5,D3,B,BLE,-61
5,D3,B,BLE,-61
5,D3,B,BLE,-82
5,D3,B,BLE,-83
5,D3,B,BLE,-61
5,D3,B,BLE,-62
5,D3,B,BLE,-74
5,D3,B,BLE,-81
5,D3,B,BLE,-67
5,D3,B,BLE,-82
5,D3,B,BLE,-61
5,D3,B,BLE,-60
5,D3,B,BLE,-60
5,D3,B,BLE,-61
5,D3,B,BLE,-76
5,D3,B,BLE,-60
5,D3,B,BLE,-69
5,D3,B,BLE,-61
5,D3,B,BLE,-61
5,D3,B,BLE,-76
5,D3,B,BLE,-74
5,D3,B,BLE,-61
5,D3,B,BLE,-66
5,D3,B,BLE,-76
5,D3,B,BLE,-60
5,D3,B,BLE,-60
5,D3,B,BLE,-66
5,D3,B,BLE,-82
5,D3,B,BLE,-69
5,D3,B,BLE,-61
5,D3,B,BLE,-75
5,D3,B,BLE,-66
5,D3,B,BLE,-61
5,D3,B,BLE,-61
5,D3,B,BLE,-76
5,D3,B,BLE,-61
5,D3,B,BLE,-61
5,D3,B,BLE,-75
5,D3,B,BLE,-82
5,D3,B,BLE,-61
5,D3,B,BLE,-61
5,D3,B,BLE,-60
5,D3,B,BLE,-66
5,D3,B,BLE,-76
5,D3,B,BLE,-74
5,D3,B,BLE,-60
5,D3,B,BLE,-82
5,D3,B,BLE,-67
5,D3,B,BLE,-62
5,D3,B,BLE,-74
5,D3,B,BLE,-82
5,D3,B,BLE,-61
5,D3,B,BLE,-61
5,D3,B,BLE,-74
5,D3,B,BLE,-60
5,D3,B,BLE,-70
5,D3,B,BLE,-76
5,D3,B,BLE,-60
5,D3,B,BLE,-74
5,D3,B,BLE,-74
5,D3,B,BLE,-69
5,D3,B,BLE,-66
5,D3,B,BLE,-76
5,D3,B,BLE,-76
5,D3,B,BLE,-61
5,D3,B,BLE,-61
5,D3,B,BLE,-76
5,D3,B,BLE,-82
5,D3,B,BLE,-66
5,D3,B,BLE,-66
5,D3,B,BLE,-76
5,D3,B,BLE,-61
5,D3,B,BLE,-60
5,D3,B,BLE,-82
5,D3,B,BLE,-69
5,D3,B,BLE,-66
5,D3,B,BLE,-82
5,D3,B,BLE,-66
5,D3,B,LoRaWAN,-35
5,D3,B,LoRaWAN,-35
5,D3,B,LoRaWAN,-35
5,D3,B,LoRaWAN,-35
5,D3,B,LoRaWAN,-35
5,D3,B,LoRaWAN,-34
5,D3,B,LoRaWAN,-35
5,D3,B,LoRaWAN,-34
5,D3,B,LoRaWAN,-35
5,D3,B,LoRaWAN,-35
5,D3,B,LoRaWAN,-35
5,D3,B,LoRaWAN,-36
5,D3,B,LoRaWAN,-35
5,D3,B,LoRaWAN,-35
5,D3,B,LoRaWAN,-36
5,D3,B,LoRaWAN,-36
5,D3,B,LoRaWAN,-36
5,D3,B,LoRaWAN,-36
5,D3,B,LoRaWAN,-35
5,D3,B,LoRaWAN,-36
5,D3,B,LoRaWAN,-36
5,D3,B,LoRaWAN,-35
5,D3,B,LoRaWAN,-35
5,D3,B,LoRaWAN,-35
5,D3,B,LoRaWAN,-35
5,D3,B,LoRaWAN,-36
5,D3,B,LoRaWAN,-35
5,D3,B,LoRaWAN,-36
5,D3,B,LoRaWAN,-35
5,D3,B,LoRaWAN,-35
5,D3,B,LoRaWAN,-35
5,D3,B,LoRaWAN,-35
5,D3,B,LoRaWAN,-35
5,D3,B,LoRaWAN,-36
5,D3,B,LoRaWAN,-35
5,D3,B,LoRaWAN,-36
5,D3,B,LoRaWAN,-35
5,D3,B,LoRaWAN,-35
5,D3,B,LoRaWAN,-35
5,D3,B,LoRaWAN,-35
5,D3,B,LoRaWAN,-36
5,D3,B,LoRaWAN,-35
5,D3,B,LoRaWAN,-35
5,D3,B,LoRaWAN,-36
5,D3,B,LoRaWAN,-35
5,D3,B,LoRaWAN,-36
5,D3,B,LoRaWAN,-35
5,D3,B,LoRaWAN,-36
5,D3,B,LoRaWAN,-35
5,D3,B,LoRaWAN,-36
5,D3,B,LoRaWAN,-35
5,D3,B,LoRaWAN,-35
5,D3,B,LoRaWAN,-35
5,D3,B,LoRaWAN,-35
5,D3,B,LoRaWAN,-35
5,D3,B,LoRaWAN,-35
5,D3,B,LoRaWAN,-36
5,D3,B,LoRaWAN,-35
5,D3,B,LoRaWAN,-35
5,D3,B,LoRaWAN,-35
5,D3,B,LoRaWAN,-35
5,D3,B,LoRaWAN,-35
5,D3,B,LoRaWAN,-35
5,D3,B,LoRaWAN,-35
5,D3,B,LoRaWAN,-35
5,D3,B,LoRaWAN,-36
5,D3,B,LoRaWAN,-36
5,D3,B,LoRaWAN,-35
5,D3,B,LoRaWAN,-35
5,D3,B,LoRaWAN,-35
5,D3,B,LoRaWAN,-35
5,D3,B,LoRaWAN,-35
5,D3,B,LoRaWAN,-35
5,D3,B,LoRaWAN,-35
5,D3,B,LoRaWAN,-36
5,D3,B,LoRaWAN,-35
5,D3,B,LoRaWAN,-35
5,D3,B,LoRaWAN,-35
5,D3,B,LoRaWAN,-35
5,D3,B,LoRaWAN,-35
5,D3,B,LoRaWAN,-34
5,D3,B,LoRaWAN,-35
5,D3,B,LoRaWAN,-35
5,D3,B,LoRaWAN,-35
5,D3,B,LoRaWAN,-36
5,D3,B,LoRaWAN,-35
5,D3,B,LoRaWAN,-34
5,D3,B,LoRaWAN,-36
5,D3,B,LoRaWAN,-36
5,D3,B,LoRaWAN,-36
5,D3,B,LoRaWAN,-35
5,D3,B,LoRaWAN,-36
5,D3,B,LoRaWAN,-36
5,D3,B,LoRaWAN,-36
5,D3,B,LoRaWAN,-36
5,D3,B,LoRaWAN,-35
5,D3,B,LoRaWAN,-36
5,D3,B,LoRaWAN,-35
5,D3,B,LoRaWAN,-36
5,D3,B,LoRaWAN,-35
5,D3,B,LoRaWAN,-36
5,D3,B,LoRaWAN,-35
5,D3,B,LoRaWAN,-35
5,D3,B,LoRaWAN,-35
5,D3,B,LoRaWAN,-35
5,D3,B,LoRaWAN,-36
5,D3,B,LoRaWAN,-36
5,D3,B,WiFi,-53
5,D3,B,WiFi,-55
5,D3,B,WiFi,-55
5,D3,B,WiFi,-52
5,D3,B,WiFi,-55
5,D3,B,WiFi,-55
5,D3,B,WiFi,-55
5,D3,B,WiFi,-55
5,D3,B,WiFi,-55
5,D3,B,WiFi,-53
5,D3,B,WiFi,-54
5,D3,B,WiFi,-52
5,D3,B,WiFi,-54
5,D3,B,WiFi,-53
5,D3,B,WiFi,-55
5,D3,B,WiFi,-52
5,D3,B,WiFi,-52
5,D3,B,WiFi,-55
5,D3,B,WiFi,-53
5,D3,B,WiFi,-53
5,D3,B,WiFi,-54
5,D3,B,WiFi,-53
5,D3,B,WiFi,-49
5,D3,B,WiFi,-52
5,D3,B,WiFi,-52
5,D3,B,WiFi,-54
5,D3,B,WiFi,-54
5,D3,B,WiFi,-51
5,D3,B,WiFi,-53
5,D3,B,WiFi,-55
5,D3,B,WiFi,-55
5,D3,B,WiFi,-55
5,D3,B,WiFi,-51
5,D3,B,WiFi,-52
5,D3,B,WiFi,-51
5,D3,B,WiFi,-50
5,D3,B,WiFi,-53
5,D3,B,WiFi,-51
5,D3,B,WiFi,-53
5,D3,B,WiFi,-54
5,D3,B,WiFi,-50
5,D3,B,WiFi,-55
5,D3,B,WiFi,-55
5,D3,B,WiFi,-53
5,D3,B,WiFi,-52
5,D3,B,WiFi,-55
5,D3,B,WiFi,-53
5,D3,B,WiFi,-52
5,D3,B,WiFi,-53
5,D3,B,WiFi,-54
5,D3,B,WiFi,-53
5,D3,B,WiFi,-55
5,D3,B,WiFi,-56
5,D3,B,WiFi,-55
5,D3,B,WiFi,-55
5,D3,B,WiFi,-54
5,D3,B,WiFi,-53
5,D3,B,WiFi,-55
5,D3,B,WiFi,-54
5,D3,B,WiFi,-52
5,D3,B,WiFi,-53
5,D3,B,WiFi,-54
5,D3,B,WiFi,-53
5,D3,B,WiFi,-54
5,D3,B,WiFi,-54
5,D3,B,WiFi,-55
5,D3,B,WiFi,-51
5,D3,B,WiFi,-54
5,D3,B,WiFi,-53
5,D3,B,WiFi,-53
5,D3,B,WiFi,-54
5,D3,B,WiFi,-52
5,D3,B,WiFi,-53
5,D3,B,WiFi,-51
5,D3,B,WiFi,-55
5,D3,B,WiFi,-52
5,D3,B,WiFi,-54
5,D3,B,WiFi,-54
5,D3,B,WiFi,-53
5,D3,B,WiFi,-51
5,D3,B,WiFi,-51
5,D3,B,WiFi,-50
5,D3,B,WiFi,-56
5,D3,B,WiFi,-53
5,D3,B,WiFi,-53
5,D3,B,WiFi,-56
5,D3,B,WiFi,-52
5,D3,B,WiFi,-51
5,D3,B,WiFi,-54
5,D3,B,WiFi,-51
5,D3,B,WiFi,-52
5,D3,B,WiFi,-54
5,D3,B,WiFi,-52
5,D3,B,WiFi,-52
5,D3,B,WiFi,-54
5,D3,B,WiFi,-51
5,D3,B,WiFi,-51
5,D3,B,WiFi,-52
5,D3,B,WiFi,-53
5,D3,B,WiFi,-54
5,D3,B,WiFi,-52
5,D3,B,WiFi,-53
5,D3,B,WiFi,-54
5,D3,B,WiFi,-52
5,D3,B,WiFi,-53
5,D3,B,WiFi,-54
5,D3,B,WiFi,-52
5,D3,B,Zigbee,-62
5,D3,B,Zigbee,-62
5,D3,B,Zigbee,-62
5,D3,B,Zigbee,-62
5,D3,B,Zigbee,-63
5,D3,B,Zigbee,-62
5,D3,B,Zigbee,-63
5,D3,B,Zigbee,-63
5,D3,B,Zigbee,-63
5,D3,B,Zigbee,-62
5,D3,B,Zigbee,-63
5,D3,B,Zigbee,-63
5,D3,B,Zigbee,-62
5,D3,B,Zigbee,-63
5,D3,B,Zigbee,-63
5,D3,B,Zigbee,-63
5,D3,B,Zigbee,-63
5,D3,B,Zigbee,-63
5,D3,B,Zigbee,-63
5,D3,B,Zigbee,-63
5,D3,B,Zigbee,-63
5,D3,B,Zigbee,-63
5,D3,B,Zigbee,-63
5,D3,B,Zigbee,-63
5,D3,B,Zigbee,-62
5,D3,B,Zigbee,-63
5,D3,B,Zigbee,-63
5,D3,B,Zigbee,-63
5,D3,B,Zigbee,-63
5,D3,B,Zigbee,-63
5,D3,B,Zigbee,-63
5,D3,B,Zigbee,-63
5,D3,B,Zigbee,-63
5,D3,B,Zigbee,-63
5,D3,B,Zigbee,-63
5,D3,B,Zigbee,-63
5,D3,B,Zigbee,-63
5,D3,B,Zigbee,-63
5,D3,B,Zigbee,-63
5,D3,B,Zigbee,-63
5,D3,B,Zigbee,-63
5,D3,B,Zigbee,-64
5,D3,B,Zigbee,-63
5,D3,B,Zigbee,-63
5,D3,B,Zigbee,-63
5,D3,B,Zigbee,-63
5,D3,B,Zigbee,-62
5,D3,B,Zigbee,-62
5,D3,B,Zigbee,-63
5,D3,B,Zigbee,-63
5,D3,B,Zigbee,-63
5,D3,B,Zigbee,-63
5,D3,B,Zigbee,-63
5,D3,B,Zigbee,-63
5,D3,B,Zigbee,-63
5,D3,B,Zigbee,-63
5,D3,B,Zigbee,-63
5,D3,B,Zigbee,-63
5,D3,B,Zigbee,-63
5,D3,B,Zigbee,-63
5,D3,B,Zigbee,-63
5,D3,B,Zigbee,-63
5,D3,B,Zigbee,-63
5,D3,B,Zigbee,-63
5,D3,B,Zigbee,-63
5,D3,B,Zigbee,-63
5,D3,B,Zigbee,-63
5,D3,B,Zigbee,-63
5,D3,B,Zigbee,-63
5,D3,B,Zigbee,-62
5,D3,B,Zigbee,-63
5,D3,B,Zigbee,-63
5,D3,B,Zigbee,-61
5,D3,B,Zigbee,-62
5,D3,B,Zigbee,-63
5,D3,B,Zigbee,-62
5,D3,B,Zigbee,-63
5,D3,B,Zigbee,-63
5,D3,B,Zigbee,-63
5,D3,B,Zigbee,-63
5,D3,B,Zigbee,-63
5,D3,B,Zigbee,-63
5,D3,B,Zigbee,-63
5,D3,B,Zigbee,-64
5,D3,B,Zigbee,-63
5,D3,B,Zigbee,-62
5,D3,B,Zigbee,-63
5,D3,B,Zigbee,-63
5,D3,B,Zigbee,-63
5,D3,B,Zigbee,-63
5,D3,B,Zigbee,-63
5,D3,B,Zigbee,-63
5,D3,B,Zigbee,-63
5,D3,B,Zigbee,-62
5,D3,B,Zigbee,-62
5,D3,B,Zigbee,-63
5,D3,B,Zigbee,-62
5,D3,B,Zigbee,-62
5,D3,B,Zigbee,-63
5,D3,B,Zigbee,-63
5,D3,B,Zigbee,-63
5,D3,B,Zigbee,-63
5,D3,B,Zigbee,-63
5,D3,B,Zigbee,-63
5,D3,B,Zigbee,-63
5,D3,B,Zigbee,-63
5,D3,B,Zigbee,-63
5,D3,B,Zigbee,-63
5,D3,B,Zigbee,-63
5,D3,B,Zigbee,-63
5,D3,C,BLE,-77
5,D3,C,BLE,-64
5,D3,C,BLE,-76
5,D3,C,BLE,-88
5,D3,C,BLE,-89
5,D3,C,BLE,-79
5,D3,C,BLE,-66
5,D3,C,BLE,-69
5,D3,C,BLE,-89
5,D3,C,BLE,-90
5,D3,C,BLE,-79
5,D3,C,BLE,-65
5,D3,C,BLE,-77
5,D3,C,BLE,-90
5,D3,C,BLE,-79
5,D3,C,BLE,-66
5,D3,C,BLE,-76
5,D3,C,BLE,-88
5,D3,C,BLE,-79
5,D3,C,BLE,-78
5,D3,C,BLE,-80
5,D3,C,BLE,-81
5,D3,C,BLE,-65
5,D3,C,BLE,-74
5,D3,C,BLE,-88
5,D3,C,BLE,-74
5,D3,C,BLE,-82
5,D3,C,BLE,-82
5,D3,C,BLE,-66
5,D3,C,BLE,-82
5,D3,C,BLE,-74
5,D3,C,BLE,-74
5,D3,C,BLE,-89
5,D3,C,BLE,-78
5,D3,C,BLE,-80
5,D3,C,BLE,-79
5,D3,C,BLE,-78
5,D3,C,BLE,-82
5,D3,C,BLE,-66
5,D3,C,BLE,-82
5,D3,C,BLE,-77
5,D3,C,BLE,-69
5,D3,C,BLE,-69
5,D3,C,BLE,-82
5,D3,C,BLE,-82
5,D3,C,BLE,-76
5,D3,C,BLE,-77
5,D3,C,BLE,-90
5,D3,C,BLE,-65
5,D3,C,BLE,-68
5,D3,C,BLE,-81
5,D3,C,BLE,-77
5,D3,C,BLE,-77
5,D3,C,BLE,-78
5,D3,C,BLE,-69
5,D3,C,BLE,-73
5,D3,C,BLE,-90
5,D3,C,BLE,-79
5,D3,C,BLE,-66
5,D3,C,BLE,-74
5,D3,C,BLE,-90
5,D3,C,BLE,-90
5,D3,C,BLE,-66
5,D3,C,BLE,-66
5,D3,C,BLE,-88
5,D3,C,BLE,-79
5,D3,C,BLE,-66
5,D3,C,BLE,-83
5,D3,C,BLE,-66
5,D3,C,BLE,-74
5,D3,C,BLE,-89
5,D3,C,BLE,-78
5,D3,C,BLE,-69
5,D3,C,BLE,-73
5,D3,C,BLE,-89
5,D3,C,BLE,-79
5,D3,C,BLE,-65
5,D3,C,BLE,-82
5,D3,C,BLE,-88
5,D3,C,BLE,-79
5,D3,C,BLE,-69
5,D3,C,BLE,-76
5,D3,C,BLE,-88
5,D3,C,BLE,-79
5,D3,C,BLE,-81
5,D3,C,BLE,-82
5,D3,C,BLE,-65
5,D3,C,BLE,-77
5,D3,C,BLE,-88
5,D3,C,BLE,-91
5,D3,C,BLE,-65
5,D3,C,BLE,-81
5,D3,C,BLE,-88
5,D3,C,BLE,-78
5,D3,C,BLE,-79
5,D3,C,BLE,-82
5,D3,C,BLE,-66
5,D3,C,BLE,-74
5,D3,C,BLE,-78
5,D3,C,BLE,-82
5,D3,C,BLE,-65
5,D3,C,BLE,-65
5,D3,C,BLE,-73
5,D3,C,LoRaWAN,-38
5,D3,C,LoRaWAN,-39
5,D3,C,LoRaWAN,-39
5,D3,C,LoRaWAN,-39
5,D3,C,LoRaWAN,-38
5,D3,C,LoRaWAN,-38
5,D3,C,LoRaWAN,-39
5,D3,C,LoRaWAN,-38
5,D3,C,LoRaWAN,-38
5,D3,C,LoRaWAN,-39
5,D3,C,LoRaWAN,-39
5,D3,C,LoRaWAN,-38
5,D3,C,LoRaWAN,-39
5,D3,C,LoRaWAN,-37
5,D3,C,LoRaWAN,-37
5,D3,C,LoRaWAN,-37
5,D3,C,LoRaWAN,-36
5,D3,C,LoRaWAN,-37
5,D3,C,LoRaWAN,-37
5,D3,C,LoRaWAN,-37
5,D3,C,LoRaWAN,-37
5,D3,C,LoRaWAN,-37
5,D3,C,LoRaWAN,-37
5,D3,C,LoRaWAN,-37
5,D3,C,LoRaWAN,-36
5,D3,C,LoRaWAN,-37
5,D3,C,LoRaWAN,-37
5,D3,C,LoRaWAN,-37
5,D3,C,LoRaWAN,-37
5,D3,C,LoRaWAN,-37
5,D3,C,LoRaWAN,-37
5,D3,C,LoRaWAN,-37
5,D3,C,LoRaWAN,-37
5,D3,C,LoRaWAN,-37
5,D3,C,LoRaWAN,-37
5,D3,C,LoRaWAN,-37
5,D3,C,LoRaWAN,-37
5,D3,C,LoRaWAN,-38
5,D3,C,LoRaWAN,-37
5,D3,C,LoRaWAN,-37
5,D3,C,LoRaWAN,-36
5,D3,C,LoRaWAN,-36
5,D3,C,LoRaWAN,-36
5,D3,C,LoRaWAN,-37
5,D3,C,LoRaWAN,-37
5,D3,C,LoRaWAN,-37
5,D3,C,LoRaWAN,-37
5,D3,C,LoRaWAN,-37
5,D3,C,LoRaWAN,-37
5,D3,C,LoRaWAN,-37
5,D3,C,LoRaWAN,-37
5,D3,C,LoRaWAN,-36
5,D3,C,LoRaWAN,-37
5,D3,C,LoRaWAN,-37
5,D3,C,LoRaWAN,-37
5,D3,C,LoRaWAN,-37
5,D3,C,LoRaWAN,-37
5,D3,C,LoRaWAN,-37
5,D3,C,LoRaWAN,-37
5,D3,C,LoRaWAN,-37
5,D3,C,LoRaWAN,-37
5,D3,C,LoRaWAN,-37
5,D3,C,LoRaWAN,-37
5,D3,C,LoRaWAN,-37
5,D3,C,LoRaWAN,-37
5,D3,C,LoRaWAN,-37
5,D3,C,LoRaWAN,-38
5,D3,C,LoRaWAN,-37
5,D3,C,LoRaWAN,-38
5,D3,C,LoRaWAN,-37
5,D3,C,LoRaWAN,-37
5,D3,C,LoRaWAN,-37
5,D3,C,LoRaWAN,-37
5,D3,C,LoRaWAN,-38
5,D3,C,LoRaWAN,-37
5,D3,C,LoRaWAN,-37
5,D3,C,LoRaWAN,-37
5,D3,C,LoRaWAN,-37
5,D3,C,LoRaWAN,-37
5,D3,C,LoRaWAN,-37
5,D3,C,LoRaWAN,-37
5,D3,C,LoRaWAN,-38
5,D3,C,LoRaWAN,-37
5,D3,C,LoRaWAN,-38
5,D3,C,LoRaWAN,-37
5,D3,C,LoRaWAN,-37
5,D3,C,LoRaWAN,-40
5,D3,C,LoRaWAN,-39
5,D3,C,LoRaWAN,-38
5,D3,C,LoRaWAN,-39
5,D3,C,LoRaWAN,-39
5,D3,C,LoRaWAN,-38
5,D3,C,LoRaWAN,-38
5,D3,C,LoRaWAN,-38
5,D3,C,LoRaWAN,-39
5,D3,C,LoRaWAN,-38
5,D3,C,LoRaWAN,-39
5,D3,C,LoRaWAN,-39
5,D3,C,LoRaWAN,-39
5,D3,C,LoRaWAN,-39
5,D3,C,LoRaWAN,-38
5,D3,C,LoRaWAN,-38
5,D3,C,LoRaWAN,-38
5,D3,C,LoRaWAN,-39
5,D3,C,LoRaWAN,-39
5,D3,C,LoRaWAN,-37
5,D3,C,LoRaWAN,-38
5,D3,C,WiFi,-57
5,D3,C,WiFi,-55
5,D3,C,WiFi,-56
5,D3,C,WiFi,-55
5,D3,C,WiFi,-53
5,D3,C,WiFi,-56
5,D3,C,WiFi,-54
5,D3,C,WiFi,-54
5,D3,C,WiFi,-55
5,D3,C,WiFi,-52
5,D3,C,WiFi,-54
5,D3,C,WiFi,-54
5,D3,C,WiFi,-56
5,D3,C,WiFi,-55
5,D3,C,WiFi,-53
5,D3,C,WiFi,-56
5,D3,C,WiFi,-54
5,D3,C,WiFi,-53
5,D3,C,WiFi,-54
5,D3,C,WiFi,-57
5,D3,C,WiFi,-53
5,D3,C,WiFi,-53
5,D3,C,WiFi,-55
5,D3,C,WiFi,-54
5,D3,C,WiFi,-53
5,D3,C,WiFi,-52
5,D3,C,WiFi,-53
5,D3,C,WiFi,-52
5,D3,C,WiFi,-55
5,D3,C,WiFi,-52
5,D3,C,WiFi,-53
5,D3,C,WiFi,-54
5,D3,C,WiFi,-54
5,D3,C,WiFi,-55
5,D3,C,WiFi,-54
5,D3,C,WiFi,-56
5,D3,C,WiFi,-56
5,D3,C,WiFi,-53
5,D3,C,WiFi,-53
5,D3,C,WiFi,-56
5,D3,C,WiFi,-52
5,D3,C,WiFi,-53
5,D3,C,WiFi,-54
5,D3,C,WiFi,-56
5,D3,C,WiFi,-53
5,D3,C,WiFi,-54
5,D3,C,WiFi,-53
5,D3,C,WiFi,-55
5,D3,C,WiFi,-55
5,D3,C,WiFi,-58
5,D3,C,WiFi,-55
5,D3,C,WiFi,-55
5,D3,C,WiFi,-54
5,D3,C,WiFi,-57
5,D3,C,WiFi,-57
5,D3,C,WiFi,-57
5,D3,C,WiFi,-55
5,D3,C,WiFi,-58
5,D3,C,WiFi,-55
5,D3,C,WiFi,-55
5,D3,C,WiFi,-53
5,D3,C,WiFi,-55
5,D3,C,WiFi,-56
5,D3,C,WiFi,-56
5,D3,C,WiFi,-54
5,D3,C,WiFi,-53
5,D3,C,WiFi,-54
5,D3,C,WiFi,-53
5,D3,C,WiFi,-53
5,D3,C,WiFi,-56
5,D3,C,WiFi,-56
5,D3,C,WiFi,-55
5,D3,C,WiFi,-54
5,D3,C,WiFi,-55
5,D3,C,WiFi,-55
5,D3,C,WiFi,-56
5,D3,C,WiFi,-56
5,D3,C,WiFi,-53
5,D3,C,WiFi,-56
5,D3,C,WiFi,-56
5,D3,C,WiFi,-54
5,D3,C,WiFi,-55
5,D3,C,WiFi,-55
5,D3,C,WiFi,-56
5,D3,C,WiFi,-53
5,D3,C,WiFi,-54
5,D3,C,WiFi,-53
5,D3,C,WiFi,-53
5,D3,C,WiFi,-55
5,D3,C,WiFi,-56
5,D3,C,WiFi,-55
5,D3,C,WiFi,-54
5,D3,C,WiFi,-55
5,D3,C,WiFi,-56
5,D3,C,WiFi,-55
5,D3,C,WiFi,-54
5,D3,C,WiFi,-53
5,D3,C,WiFi,-54
5,D3,C,WiFi,-54
5,D3,C,WiFi,-56
5,D3,C,WiFi,-56
5,D3,C,WiFi,-56
5,D3,C,WiFi,-52
5,D3,C,WiFi,-55
5,D3,C,WiFi,-54
5,D3,C,WiFi,-56
5,D3,C,WiFi,-53
5,D3,C,Zigbee,-51
5,D3,C,Zigbee,-51
5,D3,C,Zigbee,-51
5,D3,C,Zigbee,-63
5,D3,C,Zigbee,-51
5,D3,C,Zigbee,-51
5,D3,C,Zigbee,-51
5,D3,C,Zigbee,-50
5,D3,C,Zigbee,-50
5,D3,C,Zigbee,-51
5,D3,C,Zigbee,-51
5,D3,C,Zigbee,-51
5,D3,C,Zigbee,-51
5,D3,C,Zigbee,-51
5,D3,C,Zigbee,-51
5,D3,C,Zigbee,-51
5,D3,C,Zigbee,-50
5,D3,C,Zigbee,-50
5,D3,C,Zigbee,-50
5,D3,C,Zigbee,-51
5,D3,C,Zigbee,-50
5,D3,C,Zigbee,-63
5,D3,C,Zigbee,-50
5,D3,C,Zigbee,-50
5,D3,C,Zigbee,-51
5,D3,C,Zigbee,-50
5,D3,C,Zigbee,-50
5,D3,C,Zigbee,-50
5,D3,C,Zigbee,-50
5,D3,C,Zigbee,-50
5,D3,C,Zigbee,-50
5,D3,C,Zigbee,-50
5,D3,C,Zigbee,-51
5,D3,C,Zigbee,-51
5,D3,C,Zigbee,-51
5,D3,C,Zigbee,-50
5,D3,C,Zigbee,-50
5,D3,C,Zigbee,-51
5,D3,C,Zigbee,-51
5,D3,C,Zigbee,-50
5,D3,C,Zigbee,-50
5,D3,C,Zigbee,-63
5,D3,C,Zigbee,-51
5,D3,C,Zigbee,-50
5,D3,C,Zigbee,-50
5,D3,C,Zigbee,-50
5,D3,C,Zigbee,-50
5,D3,C,Zigbee,-51
5,D3,C,Zigbee,-51
5,D3,C,Zigbee,-51
5,D3,C,Zigbee,-51
5,D3,C,Zigbee,-51
5,D3,C,Zigbee,-51
5,D3,C,Zigbee,-51
5,D3,C,Zigbee,-51
5,D3,C,Zigbee,-50
5,D3,C,Zigbee,-51
5,D3,C,Zigbee,-51
5,D3,C,Zigbee,-51
5,D3,C,Zigbee,-51
5,D3,C,Zigbee,-51
5,D3,C,Zigbee,-51
5,D3,C,Zigbee,-50
5,D3,C,Zigbee,-51
5,D3,C,Zigbee,-51
5,D3,C,Zigbee,-51
5,D3,C,Zigbee,-51
5,D3,C,Zigbee,-50
5,D3,C,Zigbee,-50
5,D3,C,Zigbee,-51
5,D3,C,Zigbee,-50
5,D3,C,Zigbee,-51
5,D3,C,Zigbee,-50
5,D3,C,Zigbee,-51
5,D3,C,Zigbee,-51
5,D3,C,Zigbee,-63
5,D3,C,Zigbee,-51
5,D3,C,Zigbee,-51
5,D3,C,Zigbee,-50
5,D3,C,Zigbee,-50
5,D3,C,Zigbee,-51
5,D3,C,Zigbee,-51
5,D3,C,Zigbee,-51
5,D3,C,Zigbee,-51
5,D3,C,Zigbee,-51
5,D3,C,Zigbee,-51
5,D3,C,Zigbee,-63
5,D3,C,Zigbee,-51
5,D3,C,Zigbee,-51
5,D3,C,Zigbee,-51
5,D3,C,Zigbee,-51
5,D3,C,Zigbee,-51
5,D3,C,Zigbee,-50
5,D3,C,Zigbee,-51
5,D3,C,Zigbee,-51
5,D3,C,Zigbee,-51
5,D3,C,Zigbee,-51
5,D3,C,Zigbee,-51
5,D3,C,Zigbee,-51
5,D3,C,Zigbee,-51
5,D3,C,Zigbee,-51
5,D3,C,Zigbee,-51
5,D3,C,Zigbee,-51
5,D3,C,Zigbee,-51
5,D3,C,Zigbee,-51
